video_id,comment,author,language,sport
G2Gtn-4OwF8,Where was Jamaica ?,@kjw7556,en,cycling
G2Gtn-4OwF8,Rai Benjamin is GOAT,@rambler123,id,cycling
G2Gtn-4OwF8,The elegance in running style from the Botswana 🇧🇼 team is incredible to watch ! They run with so much grace- what a gift they are to the world of athletics and to the Giant Continent 🔥🔥🥰,@zazapkauari1,en,cycling
G2Gtn-4OwF8,Who pushed France?,@amsfountain8792,en,cycling
G2Gtn-4OwF8,I didn’t know Botswana existed until the olympics. Hoping to visit in the coming years!,@iLochBolt,en,cycling
G2Gtn-4OwF8,USA is OK,@4622201,en,cycling
G2Gtn-4OwF8,Rai Benjamin vs School boy🔥👊🏿🔥👊🏿🤣,@Kwasi1790,sl,cycling
G2Gtn-4OwF8,INFO : Geographicaly  Botswana is bigger than Great Britain . Its not a small south african country.,@Yefro72,en,cycling
G2Gtn-4OwF8,Me parecio ver un empujon a un corredor frances que iba adelantando?,@Diego69-1,es,cycling
G2Gtn-4OwF8,Congrats Botswana.. You are the real winners,@yediclaw,en,cycling
eMJvGjsztJk,"I would have them 2 run again, after a day or two.",@JasTheKariol,en,cycling
eMJvGjsztJk,Se non vedo il Photo finish per quanto mi riguarda ha vinto Jacobs 😊,@MASUproject,it,cycling
eMJvGjsztJk,It was 6 I passed it,@olomilela,en,cycling
eMJvGjsztJk,"I can make the 100 m in 8.2 seconds in my Mercedes Benz B-class diesel while reaching 70 km/h. 
Those men are amazing.😊",@Mark_o_Helm,en,cycling
eMJvGjsztJk,gals,@gogleshmoogle,lv,cycling
eMJvGjsztJk,Stop the very disturbing outros,@thiagobueno9953,en,cycling
eMJvGjsztJk,My best time is 10.10😅,@zarkojozic5949,en,cycling
eMJvGjsztJk,"Ssh - don't say 'Bolt' or 9.58 secs.  The 6ft 5inch 1.95m Jamaican's Olympic and World records will likely never be beaten -  Wikipedia::   ""Bolt's personal best of 9.58 seconds in 2009 in the 100 metres is the fastest ever run.. Bolt also holds the second fastest time of 9.63 seconds, the current Olympic record"".  
So half a metre ahead of this American Olympic victor in Paris.
See Wiki / Bolt pages:
https://en.wikipedia.org/wiki/Usain_Bolt#cite_note-:1-17
Paul G",@paulgovan3507,en,cycling
eMJvGjsztJk,"Ridiculous - they don't show the photo-finish shot - and they made the athletes wait behind the blocks for 3 minutes before the gun/start... 
So America chosen as victors without proof and a media that lamely accepts it - no questions asked.  Sounds all too familiar in many areas far beyond sport...
Paul G",@paulgovan3507,en,cycling
eMJvGjsztJk,A weak race.. a wet flannel race.. a big error for these explosive boys...akin to 2x false starts in my opinion.,@Hertzultra,en,cycling
eMJvGjsztJk,What are you on about. Everyone ran sub 9.90. First time in history.,@SPZ909,en,cycling
eMJvGjsztJk,"@@SPZ909 Tair enough said in that light yea but that was really poor and would have been faster if they had got on with it.. You need nervous tension for an explosive short race you need adrenaline.  A wet flannel race for sure. 
Seen much better 100m than that.  I guess it is about how you see it and yea first time in history blaa blaa
Thinking if there is more analysis done on the recent performances of all those athletes will bring a clearer pic.  The 1st place athlete should not be the one storming ahead like that... check his recent performances he may even be doping.
And don't start squawking over that comment please.",@Hertzultra,en,cycling
283jLyvUhQE,"Wow that stage was cheap looking. And they saved a ton on the lighting as well, having it outside during the day. 😂😂😂",@Commentator541,en,cycling
283jLyvUhQE,not even like Lady Gaga but damn this is iconic. The best Olympics opening ever. magic,@colinafobe2152,en,cycling
283jLyvUhQE,Per me è stata favolosa,@daxleo1,it,cycling
283jLyvUhQE,FAKE wideo :/ no thx,@lenariuse,en,cycling
283jLyvUhQE,Disgusting,@emaspork4260,de,cycling
283jLyvUhQE,This should be in DDR,@juancarlosurisbaz8547,en,cycling
283jLyvUhQE,😂😂😂😂,@t.f.6332,unknown,cycling
283jLyvUhQE,Horrible,@ekortal,en,cycling
283jLyvUhQE,"Zizi jeanmaire le TOP ,,,,,,,,, LADY GAGA THE BEST ❤❤❤❤❤❤❤❤❤",@massimogiordano2778,sl,cycling
283jLyvUhQE,Great miming skills,@harrys1505,sv,cycling
aBrmCgCuwno,Stiedemann Turnpike,@NishaCarthens-e9t,de,cycling
aBrmCgCuwno,"Top acrobatică, zero artistica.",@mihaelabruma8006,ro,cycling
aBrmCgCuwno,"I don't like the direction gymnastics is going. It used to be artistic, elegant and  graceful. Now it's heavy, big muscles and no artistic element into it. 
Watch the Soviet or Romenian gymnasts from 70' and 80, e.g. Comaneci, Korbut or Mukhina. They were truly amazing.",@bobo4665,en,cycling
aBrmCgCuwno,Astonishing,@howard1beale,en,cycling
aBrmCgCuwno,Elmo Ways,@BlakeOlfers-m7k,so,cycling
aBrmCgCuwno,Her Athleticism is off the scale… but I wouldn’t say she’s the most graceful Gymnast,@conorgreen1294,en,cycling
aBrmCgCuwno,"Як гімнастка вона повний нуль.
Як акробатка може бути , але це не точно",@user-nr5ih6yb5p,uk,cycling
aBrmCgCuwno,Rebeca Andrade❤🎉congrats,@patrickmunhoz4937,ca,cycling
aBrmCgCuwno,"I'm no expert,  but I've seen her do more clean landings.",@elisaa9981,en,cycling
aBrmCgCuwno,❤😮😮😅,@MaryProsser-f9x,unknown,cycling
hgus8GuqNXE,Love it❤❤❤❤❤❤❤❤😅😊😊😊😊😊,@user-jr8lz6kp9t,unknown,cycling
hgus8GuqNXE,"Невже тепер за такі виступи з купою помилок дають медалі, та ще й золоті...
Куди цей спорт котиться?",@user-nr5ih6yb5p,uk,cycling
hgus8GuqNXE,The Incredible Hulk,@GrahamSmith-cr7ey,en,cycling
hgus8GuqNXE,Great athlete ❤❤❤,@madm8664,en,cycling
hgus8GuqNXE,Who 2. Gırl?,@Diorliaa,tr,cycling
hgus8GuqNXE,"Just wow, every single time her landings are atrocious!
I understand the difficulty but this is not a circus act.",@florinpopescu9394,en,cycling
hgus8GuqNXE,errors all around. how is she even considered on same tier as nadia or olga is beyond me. her floor routine is good though.,@sinanogan,en,cycling
hgus8GuqNXE,Ma x avere 10 non bisogna fermarsi senza spostare la gamba?,@angelstudium7027,it,cycling
hgus8GuqNXE,There is no way in hell that she doesn’t take steroids,@ingeniousmaultasche6602,en,cycling
hgus8GuqNXE,Everything but no grace.,@RaduVezure,en,cycling
QRd6Ne3mQQA,Bro's aura is next level,@Lokesh-bm1eu,en,
QRd6Ne3mQQA,"😮😮

.",@ShantanuVerma-t3i,unknown,
QRd6Ne3mQQA,🎉😅,@akhtarhabib9551,unknown,
QRd6Ne3mQQA,🎉,@akhtarhabib9551,unknown,
QRd6Ne3mQQA,Fucck8ng what a short,@sapnatripathi506,en,
QRd6Ne3mQQA,"Ну, на самом деле, стрелок он средний. Серебро турция взяла потому, что стрельба была парной. Дикеч был в команде с девушкой, которая и обеспечила взятие серебра.",@lumi3656,ru,
QRd6Ne3mQQA,The first 😂😂,@nirs-zf2zh,en,
QRd6Ne3mQQA,Yyyyyyyeeeeeeeeeeeeeeee,@MikdatOzgun,nl,
QRd6Ne3mQQA,I am Turkish and I am proud of Yusuf Dikeç,@user-ew5kw7pb7i,en,
eqpsvgrfW68,"13th place beat Olympic Record 🥶
This Decade is the Best thing that happened to Middle and long distance running EVER",@filipe_paixao,en,cycling
eqpsvgrfW68,I am still watching it and getting goosebumps. The best race of the olympics and one the best races ever!,@clipzy264,en,cycling
eqpsvgrfW68,Muhteşem ❤,@muratyumusakkaya888,ro,cycling
eqpsvgrfW68,Fitcher was the only white its impossible to win them they are born to run from the crocodiles and lions in the deep African Jungle.,@nsensei2112,en,cycling
eqpsvgrfW68,"..and despite the horribly humid, hot, asphyxiating conditions thirteen lucky-for-some athletes broke the Olympic record and ran as if they were breathing pure oxygen..",@paulgovan3507,en,cycling
eqpsvgrfW68,That was brutal. hats off to all of them. And to have the stamina to sprint the last 500m is nuts,@GoooObama08,en,cycling
eqpsvgrfW68,Well done mohammed ahmed my somali brother,@mustafaahmed4035,en,cycling
eqpsvgrfW68,What the hell was Aregawi's finishing kick! Overtook 5 guys within the last 9 seconds. Respect!!,@IAmOHMSS,en,cycling
eqpsvgrfW68,Love east African athletes. I hope they win always. ❤ From India,@6string86,en,cycling
eqpsvgrfW68,how is it possible that in 4 years a dozen of lads could have break the olympic record?,@lorenzocomensoliantonini1966,en,cycling
I8X_TkiarKw,20 years old!,@JasTheKariol,en,cycling
I8X_TkiarKw,Arop started attacking too late and lost the coveted Olympic gold.,@akimbohr,en,cycling
I8X_TkiarKw,Arop could beat the wr. He run over lane 2.,@sinistre1976,en,cycling
I8X_TkiarKw,Test the boy 😂,@jokuheppu3920,en,cycling
I8X_TkiarKw,"Algeria beating france, haha, how ironic",,en,cycling
I8X_TkiarKw,Wanyonyi from the beginning....and he pushed it till the end!Best race ever,@chenaigumbo7624,en,cycling
I8X_TkiarKw,"I couldnt watch all the events just catching up but i heard of the American hoppel. Never even heard if the kenyan or Algerian, but it sure was a great race. The NBC was more focused on The women's 800m and that gal from GB Hodgkinson.",@lingnguyen2623,en,cycling
I8X_TkiarKw,Hoppel with big H. Hoppel can still win bronze because Sedjati is under investigation. Possibly a doper.,@michael46,en,cycling
I8X_TkiarKw,"​@@michael46Ever Argelia, ever 800",@angelmoreno6577,nl,cycling
I8X_TkiarKw,"I really thought Sedjati would take it 😮

I think He should have started the overtake a bit sooner 💯",@rellrylio5567,en,cycling
I8X_TkiarKw,second breath jusr knocking at the door.,@alexsuper1566,en,cycling
I8X_TkiarKw,"it is ""wonderfull"" distance. you feel your legs so much. lactic acid.",@alexsuper1566,en,cycling
Pf1Ap5Cl0Mg,Would have been WR if the last us girl didnt step off the gas the last 5-10 m. so stupid..,@rn85bn2,en,cycling
Pf1Ap5Cl0Mg,ова Фемке тура па не вади,@aleksandarlombauer4102,mk,cycling
Pf1Ap5Cl0Mg,"dont think even if they had x4 Bols, it would have worked out this time.",@saiyanveg,en,cycling
Pf1Ap5Cl0Mg,"bol is the best , soon record will break by bol",@arnoschuiling,en,cycling
Pf1Ap5Cl0Mg,Becker of Ireland ... <3 but what happened to Jamaica?,@pandaplutten2573,en,cycling
Pf1Ap5Cl0Mg,Can somebody please tell me how the camera operator can move smoothly between each athlete without the footage jumping up and down? It looks like the visits to each runner was by foot.,@everettscott4745,en,cycling
Pf1Ap5Cl0Mg,Dutch took 1st ...,@mbdulka,en,cycling
Pf1Ap5Cl0Mg,Love you total. Never underdog❤  we normal?,@user-ok2gk9nx8o,en,cycling
Pf1Ap5Cl0Mg,"Bol, bever able to defeat Sydney!",@flaviopolli9402,en,cycling
Pf1Ap5Cl0Mg,The gap between USA and the rest of the rest of the competitors in this 4X400 race represent USA’s dominance and gap between the rest of the world this Paris Olympics,@tottifreeman,en,cycling
4hJyZLU2nIo,"Doping doping doping , this game is the biggest lie supported by all sportswear companies also by IAAF",@AlibRecovery,en,cycling
4hJyZLU2nIo,Incredible,@glenr4026,en,cycling
4hJyZLU2nIo,Ingebrigtsen burnt himself out too early.,@SnoopyDoofie,en,cycling
4hJyZLU2nIo,Just shows Ingebrigtsen is different class. He gave Hocker a gold medal and PB. He couldn't do that on his own.,@inthebox7752,en,cycling
4hJyZLU2nIo,Cheruiyot is and will always be the best,@LorisVillani,en,cycling
4hJyZLU2nIo,جاكوب لا يمتلك الحكمة.,@mouradelmzandi9635,ar,cycling
4hJyZLU2nIo,What a race  dont forget to look at  niels laros just a few months 19 years old,@barrygroot9833,en,cycling
4hJyZLU2nIo,What next? Lions chasing them around the track?,@ryand141,en,cycling
4hJyZLU2nIo,"Jacob made a massive tactical mistake, but not in a way many think.

The logic behind taking the early lead and setting the pace because his ending is not the strongest was solid. The mistake was that he kept it so steady. 

What he should have done is to change rhythms in the lead, accelerate and slow down every 50-100 meters. This would have caused the following group to bump into each other, lose their own rhythm and expend their energy. This way Jakob might have been able to hold them off in the end. Now he thought he could simply escape from everybody",@janneromppainen977,en,cycling
4hJyZLU2nIo,The commentators make it,@andys2856,en,cycling
z4p0Jw3U8zc,Watch all the #Paris2024 🤸 Artistic Gymnastics action ➡ https://go.olympics.com/watch,@Olympics,en,
z4p0Jw3U8zc,Weissnat Mills,@LloydYehudi-w6p,de,
z4p0Jw3U8zc,Delilah Ways,@AlfredAlbert-c2s,so,
z4p0Jw3U8zc,Araceli Throughway,@BenjaminHunter-p9u,en,
z4p0Jw3U8zc,Kautzer Gateway,@RobertCarry-h4c,de,
z4p0Jw3U8zc,Kautzer Route,@JuddBeatrice-c3e,de,
z4p0Jw3U8zc,21583 Alvis Landing,@GalbraithWilliam,en,
z4p0Jw3U8zc,When I was a kid I have always Was eager to explore the world around me and always winning in correctly,@TiB-up1pb,en,
z4p0Jw3U8zc,0:41 I SEE ARIANAAAAAA!!!!,@Edwardctk,en,
z4p0Jw3U8zc,"0:41 I think it's Ariana Grande, pls tell me if you know its her bcs I didn't watch all of the olympics bcs I'm in the Southern Hemisphere",@evelynlord6020,en,
R8ytlI2ohS4,Abd bayrak yarışından elendimi?,@neseide5507,tr,cycling
R8ytlI2ohS4,Canada proved that this is a team effort. Same team won silver in Tokyo and 3 of them won Bronze in Rio.,@dimitriskazantzidis7718,en,cycling
R8ytlI2ohS4,Where was Jamaika,@blakcjesus5056,en,cycling
R8ytlI2ohS4,Nobody can stop the A-Train!!!,@jotaframo,en,cycling
R8ytlI2ohS4,"‘The Americans are flying!’ No, they were terrible… again",@paulblonk5819,en,cycling
R8ytlI2ohS4,Great running really ! 😍,@rosh1045,en,cycling
R8ytlI2ohS4,"In case you didn't notice, Canada won the gold !! 😂",@enverahmet3371,en,cycling
R8ytlI2ohS4,"Hey Noah, did you know that there was a team here possessed by an owl spirit?🦉",@MAAF808,en,cycling
R8ytlI2ohS4,The hatred that Brit commentators have for South Africa has been clear since the   brilliant fifa 2010 World Cup. Its disgusting that South Africa was mentioned once in the race while they were obvious contenders,@happyclappy1805,en,cycling
R8ytlI2ohS4,All the European countries wheel out the Black people for sports events! Where would the athletics world be without people of African descent?!,@happyclappy1805,en,cycling
kzLl4hT9FAU,This man is phenomenal,@johnsullivan2652,en,cycling
kzLl4hT9FAU,Norwegians are so good at endurance sports in general .,@pipinggpipingg1487,en,cycling
kzLl4hT9FAU,Absolutely THE BEST 5000m runner. World record is waiting.,@jesusespanacobo5571,en,cycling
kzLl4hT9FAU,There are so many factors that determine who wins on the day. He was the best in the world on this occasion - unpredictability is a key part of sport's entertainment value.,@paulgovan3507,en,cycling
kzLl4hT9FAU,Grande jakob,@riccardolucchetti1087,hr,cycling
kzLl4hT9FAU,Hr is the hottest lesbian at the Olympics,@Nangoncrazy,en,cycling
kzLl4hT9FAU,Very disappointed by the African brothers. They should be winning these races easily,@s1jhussain6,en,cycling
kzLl4hT9FAU,"Well, they didn’t.",@Dutchgguy1,en,cycling
kzLl4hT9FAU,@@Dutchgguy1 obviously. That's why I said it 🥴,@s1jhussain6,en,cycling
kzLl4hT9FAU,Wow! 🏃🍾❤️,@MikeFloutier,pl,cycling
kzLl4hT9FAU,What’s the most impressive is Grant Fisher coming back from 8th on the last lap to claim bronze!,@fidgetmackenzie9419,en,cycling
kzLl4hT9FAU,"The way he bows to the prince of Norway there after the race is class ❤

Also Jacobs song being played all over the stadium after the race, him singing about doing the King proud 😂❤",@Kilgallon1981,en,cycling
49VKppL7La0,femke bol 👍,@effwee13,da,cycling
49VKppL7La0,"The runner going round the OUTSIDE has a disadvantage, because he or she will have to make more distance. Still Bol ran a 47.9 anchor split. The only thing that was cooked her where Bol´s competitors (the American runner Caylyn Brown is the current 2nd fastest 400m runner in the US!) because they had no defence against that lap by Bol.",@DexterGordon-dr8qd,en,cycling
49VKppL7La0,Viva femke,@mehdighorbani2918,no,cycling
49VKppL7La0,the race is cooked ....anyone on that inside lane is at a disadvantage,@damiancharles4187,en,cycling
49VKppL7La0,"Euhm... Please don´t talk BS. FACTS: the runner going round the OUTSIDE has a disadvantage, because he or she will have to make more distance. Still Bol ran a 47.9 anchor split. The only thing that was cooked her where Bol´s competitors (the American runner Caylyn Brown is the current 2nd fastest 400m runner in the US!) because they had no defence against that lap by Bol.",@DexterGordon-dr8qd,en,cycling
49VKppL7La0,Bol fascinating,@LeChuck1717,it,cycling
49VKppL7La0,"I love how the commentators are completely wary of what Bol is capable of well before her explosive finish because shes done the exact same thing before. Her stride and hip flex is rediculous, other runners fade and shes not even flat out till the last push. One of my favourite current athletes",@bailzzzzzz,en,cycling
49VKppL7La0,Bolt and Bol my favourite athletes,@user-dz4kw4ug2i,en,cycling
49VKppL7La0,Femke Bol! Sowas sieht man selten: dass eine Läuferin bei einer 4x400m-Staffel auf der letzten Geraden drei andere Läuferinnen so grandios überholt! Fantastisch! Femke ist ein absolutes Ausnahmetalent auf diesen (kurzen) Strecken!,@erdmannradke-sieb3684,de,cycling
49VKppL7La0,"Britain should have used Charlie Dobson and Matt Hudson-Smith, then they would have won it",@arjunbhaduri7525,en,cycling
49VKppL7La0,"The amazing Dutch team and Femke, the unbelievaBOL!  Huge respect!",@user-kk3ox2yz3y,en,cycling
whUx-5mbLl0,"This shouldn't be in the Olympics, and am a B-Boy saying that. It's been around for 40 years and all of a sudden they like gotta have breaking.",@terrytees,en,cycling
whUx-5mbLl0,"They were both amazing and are both, now Olympians 🥇 

Thanks to both of these girls for redeeming/reanimating breakdancing after what raghun done to it",@hayfalahraoui8361,en,cycling
whUx-5mbLl0,"Breakdance and maybe even all kind of damce belong to a special kind of world Olympics 

Lest construct the world best dancer competition",@hayfalahraoui8361,en,cycling
whUx-5mbLl0,Herman Parkways,@DanielThomas-o2q,en,cycling
whUx-5mbLl0,"Loved fluidity of Ami and attitude of nicka
Was Australia a contender to?",@otorishingen8600,en,cycling
whUx-5mbLl0,Ami is so legit,@LovelyGlory,it,cycling
whUx-5mbLl0,They were both so good!!!!,@_holmesie_,en,cycling
whUx-5mbLl0,Well done Ami,@e.d.zenterdazoneofpain-totalga,it,cycling
whUx-5mbLl0,I also not at all any expert but  liked Nicka s dance and style. It's so natural to her!,@simplica1,en,cycling
whUx-5mbLl0,"Raygun's kangaroo move, tho.",@Thresholds,tl,cycling
iFXXk8WYiC4,"superb - cool calm and collected is right, that was beautifully run.",@lv3685,en,cycling
iFXXk8WYiC4,"More to come. She can beat Jamila's record. She has more to offer.
Erase that drug cheat from the books.",@charliemagri1669,en,cycling
iFXXk8WYiC4,Alle olimpiadi di Parigi 2024 questa corsa é stata la più emozionante insieme alla staffetta 4 x 400 mista. Keely Hodgkinson e Femke Bol devono avere qualcosa di soprannaturale e miracoloso se riescono a lasciarsi alle spalle le forti atlete di etnia afroamericana che oramai oggi dominano tutte le distanze dell'atletica.,@enricoc.948,it,cycling
iFXXk8WYiC4,"Moraa really pressed down the back straight and the final bend, she wanted to get in front of Keely. Keely's kick was immense, beautiful run race.",@thomasmain5986,en,cycling
iFXXk8WYiC4,That commentary deserves a gold also,@Kouroupettos243,en,cycling
iFXXk8WYiC4,It's like watching a (young) Kylie Minouge run ... beautifully! I hope Keely will break the world record one day.,@pandaplutten2573,en,cycling
iFXXk8WYiC4,"Brilliant, British and Beautiful. Keely is a ray of sunshine in the darkness of modern Britain.",@robertmac9057,en,cycling
iFXXk8WYiC4,Focus on the race not racism...,@paulgovan3507,en,cycling
iFXXk8WYiC4,This is never gonna get old. That last 80 metres.,@davidbrock2871,en,cycling
iFXXk8WYiC4,Gold with 22. Wonder how that happened?,@l.lewbowski6871,en,cycling
iFXXk8WYiC4,My guess is talent and hard work. I'm guessing you're a cynical person though who has to put a blight on everything. Good job nobody cares what you (try to) think,@Darrenski,en,cycling
ky89WzzvRM8,"Don't feel sorry for the person who made a mistake, this is a competitive sport! Page delivered on main stage, she messed up",@russcreaser,en,cycling
ky89WzzvRM8,Wo ist der Bockbaer ?😂,@christinelowe155,de,cycling
ky89WzzvRM8,Be very proud Miss Page. Outstanding.,@jayr6666,en,cycling
ky89WzzvRM8,My creaky knees ache watching this sport. Amazing young women.,@cdawg_sf,en,cycling
ky89WzzvRM8,She couldn’t stand CCP pressure …,@amazeus1980,en,cycling
ky89WzzvRM8,"Trampoline & breakdancing in the Olympics..Next it will be clown contest.
Go figure!",@mikebranston8559,en,cycling
ky89WzzvRM8,"trampoline has been in the Olympics since 24 years, go cry in a corner or show us how you do what these athletes are doing",@kthy31,en,cycling
ky89WzzvRM8,How is a fat guy her coach? Doesn't he need to demonstrate when coaching?,@Replicant-by1eh,en,cycling
ky89WzzvRM8,That's a sport too.... Waiting for sliding down water slides to be announced next year,@Thepokedek,en,cycling
ky89WzzvRM8,Das ist voll der Krimi!,@strandgirl1000,de,cycling
ky89WzzvRM8,"I would say, but maybe I am to pick, but the music while chinese workout was tooo loud...",@moabeats8507,en,cycling
2JInjYyEU1w,What a screw-up by the Brits ! 🤣,@ckzf1842,en,cycling
2JInjYyEU1w,Simply too strong,@leaphorn34,en,cycling
2JInjYyEU1w,The announcer was too focused on Britain to see America's even worse flag changes.,@ahmetozcan1426,en,cycling
2JInjYyEU1w,"Wow, the fastest women in the world. So powerful.",@eszterkovacs6381,en,cycling
2JInjYyEU1w,Wow Germany the only white squad winning a medal 🥉amazing!,@selini52,en,cycling
2JInjYyEU1w,Amazing! Gina Lueckenkemper was the fastest in that 100m flying start,@selini52,en,cycling
2JInjYyEU1w,Why is there a man running for america? 😂😂😂,@user-eh5il9po4e,en,cycling
2JInjYyEU1w,"Where do you see a man, psycho?",@mik9007,en,cycling
2JInjYyEU1w,Sha'Carri Richardson's look to the right was one of the most repulsive moments of the Olympics. epic but disgusting,@tamasfehervari7147,en,cycling
2JInjYyEU1w,Germany was first at the last change!,@MrMichaelEsser,en,cycling
2JInjYyEU1w,Amy Hunt for team GB screwed up the gold. Terrible receiving the baton on her leg and terrible handing off. Single handedly cost the team 2 to 3 tenths.,@FutureStyles,en,cycling
Q_6Q8r3hGKM,"En fútbol, dónde hay argentinos, hay JALEO, MALOS MODOS, sobre todo si pierden los argentinos, son malos perdedores, y  . . . a veces hasta malos ganadores.",@jag5380,es,cycling
Q_6Q8r3hGKM,África - Argentina.,@jag5380,es,cycling
Q_6Q8r3hGKM,Argentinia always gave me racist vibes,@naru1954,en,cycling
Q_6Q8r3hGKM,Every country in this world hate Argentina 😂😂,@dyracoffee3402,en,cycling
Q_6Q8r3hGKM,"Argentina 4-3 france😀
France 1-0 argentina🥱🤫
France 4-3 Argentina 😎",@karzanmuhammad9735,es,cycling
Q_6Q8r3hGKM,"I'm Argentine and I don't like those insulting chants, please don't accuse us and hate us all for what A FEW did....",@danidouxx,en,cycling
Q_6Q8r3hGKM,"Superb job, France! Argentina need to be kicked out of every tournament asap, so they can display their incredible whining skills.",@PBandJJJJJ,en,cycling
Q_6Q8r3hGKM,No win for pepsi😹,@idk92939,en,cycling
Q_6Q8r3hGKM,Viva la Argentina siempre carajo,@user-dm4mf5zi7m,es,cycling
Q_6Q8r3hGKM,"Menuda merienda de ""africanos"".......¡¡¡¡¡ Francia dicen !!!!!😒",@carboumen7661,es,cycling
C5n0BCzzdF8,Leon Marchand Tokyo Olimpic Games -400im 4.11.16. Paris Olimpic Games - 2024 4.02.95..  Tokyo Olimpic Games 2020  200im 1.58.39    .Paris Olimpic Games 2024 1.54.06 .  3 eyars -4-7 sk ?farma....,@maximadamenko4867,en,cycling
C5n0BCzzdF8,It's so funny that i didn't realise until halth trough the video that the yellow line was the world record line and not just the line Marchand was swimming right now 🤣,@asmoastro8487,en,cycling
C5n0BCzzdF8,"desperately rien du tout, we have the champion we deserve",@Houtube-ii2hw,en,cycling
C5n0BCzzdF8,why did leon marchand avoid dope test if he is clean????????????????????,@user-qf1fz5xg9c,en,cycling
C5n0BCzzdF8,"He didn't avoid anything, he correctly communicated that he would move to another place, it was the doping control people who made the mistake of the place, once the problem was solved they did the test on him and he was clean, always the same suspects from people like you",@tonysutherlandh4651,en,cycling
C5n0BCzzdF8,Bro is built different Honestly,@user-ts5qo5lg7s,en,cycling
C5n0BCzzdF8,He is amazing ❤❤,@chaos8776,en,cycling
C5n0BCzzdF8,Jhryfyfye6f6fyer7f77ef 0:07 0:07 0:07 0:09 0:09 0:09 0:10 0:10 0:10 0:10 0:11 0:11 0:11 0:11 0:12 0:12 0:12 0:13 0:13 0:13 0:13 0:14 0:14 0:14 0:14 0:15 0:15 0:15 0:15 0:16 0:16 0:16 0:16 5e5r66r6r6r7f7ue7f7ue7f7e7f7e7f 0:21 0:22 0:22 0:22 0:22 0:23 0:23 0:23,@IreneJosefina,cy,cycling
C5n0BCzzdF8,5e5g67ef7d7f,@IreneJosefina,cy,cycling
C5n0BCzzdF8,Just WOW!,@miadebrecin1071,de,cycling
C5n0BCzzdF8,superbe !!!!,@user-ky3ot3cu2w,id,cycling
EHnNJKSE87Y,Олипедиаду не смотрел... Зашел глянуть мжЫка! Дяденька! Вы супер!,@artembasenko2762,ru,cycling
EHnNJKSE87Y,Im dumb why did a guy who both shots out shot him lose and how did turk go from over 20 to 18 but serb like 12 to 19?????,@boym8123,en,cycling
EHnNJKSE87Y,Ülkemize bu gururu yaşattığı için Yusuf Dikeç'e teşekkür ederiz 🇹🇷,@WithNuray,tr,cycling
EHnNJKSE87Y,Sampiyonlugu war altın ozaman gözlük takmıyordu sacları uyumlu olsun diye gümüs aldı,@hasancansagr8664,tr,cycling
EHnNJKSE87Y,"He didn't got the silver medal,the silver medal got him",@amiralia3669,en,cycling
EHnNJKSE87Y,Prohaska Vista,@SteinbeckWanda-s2s,et,cycling
EHnNJKSE87Y,🇹🇷,@iamozlemcoach,unknown,cycling
EHnNJKSE87Y,"For those wondering, No Gear Hitman got the highest score (151), but he got silver because his teammate got worst score (145). The Serbians got 149-149 and they won gold",@mugairkaya5024,en,cycling
EHnNJKSE87Y,Yussuf looks like he just dropped his kids off at kindergarten,@inframatic,da,cycling
EHnNJKSE87Y,🇹🇷,@a.c.u3837,unknown,cycling
sUgqH1IXQQw,Paris and Tokyo?,@roguehades2348,en,
sUgqH1IXQQw,IS THAT SUPREME LEADER BRITANY BROSKI,@xxhaiydvexx5951,en,
sUgqH1IXQQw,London vettu vettu,@user-th7kr3lt6b,fi,
sUgqH1IXQQw,Scootering woud be cool in the olympics,@Foxy_54321,en,
sUgqH1IXQQw,The malasian olympics gonna be fire 🔥,@latapandey7505,en,
sUgqH1IXQQw,Bring back penguin sledding.,@not_the_useless_cake856,id,
sUgqH1IXQQw,Tokyo,@gamingcody27,lt,
sUgqH1IXQQw,"Gold is incredibly soft, so if it was gold it WOULD leave the bite marks.  This is the same reason why old prospectors would bite the gold they found.  Fools gold would not leave bite marks and real good would.",@BackYardScience2000,en,
sUgqH1IXQQw,In ancient Greece they were not getting medals but a stick from an olive tree,@emispil,en,
sUgqH1IXQQw,"Los Angeles Olympics, 2028",@AKASHSINGH-tz7hw,en,
LwrtLfCTDYQ,Only back?,@piotrfret562,en,cycling
LwrtLfCTDYQ,Such an ugly show from Lyles after the race.,@Ardit-kq4bt,en,cycling
LwrtLfCTDYQ,"Thrilling was the 100m, for Thompson who got nervous and did slow down...",@Cercasuinternet,en,cycling
LwrtLfCTDYQ,"I just can't  believe  kenny bednarek  beat  Noah lyles twice at the olympic games , while not having a faster PR in the 200 metres what the hell🤣🤣🤣",@aaronmbaye6498,en,cycling
LwrtLfCTDYQ,..winner looks about 5 inches shorter than 6ft 5inch Usain Bolt - so stride-length difference will be even greater - yet he almost matched Bolt's 200m world record - as the commentator points out..,@paulgovan3507,en,cycling
LwrtLfCTDYQ,...black men are powerful on the track 😍😍 KINGS! Congratulations TEBOGO!,@IAmOfwona,en,cycling
LwrtLfCTDYQ,There were not enough performance enhancing drugs in the planet to make the usa team beat a third world country lol,@hugonavakopp,en,cycling
LwrtLfCTDYQ,Te poco prima della arrivo un po' rallentato perché stava guardando se no Poteva battere il record,@abdelkadernassih5598,it,cycling
LwrtLfCTDYQ,Congratulations from Ethiopia to Tebogo!!!!,@user-px7vw5su6b,en,cycling
LwrtLfCTDYQ,I love that HUG between Tebogo and the athlete from Zimbabwe ❤❤❤❤,@user-px7vw5su6b,en,cycling
dj59pD2M1wA,Correction: She's the 2nd fastest American after Flo Jo and 4th fastest ever. ✅️,@starspotlight411,en,
dj59pD2M1wA,"Oh, because the Jamaicans were coming for you! 
#Justsaying",@prestonmatthews725,en,
dj59pD2M1wA,@@prestonmatthews725 Jamaicans don't play about their sprinters😂,@starspotlight411,en,
dj59pD2M1wA,The Jamaicans love Gabby though 🇯🇲🇯🇲🇯🇲,@jamackee,en,
dj59pD2M1wA,"@@starspotlight411 fam. This Olympic was a write off for the nation. It did not happen okay. 
Let’s move on. 
Next!",@prestonmatthews725,en,
dj59pD2M1wA,​@@jamackee Her father is Jamaican,@NP-zs5ui,en,
dj59pD2M1wA,"2nd fastest?? How about 4th fastest.
Flo Jo 21.34, Sherika Jackson 21.41, Elaine Thompson Hera 21.53
Gabby 21.61.",@MichaelBeckford-xf6bj,en,
dj59pD2M1wA,A decorated human being😮,@CyanBlack117,en,
dj59pD2M1wA,A perfect life! What a blessing!,@jonestacara,en,
dj59pD2M1wA,American woman,@butterflykiss1982,en,
dj59pD2M1wA,Good for her. She is winning in life,@TheDumontShow,en,
dj59pD2M1wA,Jungle Fever is crazy,@lack8810,en,
dj59pD2M1wA,She debut her boyfrnd? 😂,@davidmonima7215,en,
dj59pD2M1wA,please never include Florence Griffith~its so irritating ‼️😱,@pisalpakya6132,en,
dj59pD2M1wA,Florence Griffith Joiner set that record because she was a doper. She used performance enhancing drugs.,@peterjohnson9291,en,
ugf3gAdxWjE,Watch all the #Paris2024 🏃 Athletics action ➡ https://go.olympics.com/watch,@Olympics,en,athletics
ugf3gAdxWjE,No commentary 😢,@kofidan9128,en,athletics
ugf3gAdxWjE,Why not available on YouTube (also)?,@menashesone6562,en,athletics
ugf3gAdxWjE,well tried my country Zimbabwe,@tatendatahwa,en,athletics
ugf3gAdxWjE,congratulations am happy watching this,@yunicks0590,en,athletics
ugf3gAdxWjE,"Спорт, это то лучшее, что придумало человечество 😊😊😊",@user-jx1uk5zt4i,ru,athletics
ugf3gAdxWjE,He heard them chant USA and said hold my candle 😂,@Bluejeans883,en,athletics
ugf3gAdxWjE,Wow he's actually pulling away from them at the end!,@donmclachlan2164,en,athletics
ugf3gAdxWjE,Lovely run Tebogo! Africa is surely proud of you!,@hamiltonwilliamdossantos9305,en,athletics
ugf3gAdxWjE,"“We almost lost to some Africans”, welp 😂😂",@momokenyi,en,athletics
ugf3gAdxWjE,Tebogo Botswana 🇧🇼 ♥️,@FutureNgwenya-ot8xx,sw,athletics
ugf3gAdxWjE,What happened to the USA chants😂😂😂😂😂😂😂,@MateWill,en,athletics
ugf3gAdxWjE,Tebogo has the exact same running style as Usain Bolt.,@darthmaul408,en,athletics
ugf3gAdxWjE,Don't lie❤,@jhadebredenkamp97,fr,athletics
ugf3gAdxWjE,The next world record breaker ❤,@jgt7428,en,athletics
ugf3gAdxWjE,Which distance?🥴🤡,@jhadebredenkamp97,en,athletics
ugf3gAdxWjE,HahahahaUSA USA USA and they still lost 😂😂😂😂,@nigerccie1,en,athletics
VjHDUtckCEU,"Win gold medal 🥇 is iconic  because the country is proud of you.  Money the prize your win is 100million pesos like now.  Free unlimited food 
Free ride  free airplane ✈️ 
Free house   and tax free",@ronaldsantos4455,en,
VjHDUtckCEU,"Of course the lvmh, the gncoide enabler. Forty thousand human lives are just playground for them",@senadzri,en,
VjHDUtckCEU,"Medals used to be solid gold, my grandad won an all ireland, won a medal, then while on holiday and strolling through fields around 50 years later he lost it and couldnt find it again, they made it agin but it couldnt be sokid gold anymore cause it was too expensive so its just gopd plated. 😂",@user-mj3ed7pb1w,en,
VjHDUtckCEU,ooo i love eyeren,@DinoPell,no,
VjHDUtckCEU,I knew it was the hexagon because.. I'm french.,@piercedsiren,en,
VjHDUtckCEU,You see this? This is Irene😂😂😂😂,@3671568,en,
VjHDUtckCEU,i-ron??? What!,@Rose-dr6uo,en,
VjHDUtckCEU,"I got bothered by how she pronounced ""iron"" no offense",@KensEntropy,en,
VjHDUtckCEU,I love how you said pretty and then showed the Italian swimer,@king-fz7gv,en,
VjHDUtckCEU,I personally think an OG piece of the Eiffel Tower is way cooler,@reidcacaro2919,en,
Moly4d75IQI,"An Olympic gold medalist, a Harvard graduate, and exceptionally beautiful wow! It’s as if God decided to shower all his blessings on Gabby Thomas in one go!",@oskarjakobsson6538,en,cycling
Moly4d75IQI,great run,@michaelholmes78,ro,cycling
Moly4d75IQI,Flo jo!,@AdjunktenFlygare,sl,cycling
Moly4d75IQI,The olympic's beauty peagant 😍,@litalianabostan3811,en,cycling
Moly4d75IQI,Gaby Thomas i love u❤,@Xhonib,en,cycling
Moly4d75IQI,"Абсолютно измислени олимпийски игри, нагласени само за САЩ и Домакините ...
ТО бива, бива обаче това е пълна измишльотина...
😂😂😂😂😂
Който не е от САЩ или ФРАНЦИЯ , ГУБИ....
ЖАЛКО ЗА ДРУГИТЕ СТРАНИ, КОЙТО МИСЛЯТ ЧЕ ВСИЧКО Е ЧЕСТНО...
🎉🎉🎉🎉🎉🎉🎉... Лично мнение... 
🙏🥰👍🍀❤️😇🇧🇬
БОГ Е ВЕЛИК И Е ВСИЧКО И ДА ПАЗИ БЪЛГАРИЯ....",@user-cd5cx6xe9h,bg,cycling
Moly4d75IQI,"Long, Thomas and Alfred are gorgeous",@katabaobao8656,en,cycling
Moly4d75IQI,I love the sportswomanship between Gabby and Julien. How sweet to support each other. Proud of all the ladies.,@karzymimi42,en,cycling
Moly4d75IQI,No hay nada más que negros en los juegos Olímpicos que barbaridad 😢😢,@juanfranciscocespedesferna2371,es,cycling
Moly4d75IQI,i would date any girl here. they are just beautiful. all of them,@RA-lh9uh,en,cycling
WxvKKPfgfUA,Richardson 👎👎👎👎👎👎👎👎👎👎😂😂😂😂😂😂😂😂😂😂,@user-eb1bs2tm2o,en,cycling
WxvKKPfgfUA,Wow she deserve it! 🎉,@onestage8571,en,cycling
WxvKKPfgfUA,Wow what a fantastic run from Alfred well deserved gold!,@pinklemonade6597,en,cycling
WxvKKPfgfUA,The world record of Florence Griffith Joyner still stands.😊,@Mark_o_Helm,en,cycling
WxvKKPfgfUA,Why are they all black though? And btw…they all look like men🤔,@nicothomas3484,en,cycling
WxvKKPfgfUA,Sha'Carri Steroidson must be disappointed,@barygol,en,cycling
WxvKKPfgfUA,Arogantná Richardson dostala poriadnu príučku od Julien Alfred 💯👏👍.,@adrianadrian2391,sk,cycling
WxvKKPfgfUA,Julien V8 Alfred ❤,@MrChedimeu,de,cycling
WxvKKPfgfUA,A gdzie reszta świata?,@ilonamaria3592,pl,cycling
WxvKKPfgfUA,We love Saint Lucia country,@murattaner584,en,cycling
OAWErlPfV64,Haydaroc looks like Bredly Cooper😊,@RGJ757,en,cycling
OAWErlPfV64,"İn this year,Hedo is the best in all category's.",@aivengo5549,en,cycling
OAWErlPfV64,"Hidayat Heydarov, age 27, losing hair like a typical PED abuser. I guess nobody will contest the Russo steroid programme any more. Judo is dead like weightlifting. Well done anti doping.",@JK-mv8nf,en,cycling
OAWErlPfV64,Great Heydarov showed them how its done. Spazzy french judo was so lame.,@dimitrisk.875,en,cycling
OAWErlPfV64,Fəxr.Fəxr.Fəxr,@n.s1053,de,cycling
OAWErlPfV64,HİDAYƏT FƏXRİMİZDİR,@n.s1053,de,cycling
OAWErlPfV64,🇦🇿🇦🇿🇦🇿🇦🇿🇦🇿🇦🇿🇦🇿❤GÖZƏL BAYRAĞIM.,@n.s1053,ca,cycling
OAWErlPfV64,Möhtəşəm qələbə! Təbriklər Hidayət! 🇦🇿🥋👏🏻🇦🇿,@lmanzizli8155,tr,cycling
OAWErlPfV64,"I'm so so happy for Heydarov, as it's a true champion, but I'm also extremely impress by Gaba performance. He really made Heydarov sweat for that gold medal!",@startjamming,en,cycling
OAWErlPfV64,Azerbaijan 🥇🥇🥇🏆🇦🇿🇦🇿🇦🇿🇦🇿🇦🇿🇦🇿🇦🇿🇦🇿🇦🇿🇦🇿🇦🇿🇦🇿🇦🇿🇦🇿🇦🇿,@GulchinMammadova-k8o,unknown,cycling
ztIxJ-_qoEs,China was the best! 😭😭😭,@VNn2023,en,cycling
ztIxJ-_qoEs,Aya yaiiii quiero esas nachas,@dianaortega3190,es,cycling
ztIxJ-_qoEs,❤perfect,@dianaortega3190,ca,cycling
ztIxJ-_qoEs,I love it exit of japon,@dianaortega3190,en,cycling
ztIxJ-_qoEs,Can we see the full replay of men all around final and the individual finals anywhere ?,@MsMaloe,en,cycling
ztIxJ-_qoEs,It's all uploaded now on the olympic website,@monde9570,en,cycling
ztIxJ-_qoEs,Kovtun💪💪💪,@sokolo8,fi,cycling
ztIxJ-_qoEs,"could someone explain these things they have ""in their hands"". to me they look extremly hindering in getting grip on the bar ( obviously thats not true ^^). thanks in advance (:",@homerp.hendelbergenheinzel6649,en,cycling
ztIxJ-_qoEs,Quite the contrary. The grips are meant to secure the gymnast while they’re on the bar. It also prevents calluses and tears from all the friction that the bare hands would be subjected to without them,@firetruckenthusiast8596,en,cycling
ztIxJ-_qoEs,@@firetruckenthusiast8596 so it's just like a layer to protect the hands?,@homerp.hendelbergenheinzel6649,en,cycling
ztIxJ-_qoEs,"Las olimpiadas son el evento deportivo mas impresionante del planeta, esto no es torneo de participación, ni regalar medallas por conflictos bélicos, esto es preparación absoluta, impresionante.",@frankcuentasfernandez2365,es,cycling
ztIxJ-_qoEs,China  got Robbed,@Kingdavidl10,en,cycling
ztIxJ-_qoEs,китайчиков жалко :(,@user-ih9ir7ph1r,bg,cycling
IKROpYkwmiU,Probably the Olympic with most falls and crashes in athletics?,@JordiGambinSerrano,en,cycling
IKROpYkwmiU,Un inglés y un francés que podía salir mal 😂,@PiPibex,es,cycling
IKROpYkwmiU,"Mills: Well x3, if it isn't the consequences of my own actions...",@itspaintosee,en,cycling
IKROpYkwmiU,Is this time on 5000 m at the O.G.?what the f*** runners 💗 are they?😂,@joedrumer9029,en,cycling
IKROpYkwmiU,"Well a French and a British arguing over something, that's new",@Iloveburgers-zv6ce,en,cycling
IKROpYkwmiU,Worst Olympics ever! Paris is a disgrace! They even forced athletes to swim in a sewer and now half of them are sick!,@CRO_GROF,en,cycling
IKROpYkwmiU,sind die alle dämlich können nicht geradeaus laufen 😂,@simkagoll958,de,cycling
IKROpYkwmiU,Otro que no se entera,@jesusramongayubarsimon9426,pt,cycling
IKROpYkwmiU,"That was a douchy move that affected 4 people’s outcome to the worse, and after all that hard work they’re f-ed.",@pappamea4750,en,cycling
IKROpYkwmiU,"I think those two trouble makers (GB and FR) should be disqualified and the rest should be given another chance. This was a mess, very unfair for other competitors.",@SamS-l7m,en,cycling
2t4rfSzhFAs,Watch all the #Paris2024 🏃 Athletics action ➡ https://go.olympics.com/watch,@Olympics,en,athletics
2t4rfSzhFAs,Jacobson Run,@SidneyMorris-g7k,es,athletics
2t4rfSzhFAs,Congrats Gabby Thomas,@harmeetsingh399,en,athletics
2t4rfSzhFAs,Murphy Cliff,@JaniceFrost-v1m,en,athletics
2t4rfSzhFAs,Percival Mills,@LucilleBecnel-h6u,ca,athletics
2t4rfSzhFAs,USA the best..USA..USA..USA... Fm MALAYSIA..,@boyjan75,en,athletics
2t4rfSzhFAs,Nick Fords,@BrentonHector-x3l,en,athletics
2t4rfSzhFAs,Thomas is superb and self motivated enough.,@user-weird,en,athletics
2t4rfSzhFAs,congratulations Gabby!!!!!!!,@thisisgodkazzz,en,athletics
2t4rfSzhFAs,Gabby my favourite,@shamkhose8910,en,athletics
IAOYxYmQf5U,The best volley team ever!,@gianmariopoggi7781,en,volleyball
IAOYxYmQf5U,Non esageriamo con i complimenti per queste ragazze! In fin dei conti sono state solamente.....DE-VA-STAN-TI !!!❤❤❤❤❤❤❤❤❤,@francesco7566,it,volleyball
IAOYxYmQf5U,"Olympics no but it's Paris Olympics, congratulations team Italy. Silence deepens the noise if you get it what I mean. 😊",@readmyyoutubedescription,en,volleyball
IAOYxYmQf5U,Solo tre parole: GENNI DE GENNARO,@diegobrun595,it,volleyball
IAOYxYmQf5U,Italians do it better 🇮🇹❤️🔥,@gabrielemangialavori8732,en,volleyball
IAOYxYmQf5U,Forza Italy!,@PadauschiyMeteorit,en,volleyball
IAOYxYmQf5U,Empox Europeans! Don't come to Asia!🎉,@user-mv9yq9mp5r,en,volleyball
IAOYxYmQf5U,Why italy?,@MrStallonewoody,en,volleyball
IAOYxYmQf5U,"Danesi always changes the vibe of the game when she blocks like this, absolutely phenomenal.",@abubleble3,en,volleyball
IAOYxYmQf5U,Italia the best,@thitoanugrah1717,en,volleyball
7aQ_ZtIZIjg,Watch all the #Paris2024 🏃 Athletics action ➡ https://go.olympics.com/watch,@Olympics,en,athletics
7aQ_ZtIZIjg,Have faith in faith kipyegon 🎉and to the commentator Rob walker,@hamedyzadamz201,en,athletics
7aQ_ZtIZIjg,"Brilliant win, brilliant race, brilliant medalists",@MCB-se5pj,en,athletics
7aQ_ZtIZIjg,"Fabulous, Fabulous, Fabulous, Faith Kipyegon!!!🎊🎊🎊. Excellence Exemplified.  🎊🎊 🎊🎊🎊🎊",@michaelalando,en,athletics
7aQ_ZtIZIjg,Kenya should organize a celebration to honour Faith Kipyegon and invite the world to pay her tribute.She deserves it !,@davidmwangi8329,en,athletics
7aQ_ZtIZIjg,Kenya should appoint Faith Kipyegon Global Athletics Abassador,@davidmwangi8329,en,athletics
7aQ_ZtIZIjg,Faith is on another level 🎉🎉..Congrats,@collinceotieno1981,en,athletics
7aQ_ZtIZIjg,Janessa Prairie,@FrankPrince-e2s,id,athletics
7aQ_ZtIZIjg,I can't get tired of watching Faith kipyegon❤what a phenomenal woman!️ She is simply a queen 👑,@ruthevergreen4383,en,athletics
7aQ_ZtIZIjg,This woman is the GOAT!🇿🇦❤️🇰🇪,@rockyr2991,en,athletics
D6Wod_9o6GU,Watch all the #Paris2024 Breaking action ➡ https://go.olympics.com/watch,@Olympics,en,
D6Wod_9o6GU,Is this even a sport? lolzzz 😂😂😂😂😂😂😂😂,@k.vamshikrishna6838,en,
D6Wod_9o6GU,@@k.vamshikrishna6838 Another frustrated Indian.,@NoRenderMoody,en,
D6Wod_9o6GU,"I hope story telling and speech should be part of erouop games, oops Olympic game's.",@jai-prakash276,en,
D6Wod_9o6GU,Olympics is loosing their credibility if they are baised toward erouop and western countries.. if olympic remains like this then dont worry Olympic alternate coming from aisa just wait,@jai-prakash276,en,
D6Wod_9o6GU,@@jai-prakash276 Another Chapri,@NoRenderMoody,en,
D6Wod_9o6GU,Nice ❤,@kzmOP,ro,
D6Wod_9o6GU,That’s crazy a Korean or Japanese didn’t win..if only bboying was made a discipline in the early 2000 cuz that’s when the Koreans ruled the bboy world,@XXSittinsidewaysxX,en,
D6Wod_9o6GU,This stuff gets me chills I never seen such an intense battle,@angelnoel5464,en,
D6Wod_9o6GU,NOW THIS IS FKIGGGG BREAK DANCINGGG 🔥🔥🔥🔥,@DoseOfMaurice,de,
D6Wod_9o6GU,Shawna Trafficway,@LucasRyan-l1u,cy,
D6Wod_9o6GU,"i feel sorry for Dany, but he should'nt feel sorry for himself because he was THE FIRST OLYMPIC silver medal. Great performance, sportmanship and appreciation of the art of breakdancing.",@user-jw2ko7hw5q,en,
D6Wod_9o6GU,"Wow, and chess is not an Olympic event. Imagine that.",@thearjuninfo,en,
D6Wod_9o6GU,Hiro10 was robbed; should have been the gold medalist. Not even close.,@x-x101,en,
D6Wod_9o6GU,So you mean to tell me the Australian teacher didn’t win?,@nivishmeearoomoogum3811,en,
1m7IifTXa88,Watch all the #Paris2024 🏃 Athletics action ➡ https://go.olympics.com/watch,@Olympics,en,athletics
1m7IifTXa88,About 2 minutes for a kilometer,@piusecweru8423,en,athletics
1m7IifTXa88,@@piusecweru8423 Thanks for your info.,@sitotawdangiso9995,en,athletics
1m7IifTXa88,Very positive in day to day life after watching the fit guys❤❤,@fansofdhubri8499,en,athletics
1m7IifTXa88,Aregawi's kick was nuts!,@winstonliang9189,en,athletics
1m7IifTXa88,Lee Margaret Walker Scott Young Helen,@CommonsAnsel-s9z,no,athletics
1m7IifTXa88,"Where is the f...g whole race, same for the woman 10 000?",@Chris-zk4fz,en,athletics
1m7IifTXa88,Can't believe you have more than 10 runners beating the previous Olympic record. Just nuts. The bar is raised even higher,@victormugambi6083,en,athletics
1m7IifTXa88,indeed  we ugandans got talent💯💯💯💯💯💯💯💯💯💯,@emmajoeman-b3h,af,athletics
1m7IifTXa88,Respect for the Goat 🐐 of middle distance running sending love from the 🇺🇸,@Oviegoat8,en,athletics
1m7IifTXa88,Why you  didn't post for us full race?,@henrynabimanya2941,en,athletics
1m7IifTXa88,Congratulations to Uganda... Greetings from Brazil,@ton350,en,athletics
1m7IifTXa88,Congrats to the Ethiopian. What a finish,@dr_naph,en,athletics
pbQ1P81BSwY,Bc Hong Kong people never have their focus on sports but rather in finance and stuff and it’s that tiny portion of people who choose that minority life bringing glory to such a small place can really unite the city.,@happybuggy1582,en,
pbQ1P81BSwY,"They make a lot more than you think, plus Jobs an positions in the goverment.",@hidetsu7249,en,
pbQ1P81BSwY,"In New Zealand, I believe the government pays nothing.",@tforaodg,en,
pbQ1P81BSwY,"in China, some gold winner can show in many advertisements, which can make them become billionaire😂",@smithjerry470,en,
pbQ1P81BSwY,That must be the reason why Eileen Gu decided to represent China instead of USA.,@woozskee,en,
pbQ1P81BSwY,You should see Carlos Yulo’s rewards for winning gold for the Philippines. Kuya is set for life,@kiritosintern,en,
pbQ1P81BSwY,I’ll just pawn the gold medal😂,@tomcarpocalypse5326,en,
pbQ1P81BSwY,37k cause they dont consider gold as a big reward they be disrespecting other countries so bad😠,@user-ix5hb1lq5o,en,
pbQ1P81BSwY,HONG KONG OFFERS THAT MUCH I WANT TO BE AN OLYMPIC ATHLETE NOW,@WhosThatAsianOverThere,en,
pbQ1P81BSwY,America should be ashamed to pay our gold winners so low. That amount sounds like what you would pay bronze winners. This must change!!!,@queenfedorathemagnificent,en,
-FNPlg4HFMk,Bless you girl,@clydebeasley4589,tr,
-FNPlg4HFMk,That's great 👍😃💖 She made it.,@LoisStCyr,en,
-FNPlg4HFMk,Awesome 👍👍,@user-gz8wq3qs6f,af,
-FNPlg4HFMk,God bless your body to be a gymnist so you are. Congratulations ❤,@WendyWise-zd9dj,en,
-FNPlg4HFMk,"Manifestation, Favor, Talent and Good Old Fashioned Hard Work!! You Go Girl!!🙌🏾💪🏾👏🏾",@MsDee409,en,
-FNPlg4HFMk,WOW that's awesome,@VertisnWisemanJr,en,
-FNPlg4HFMk,God bless her.,@tinapatton5966,en,
-FNPlg4HFMk,You somehow Steve will try and take credit for her being in the 2024 Olympics...🤔🤔😂😂😂,@TexEdwards,en,
-FNPlg4HFMk,So beautiful ❤,@jacquelinerobinson6656,ro,
-FNPlg4HFMk,God bless her!!,@tazrider1,en,
8xVqqPTBi4o,Why the heads up for lyle. He smoke himself that much that he the best.  lost to the best and left the Olympics claiming he had covid. Weak excuse of lyle,@TekapereNewton-lj7tn,en,track and field
8xVqqPTBi4o,Wow Noah Lyles is the fastest person in the Paris country man he’s fast,@Mscookie-dh9gx,en,track and field
8xVqqPTBi4o,Photo😅😂😂,@ashokreddy6000,vi,track and field
8xVqqPTBi4o,Omanyala🇰🇪🇰🇪🇰🇪,@datacoded,tl,track and field
8xVqqPTBi4o,Prime Blake would've wrapped that up fr that start was nuts.,@m1r__,en,track and field
8xVqqPTBi4o,Give him his diamond 💎,@dikembeafrika8918,en,track and field
8xVqqPTBi4o,Blake power ❤,@nikolaancic3709,af,track and field
8xVqqPTBi4o,Jamaica has fallen 💔,@BloxPiece-yd1uj,es,track and field
8xVqqPTBi4o,"Oh man, i hate to see blake struggling like that, he used to race with no issues, hes not what he was used to be. Wish that unjured never happened 😢",@sebas_duque9711,en,track and field
8xVqqPTBi4o,That was a very bad start and still!!,@tenzinsherap725,en,track and field
DDbQS034S28,Espléndida cocina. Espléndida demostración de agilidad. Felicitaciones,@mariamuntades8310,es,
DDbQS034S28,👏👍🤣,@christinesicard4711,unknown,
DDbQS034S28,🥱🙄,@mnemosine7498,unknown,
DDbQS034S28,I've been working out since I was 12...and dudes shun fit and go for fat...super frustrating,@emilyhess7816,en,
DDbQS034S28,On peut toujour revee,@YasmineDz-pk7ix,fr,
DDbQS034S28,Maravillosa,@catalinafernandez2357,es,
DDbQS034S28,"Sincèrement vous y arrivez à merveille,  bravooo...",@laviebienrempliedefatimaet4541,fr,
DDbQS034S28,I love this!,@selenareid8838,en,
DDbQS034S28,Ценю чувство юмора!,@user-ur8zs3wm8b,uk,
DDbQS034S28,She has a good shape.,@user-fu7oo2bd5n,en,
iE8Yh8ovG2E,the male commentator is either clueless or a hater,@akdnasliufkasbvdkuad,en,cycling
iE8Yh8ovG2E,I like this kid,@user-et3yj1rb3z,et,cycling
iE8Yh8ovG2E,His japanese coach was there in Paris?,@desireeayala9577,en,cycling
iE8Yh8ovG2E,Congratulations nkakatuwa  Kang panoorin huhuhu,@guenuvevabisaya,tl,cycling
iE8Yh8ovG2E,Ein Ryo Ishuzuki Kanawanga Ruckizuki,@frankengelmann7184,sw,cycling
iE8Yh8ovG2E,"Congrats to Carlos and the Philippines. All Philippinos I met in my life were honest, hard working and cheerful men and women. Cheers to you all from Hungary!",@gyozop,en,cycling
iE8Yh8ovG2E,"Congratulations CARLOS YULO.. all decades of hardship,hard work,dedication payed off.  The future of Philippines gymnastics is coming so bright after winning YULO fever in Philippines at its highest and every children watching at you wanted to be you ….thank  you Eurosport… for uploading it .",@mindaluzsaipuddin5657,en,cycling
iE8Yh8ovG2E,🇵🇭Congrats! 🇵🇭Carlos Yulo🎉🎉🎉 from Cyprus,@nellysadventurechannel,en,cycling
iE8Yh8ovG2E,Cngrats carlos❤,@annalissasubrino9447,ca,cycling
iE8Yh8ovG2E,❤,@christianfortunaable,unknown,cycling
iVc61V4xhlw,Here after the paralympics closing ceremony 😢 what incredible games. I'll have to go back to my daily life back here in paris.,@eannamcnamara9338,en,
iVc61V4xhlw,Judo is gay,@NovajaPravda,so,
iVc61V4xhlw,"Hope we get a DVD release of the Paris 2024 Olympics, was disappointed when we didn't get one for Tokyo 2020!",@reddungeoneer2187,en,
iVc61V4xhlw,0:35 did they insult duplantis?,@JacobPoblete-ko5dc,en,
iVc61V4xhlw,This ad is genuinely so beautiful. I could watch an entire movie and/or show in this art style!! ❤❤❤,@breebiebreeb,en,
iVc61V4xhlw,"Welp San Francisco, I guess you aren't the true f4g capital of the world, Congrats",@arandomperson4718,en,
iVc61V4xhlw,Love it :-),@vibra1562,en,
iVc61V4xhlw,"Anyone know if there's just the pure animation and song version of this somewhere without the voiceover, like what they show prior to highlights on BBC iplayer?",@musicianhayd,en,
iVc61V4xhlw,J adore ❤❤❤,@ct1064,pt,
iVc61V4xhlw,"every time I rewatch it, I notice new details. stunning video!!! not to mention that, having been there and remembering the athletes and the crowd, it makes me cry!!!",@cristinamorarescu7187,en,
LAc-qtOsN8A,"Second swimmer from China had so bad start. He just stopped underwater after jump. Bad jump, not right start. His legs flew out.",@user-cg3qd7po4n,en,cycling
LAc-qtOsN8A,"Weiß jemand, ob Dressel bei den Yakuza ist oder nicht?",@pierceparker,de,cycling
LAc-qtOsN8A,Amerika Birlaşik İtleri,@fatlh1560,tr,cycling
LAc-qtOsN8A,The commentary is dreadful,@37abc,en,cycling
LAc-qtOsN8A,I'm here for the italian team not for the american bumpkins,@elsaschlegel174,en,cycling
LAc-qtOsN8A,The 🇺🇸 Asthma Group of the United States -- great!,@ndongalakitoko6216,en,cycling
LAc-qtOsN8A,The 🇺🇸 Asthma Group of the United States -- great!,@ndongalakitoko6216,en,cycling
LAc-qtOsN8A,The 🇺🇸 Asthma Group of the United States -- great!,@ndongalakitoko6216,en,cycling
LAc-qtOsN8A,Webshaman01 is a troll,@faunatique5110,en,cycling
LAc-qtOsN8A,Болею за 🇩🇪,@nonohhgfd,uk,cycling
BZLBWJBoFno,"China oro, y EEUU plata entrenadas por españolas, España bronce entrenadas por una japonesa.
España tiene una escuela de muchos quilates y siempre ha estado arriba, las federaciones siempre jodiendola",@joncorx2927,es,cycling
BZLBWJBoFno,Muy bonito!,@1956priscilla,tl,cycling
BZLBWJBoFno,Amazing stuff.,@gumdeo,en,cycling
BZLBWJBoFno,Wow que bonito❤,@makeuparenaspaula1034,en,cycling
BZLBWJBoFno,Bravo!!!!! 👏👏👏👏👏👏👏👏👏👏,@LorenzaGomezIsabel,sk,cycling
BZLBWJBoFno,Se merecieron la medalla de oro 🥇 ellas.,@carmenlopezsanchez1053,es,cycling
BZLBWJBoFno,"Maravilloso chicas, gracias por vuestro esfuerzo para estos minutos de alegría y entusiasmo. Sois las mejores!!!",@emiliaaguado5756,es,cycling
BZLBWJBoFno,"No sé por qué pero me da que la realización de la televisión de los juegos nos tiene algo de manía, no hay ninguna imagen bajo agua del ejercicio",@quicosanchez,es,cycling
BZLBWJBoFno,Why no black women?,@amsfountain8792,en,cycling
BZLBWJBoFno,"Because it's Spain, not Nigeria.",@anahuertashernandez1117,en,cycling
BZLBWJBoFno,full of mistakes,@sinnyawesome7037,en,cycling
BZLBWJBoFno,"Mistakes you, stupid",@maricarmenmorenocaja8835,fi,cycling
pcbYxRej0N8,Please give me a like I never had one 😢,@renukanilmini5461,en,
pcbYxRej0N8,A woman getting over 100lbs is kind of insane,@gj4312,af,
pcbYxRej0N8,Get some climbers on here!!,@haileywright04,en,
pcbYxRej0N8,"*”if you cant fly, run.”*
*”if you cant run, walk”*
*”if you cant walk, crawl!”*
*”but by all means…”*




*keep moving.*",@P1NKPALM_PUFF,en,
pcbYxRej0N8,I do Teakwondo,@hailie5198,pt,
pcbYxRej0N8,yesss taekwondo!! I love doing my taekwondo class maybe I’ll make it this far one day! dream big! ❤,@emma1214d,en,
pcbYxRej0N8,U need to try it with a climber,@AJ-xf3mw,en,
pcbYxRej0N8,You should have gotten a rock climber to do it,@TetraBui,en,
pcbYxRej0N8,Why is taekwondo my sport so strong💀,@user-gj6fk9kp4y,en,
pcbYxRej0N8,Mine is like 90 pounds,@Handrispro,af,
z_OOOkVJK7o,"Stupid comentary over the song...
And they are to loud overall.
But deleting good videos without shittalk thx eurosport",@enricoincognito8595,en,cycling
z_OOOkVJK7o,Can the commentors just stfu,@alidarivera5836,en,cycling
z_OOOkVJK7o,Most hated comentator ever. Who is he?,@Unknowner291,en,cycling
z_OOOkVJK7o,the only good thing about the olympics ceremony was gojira,@optikjoe985,en,cycling
z_OOOkVJK7o,"If you want to watch the performance WITHOUT commentary, watch Polish transmission.",@PhucDat37,en,cycling
z_OOOkVJK7o,The way the speak over the whole song except the opera singer part💀,@gorvardanyan8686,en,cycling
z_OOOkVJK7o,"I wonder if those two, particularly the sneering lady, are quite now so confident about their ""commentary"" over this performance.
A career low for Her Sneering Snortiness, I'd imagine.",@arthurballs7083,en,cycling
z_OOOkVJK7o,genesis,@AtlasYukselR,de,cycling
z_OOOkVJK7o,Gojira is more than just rock band.,@RodrigoAlves-wy9yi,en,cycling
z_OOOkVJK7o,Hi. Next time let's not have these clowns speaking over a musical performance. Thanks,@StannyObelisk,en,cycling
tBiZnmnT9T8,It looks like a premium bottle of wine and the lower part looks like the reflection of the bottle on the water,@debishvebishwish4839,en,
tBiZnmnT9T8,Sydney 2000 is beautiful 🤩,@yasiryas240,en,
tBiZnmnT9T8,the torch of seoul is the most beautiful of all,@eloisafalcao,en,
tBiZnmnT9T8,The 2000 one was way futuristic during its time,@Nooobie71,en,
tBiZnmnT9T8,Not sure I like this 🔦 with fattened centre like a lymph 😅,@davidaghanumuo1265,en,
tBiZnmnT9T8,What did they do to the torch😭🤌,@ItadoriYuji777,en,
tBiZnmnT9T8,They had the chance to make the torch in the likeness of the Eiffel Tower but they decided not to. Missed opportunity.,@RixMorales,en,
tBiZnmnT9T8,Paris one looks like the thing clown use to juggle since the whole thing was a circus,@corvussy4102,en,
tBiZnmnT9T8,Sydney : Unik ❤,@fixie88,pl,
tBiZnmnT9T8,Worst torch ever,@simonhunt9152,en,
L8FqQrgx9Zc,"Este tipo de cosas lo elevan a la categoría de legendarios...y no hay nada que decir... los veteranos LJ, KD y SC lo han demostrado claramente...",@tei6894,es,cycling
L8FqQrgx9Zc,Oh no 😂,@justnadaaa8434,pt,cycling
L8FqQrgx9Zc,4  3s in less than 3 minutes ! WoW! Amazing Steph Curry 🇺🇸,@chrismelaworld1543,en,cycling
L8FqQrgx9Zc,Curry is the 5th best PG of all time without a doubt,@theeverydayillusion7790,en,cycling
L8FqQrgx9Zc,Best pg of all time,@teacup2686,en,cycling
L8FqQrgx9Zc,As a Serb i must admit...simply incredible!!!,@Filipusus1,en,cycling
L8FqQrgx9Zc,Why does Curry wear shirt number 4 when he should be wearing 3's.,@khoavo5758,en,cycling
L8FqQrgx9Zc,Steph Curry is inevitable 🔥🧨🔥🧨,@brianBVB,en,cycling
L8FqQrgx9Zc,Chef Curry,@stephanestephy825,cy,cycling
L8FqQrgx9Zc,Can someone tell me the play by play commentators name I heard him I’m European football,@user-sw7cr1mu5t,en,cycling
L8FqQrgx9Zc,one reaction......... HE DELIVERED,@knuffel3225,en,cycling
q0WX5Wis3kI,"Very Nice, elegance Just Roumania elegance.",@petronelanastase209,en,cycling
q0WX5Wis3kI,Ana este o gimnasta completa.Bravo Ana !,@monicavaleriabudusan1985,pt,cycling
q0WX5Wis3kI,"Bravo, Ana! Madame Voinea nici macar nu a dat mana cu ea...",@martadavid3453,ro,cycling
q0WX5Wis3kI,Ai fost fenomenala !,@user-os2yt8jp5n,ca,cycling
q0WX5Wis3kI,"daca citesti mesajul asta, bravo Ana pentru tot ce ai facut pana acum. Sa stapanesti medalia de bronz sanatoasa si la mai multe.",@CristianoNext,ro,cycling
q0WX5Wis3kI,Such dedication and sacrifice. Respect young lady!,@FightingSet,en,cycling
q0WX5Wis3kI,❤❤❤❤❤🇷🇴🇷🇴🇷🇴🇷🇴🇷🇴🙏,@teodoracenan179,unknown,cycling
q0WX5Wis3kI,"Felicitări, Ana!!! Well done!! 👏",@IreneQKD,ro,cycling
q0WX5Wis3kI,Wonderful,@injifinji,de,cycling
q0WX5Wis3kI,The best! ✅❤️❤️❤️❤️✅✅✅👍,@ralucamadalina4092,en,cycling
lJGvNSEmIhM,A greater achievement than some of the pampered prima donna athletes...my moment of the games!,@BeasleyStreet,en,cycling
lJGvNSEmIhM,"Pakistan 
zindabad",@ZakariyaIqbal-cq1qx,id,cycling
lJGvNSEmIhM,Colossal throw!,@1bz2002,en,cycling
lJGvNSEmIhM,Maşallah 😎🧿❤,@mustafagoktekin2846,tr,cycling
lJGvNSEmIhM,"He made that look so easy too, unbelievable! Congratulations from Finland!",@kalssi5599,en,cycling
lJGvNSEmIhM,maşalah my brader.,@mehmetcengiz2378,tr,cycling
lJGvNSEmIhM,Congratulations from Serbia,@FreelancerGoranCirkovic,en,cycling
lJGvNSEmIhM,Is it really that easy to throw an Olympic Javelin record? ;) Beautiful!,@DreamteamCarlo,en,cycling
lJGvNSEmIhM,Hes got at least another 10-20 more metres throw in him if he really practices!,@ASTCro,en,cycling
lJGvNSEmIhM,Well done Pakistan! If the shoe was the other way I’m sure we’ll have a lot of Indians here trolling. Seen it occur long enough. Pakistanis are kind and courteous 👏🏻 and glad they dont plunge to their level. The Indian opponent showed poor sportsmanship.,@IncognitoTrap,en,cycling
lJGvNSEmIhM,A greater achievement than some of the pampered prima donna athletes...my moment of the games!,@BeasleyStreet,en,cycling
lJGvNSEmIhM,"Pakistan 
zindabad",@ZakariyaIqbal-cq1qx,tr,cycling
lJGvNSEmIhM,Colossal throw!,@1bz2002,en,cycling
lJGvNSEmIhM,Maşallah 😎🧿❤,@mustafagoktekin2846,tr,cycling
lJGvNSEmIhM,"He made that look so easy too, unbelievable! Congratulations from Finland!",@kalssi5599,en,cycling
lJGvNSEmIhM,maşalah my brader.,@mehmetcengiz2378,tr,cycling
lJGvNSEmIhM,Congratulations from Serbia,@FreelancerGoranCirkovic,en,cycling
lJGvNSEmIhM,Is it really that easy to throw an Olympic Javelin record? ;) Beautiful!,@DreamteamCarlo,en,cycling
lJGvNSEmIhM,Hes got at least another 10-20 more metres throw in him if he really practices!,@ASTCro,en,cycling
lJGvNSEmIhM,Well done Pakistan! If the shoe was the other way I’m sure we’ll have a lot of Indians here trolling. Seen it occur long enough. Pakistanis are kind and courteous 👏🏻 and glad they dont plunge to their level. The Indian opponent showed poor sportsmanship.,@IncognitoTrap,en,cycling
Bt1BSh6pf4A,Ha salido fatal😱,@fuensantacegarra7049,es,cycling
Bt1BSh6pf4A,"The landing wasn't too smooth, though.",@Emma-pl9gt,en,cycling
Bt1BSh6pf4A,Thevlanding wasnt too smooth though.,@Emma-pl9gt,en,cycling
Bt1BSh6pf4A,Sie ist erstaunlich!🥇🥇🥇,@user-or4lh6px8e,de,cycling
Bt1BSh6pf4A,"Ah, well, finally no russian athletes, and usa has a chance😂",@stinahristova5005,en,cycling
Bt1BSh6pf4A,She's the G. O. A. T... a superwoman.,@AntoniaCrivillesRojo,en,cycling
Bt1BSh6pf4A,SIMONE BILES = THE GREATEST GOAT,@jonathantrauner3742,de,cycling
Bt1BSh6pf4A,🐐,@YassineSoumah,unknown,cycling
Bt1BSh6pf4A,Amazing 💚🇮🇪🍀🍀💚,@angelwings44472,tl,cycling
Bt1BSh6pf4A,The most doped athlet from united slaves of ...,@rlupara,en,cycling
jRAuM_vHgew,È stata la gara delle olimpiadi che più mi ha fatto esultare e battere il cuore. Grande grande grande Nadia,@user-hl1tt2cm2n,it,cycling
jRAuM_vHgew,E Sinner si dopa che schifo,@MegaAndrea0000,it,cycling
jRAuM_vHgew,"Se non l’avessero ostacolata appositamente un paio di volte avrebbe vinto per distacco!
Sei comunque più forte Nadia. Grazie per queste emozioni ❤",@Marcus-uk9ye,it,cycling
jRAuM_vHgew,"Continuo a guardare questi fantastici 10000, Nadia, la nostra Nadia, mi fa impazzire di gioia, e ogni volta la vedo battere la chebet. Incredibile, fantastica.",@giovannifranzoni1244,it,cycling
jRAuM_vHgew,Commento soporifero come sempre,@LucaMontanaro-xo5zb,it,cycling
jRAuM_vHgew,"Perché continuate a dire americana invece di statunitense? Una canadese, una brasiliana o una cubana, per esempio, non sarebbero anche americane? Allora dovreste dire per coerenza anche europea e non italiana per Battocletti e africana e non kenyana per Chebet.",@maurovenier8754,it,cycling
jRAuM_vHgew,Can't stop watching this clip.,@lukang80,en,cycling
jRAuM_vHgew,Dire Fantastica è poco,@user-rl3cl6yx9g,it,cycling
jRAuM_vHgew,"Se la gara fosse durata anche solo mezzo giro in più sarebbe stato oro.
Grandissima Nadia, anche se forse ci ha creduto troppo tardi.",@maurovenier8754,it,cycling
jRAuM_vHgew,Per me la migliore gara delle atleti Italiani ❤,@giusepperinella,it,cycling
SsB3HzoIsKw,0:39 STONER OF JAMAICA LOL,@zigismundus,de,cycling
SsB3HzoIsKw,"*JESUS ​​was crushed on a cross* so that your sin and your filth could be erased; *to save you from the eternal hell* that awaits you, *if you don’t repent.* Get to know your Savior and let Him cleanse and transform your life before it’s too late. There is nothing He can’t do. The One who rose from the dead is God Almighty. Seek Him! *Read the Bible.* 
God loves you.
*THE END IS NEAR.*",@elsamusoy,en,cycling
SsB3HzoIsKw,Go away Jesus was gay,@kmcd3020,so,cycling
SsB3HzoIsKw,@@kmcd3020 You are much more likely to be the gay one. You can go. I will continue preaching. satan and all his puppets (like you) won't stop me.,@elsamusoy,en,cycling
SsB3HzoIsKw,Most likely you are the gay one. I will continue preaching even if the devil and his puppets don't like it. Go away.,@elsamusoy,en,cycling
SsB3HzoIsKw,@@kmcd3020 You are bitter. You need to repent.,@elsamusoy,en,cycling
SsB3HzoIsKw,"@@elsamusoy I don't need to do anything, maybe you need to stop proselytising and keep your beliefs to yourself",@kmcd3020,en,cycling
SsB3HzoIsKw,Ma cosa ha combinato Quincy Hall?!?!?😍😍,@marcobalducci4143,it,cycling
SsB3HzoIsKw,"Sono costretto a guardare questi Highlights perché se perdi una diretta con la Rai, Rai play ti lascia a piedi. I loro highlights fanno rivedere solo la propaganda italiana fregandosene di tutto il resto.",@giuseppe6595,it,cycling
SsB3HzoIsKw,Jawohl Deutschland im Beachvolleyball 😊👍🇩🇪,@user-sz4th4sm5l,de,cycling
SsB3HzoIsKw,Congrats Australia! ❤🎉,@angelatanurdzic7508,en,cycling
SsB3HzoIsKw,👏🇦🇺🇯🇲🇺🇸🇲🇦,@pezzandre1973,unknown,cycling
SsB3HzoIsKw,NICE PACE FOR MOROCCO!!,@teodorsuditu6800,en,cycling
SsB3HzoIsKw,Yoooo,@szalaydaniel8631,so,cycling
SsB3HzoIsKw,erster,@wollf3879,da,cycling
asL4qxHVS-k,Coś pięknego jak ta dziewczyna :),@rafalp8623,pl,cycling
asL4qxHVS-k,So inappropriate,@Spriggan83,it,cycling
asL4qxHVS-k,"lmao, why?",@Zealotux,sw,cycling
asL4qxHVS-k,"I listened to this great song sooo much, and was pleasantly surprised when Phoenix turned up at the Paris Olympics closing ceremony",@AlexPeter-ee4gb,en,cycling
asL4qxHVS-k,Angèle got mad swagger,@Oldaker,af,cycling
asL4qxHVS-k,I am literally Ryan Gosling,@rickerto,en,cycling
asL4qxHVS-k,I think I’m in love that Belgian girl Angele by name angel by nature,@joshuafrancis4136,en,cycling
asL4qxHVS-k,Real,@Noah-ze9tj,ro,cycling
asL4qxHVS-k,"She is a 10 out of 10 here. Hair, face, body, outfit and voice. So sexy.",@MMA_Fan89,en,cycling
asL4qxHVS-k,Oh my missed this because it was an awefull Olympic game… but this is legendary!,@oguzhan9424,en,cycling
asL4qxHVS-k,What a beauty,@GerhardWarlich,en,cycling
JTfm5PcpI2c,"She’s such a bad sport, sulking and not saluting the judges, then blaming the spectators for her fall. She’s so arrogant.",@Victoria-iu5sb,en,cycling
JTfm5PcpI2c,"0:56 ....e' qui che si gode UAHUAHUAHUA 
LO SGOMENTO DELLE LECCHINE COMMENTATRICI ITALIANE MANCO GLI FOSSE MORTA MAMMA",@MrJoebuck74,pt,cycling
JTfm5PcpI2c,https://www.youtube.com/@ARIMSV,@ARIMSV,tl,cycling
JTfm5PcpI2c,I thought monkeys were good at climbing. Turns out they can't even do that right...,@radubradu,en,cycling
JTfm5PcpI2c,Came here for the fall......,@Leafs1,en,cycling
JTfm5PcpI2c,Not the best !! 👏,@phil1539,en,cycling
JTfm5PcpI2c,I'm sorry for her but sport and competition are cruel it's always sad to see someone make a mistake but it happens and the italian deserved to win.,@littlemouse7066,en,cycling
JTfm5PcpI2c,She always fails. 😂,@katarzynaoczeretna8355,en,cycling
JTfm5PcpI2c,"She is the goat, but I never really like her beam routines, I think Suni is more graceful as well as powerful",@user-oc9uw4tk3v,en,cycling
JTfm5PcpI2c,"What was up with the attitude after she finished her routine? Did not properly salute, arguing with her coach although not shown in this video... she looked like a spoiled brat and I couldn't see that ""great sportsmanship"" that everyone is raving about.",@madalina-cristianad9664,en,cycling
Pk8f8RIXq9Y,Drug addicted trash opening sport event,@sisiluv199,en,cycling
Pk8f8RIXq9Y,Love him ❤,@krazyratcats6176,sq,cycling
Pk8f8RIXq9Y,Mi sta troppo simpatico,@AlbertoGagna,it,cycling
Pk8f8RIXq9Y,Its not a sport tho,@LVennum,en,cycling
Pk8f8RIXq9Y,SNOOP LION,@Heisenberg2K,de,cycling
Pk8f8RIXq9Y,This is probably worse than the dancing itself,@irishlegend4676,en,cycling
Pk8f8RIXq9Y,Let me suspect if he is not really really appropriate to open an olimpic contest...😂😂😂,@user-fr5wo7so1w,en,cycling
Pk8f8RIXq9Y,From soft porn videos to opening events at the Olympics. Damn.,@AC_Milan1899,en,cycling
Pk8f8RIXq9Y,He will be torching Olympic flame in LA. :),@vojkanjovanovic7940,en,cycling
Pk8f8RIXq9Y,Mr Wiggles should have been there with him :),@unameit0000,en,cycling
j-Ou-ggS718,"Due to the fact that the biblical Apocalypse is coming and the organisers of the Satanic Olympics have arranged an anti-Christian show at the opening and closing, it will be more correct for us to change our worldview to a Christian repentant one.There is no need to test the patience of the Lord God who gives time for repentance before releasing all the horsemen of the Apocalypse.The Horseman of War is already here.
Satanists directly indicate who is their real enemy and against whom they are fighting.And it is not Islam, Buddhism or other, but the Lord God Jesus Christ.",@legenda8090-y2o,en,athletics
j-Ou-ggS718,This felt like it was made during covid,@Connorb2008,en,athletics
j-Ou-ggS718,"Аз, Дух, Душа, Разум  в теле Женчины, находясь в здравом уме, и светлой памяти, требую остановить геноцид человечества. Своей свободной волей оставляю без акцепта всё  увиденное на сатанинской олимпиаде в Париже 2024. Неакцептирую все оферты, показаны и озвучены на олимпиаде 2024. 
На то моя свободная воля, данная мне Всевышним, Отцом небесным.",@nataliajavita9102,ru,athletics
j-Ou-ggS718,03:57:00  ✨️❤️‍🔥✨️,@PiaZzolla-tf1to,unknown,athletics
j-Ou-ggS718,🌟💖,@PiaZzolla-tf1to,unknown,athletics
j-Ou-ggS718,2:14:55 Czech republic,@romatero7369,pl,athletics
j-Ou-ggS718,Im confused… hwy is an unfunny comedian in blue ?😂,@salvijussean,en,athletics
j-Ou-ggS718,"Just came to check the dislikes and of course I'm here for the comments mostly!((🤣))

This wokelympics was the totally disgusting blasphemy!! THE WORST OF ALL!!!!!!!
GET WOKE, GET BROKE!!!!!!!!!!! I'LL NEVER STOP HATING IT!!!!!!",@LEV-1138,en,athletics
j-Ou-ggS718,PRONOUNS,@Connorb2008,tl,athletics
j-Ou-ggS718,This is disgusting bro,@Niransuo,en,athletics
j-Ou-ggS718,"This new Africa, mocked by the French country, has already slipped a bit, since it has no colonies, it cannot make a living from the gays.",@diesel-zi9um,en,athletics
j-Ou-ggS718,21:46,@WhosGeorge2959,unknown,athletics
iQGvm7ZBf5Y,"What are you internet clowns talking about drugs, all these brilliant athletes are rigourously tested.",@user-yo8bg2ce3z,en,cycling
iQGvm7ZBf5Y,"400 meters is absolutely brutal huge props to all the runners who made it to the finals, what an incredible run from Quincy! Love from Britain🇬🇧",@pinklemonade6597,en,cycling
iQGvm7ZBf5Y,"*JESUS ​​was crushed on a cross* so that your sin and your filth could be erased; *to save you from the eternal hell* that awaits you, *if you don’t repent.* Get to know your Savior and let Him cleanse and transform your life before it’s too late. There is nothing He can’t do. The One who rose from the dead is God Almighty. Seek Him! *Read the Bible.* 
God loves you.
*THE END IS NEAR.*",@elsamusoy,en,cycling
iQGvm7ZBf5Y,What a race one athlete steals gold on the line and another athlete steals bronze on the line wow,@MrJemse5,en,cycling
iQGvm7ZBf5Y,400 is the most hard and painful race.,@REDVARG,en,cycling
iQGvm7ZBf5Y,Hello Eurosport. How about a efing REPLAY IN SLOW MOTION ???!!!!!!!!!!!!!!!!!!!!!!!!!!!!!!!!!!!!!!!!!,@ardeleanion4435,en,cycling
iQGvm7ZBf5Y,"What the hell happened to Norman, big up to the American last 100m went from 5 to first 👏🏻",@ethanjfit,en,cycling
iQGvm7ZBf5Y,Usa team full of steroids,@carlgill1386,en,cycling
iQGvm7ZBf5Y,Loved this race for everything!! Hall was incredible! Hudson Smith amazing too and i think he has the best running style ive seen in ages,@boldbeam4534,en,cycling
iQGvm7ZBf5Y,Quincy Halls perseverance and will to win is outstanding. well done,@waynecirtola3244,en,cycling
ambORstoXM4,Love Fan Zhendong ❤ so composed,@lttml6039,en,cycling
ambORstoXM4,congrats man!!,@SicMundus24,ca,cycling
ambORstoXM4,"I  mean playing TT against China is like playing court tenis alone against Federer, Djokovic & Nadal at the same time and Alacaraz  supporting  FDN :D",@furkatkochkarov546,en,cycling
ambORstoXM4,"Well deserved win in the end. Thanks, Truls for bringing a smile to the game with that snake.",@glenngastonjonsson7954,en,cycling
ambORstoXM4,"If Truls would have thrown his paddle like he did against Lim Jong-Hoon during World Cup 2021, he would have easily won….",@agaen8481,en,cycling
ambORstoXM4,Finally table tennis without annoying music 🎉,@lello5100,en,cycling
ambORstoXM4,FZD машина,@kvant1976,mk,cycling
ambORstoXM4,Gratulacje Fan - 4 lata temu byłeś faworytem ale tu w Paryżu grałeś  coraz lepiej  i zrobiłeś to Brawo👏💪👊👍🏓,@krzysztofszajberski7949,pl,cycling
ambORstoXM4,"2:48 they sure love showing this part huh, someone see this would think he's winning but bro is down 3: 1 and 7 pts behind on the final set",@h.h1623,en,cycling
ambORstoXM4,El comentarista no tiene ni idea de ping pong y se nota. Y ya me parece malo cuando comenta tenis.,@bertrandd.5611,es,cycling
YI8RNKl8hCk,WELL DONE G B !!! STAND UP  FOR THE CHAMPION !!!,@teodorsuditu6800,de,cycling
YI8RNKl8hCk,Great,@sabinewiesbauer6716,en,cycling
YI8RNKl8hCk,💚☘🥉💚🤍❤👍💘🥰😇😘,@RenzoColameoIrlanda,unknown,cycling
ggwGSzzrAT4,"❤ Iam glad that Celine is back, I hope",@paveljankasek2681,en,cycling
ggwGSzzrAT4,Geweldig ❤,@rickvandenbroek8705,af,cycling
ggwGSzzrAT4,porque hablan tanto,@Leo-og8df,es,cycling
ggwGSzzrAT4,Je t' aime Celine❤❤❤❤,@MichaelMeissner-vn5jg,fr,cycling
ggwGSzzrAT4,Brilhanteee Celine 💗💗💗💗🌹🌟🌟🌟🌟🌟obrigado Senhor!!!,@galalves872,pt,cycling
ggwGSzzrAT4,❤❤❤❤❤,@matheusjuniordossantos9771,unknown,cycling
ggwGSzzrAT4,Garbage as usual from France.,@user-dz2hr2nd8l,en,cycling
ggwGSzzrAT4,Literally crying rn,@Macandcheese17,en,cycling
ggwGSzzrAT4,"Very best,Olympic and Celine Dion👍😎♥️🤩🇨🇵!",@mirvamartikainen2045,en,cycling
ggwGSzzrAT4,Нет судбы ета месаж,@MemmedovRauf,ru,cycling
FAMvoNt61ew,❤❤❤❤❤❤,@concepcioncasanova7908,unknown,cycling
FAMvoNt61ew,❤,@marekkocon7063,unknown,cycling
FAMvoNt61ew,"Was it live..?cause it looks like prerecorded track..,still her voice though...",@k.ch.2611,en,cycling
FAMvoNt61ew,❤,@Gnegnolan,unknown,cycling
FAMvoNt61ew,Honestly she is my no.1 idol and the person who has helped me in my lifey dream is to give her a hug and just was thank you for everything that she has done,@taylorhamilton3527,en,cycling
FAMvoNt61ew,❤ooc 24 g cd h dkp ge,@amyclarke41,nl,cycling
FAMvoNt61ew,Una esibizione infinitamente bella ed emozionante celine sei una favola grandissima il desiderio più grande ed impossibile sarebbe conoscerti ❤❤❤,@lorivallesi8427,it,cycling
FAMvoNt61ew,One of a Kind,@user-yh7pi7po5o,en,cycling
FAMvoNt61ew,"jetevepaurfamjaijetemarisulàfoitudoivrnipaurlartiadeufxsuparivitoipauerbausbravolamaurdemavive❤❤❤❤❤❤❤❤
♥️💍💍🫂🎤🇧🇪🇨🇵♥️❤️",@PaulHeuschen-fr6uo,lt,cycling
FAMvoNt61ew,Play-back !,@IAKOBOC,tl,cycling
FAMvoNt61ew,"Canta insieme, piccolo effetto eco,ci sta bene
BRAVA!",@donellastrambi9119,it,cycling
moKNsiW0GUo,"an advantage of Sydney McLaughlin is, she had/has ""only"" to prepare Olympic games and world championship. Very rarely one sees her in other events
 Femke Bol, as most other European athletes, have to attend many commercial competitions (like diamond league) in order to earn money",@xuan-gottfriedyang5094,en,cycling
moKNsiW0GUo,"Bol
Lost having used her energies winning the 400m mixed relay the day before",@gerardotv373,en,cycling
moKNsiW0GUo,Bol has Corona at this month,@AjaxII,en,cycling
moKNsiW0GUo,Bol is a fraud,@danielstanic2498,ca,cycling
moKNsiW0GUo,Rival??? Sydney has no rivals!!!,@danielstanic2498,en,cycling
moKNsiW0GUo,"Bol, never able to win against Sydney!",@flaviopolli9402,en,cycling
moKNsiW0GUo,Androgynous body composition and faces of numerous runners here. All USA runners doesn’t look clean to me. Something fishy is going on..,@Kroelle72,en,cycling
moKNsiW0GUo,Look at how professional they are. They all love each other. What sportsmanship.,@jakehone,en,cycling
moKNsiW0GUo,a highlight of the games. Love all these athletes.,@jakehone,en,cycling
moKNsiW0GUo,its a race against syd and the clock,@talyfigueroa2997,en,cycling
E1iYE0pgAk0,🐐,@vintagecherries,unknown,cycling
E1iYE0pgAk0,Did you mean the hardest vault in women’s gymnastics?,@B4nd1t_0,en,cycling
E1iYE0pgAk0,"Damn. I think in 200 years, there will be so many sports that don't need to be sex segregated anymore. Just people competing against people. She just landed a male vault. Git it. 💪🏻",@user-dl1yc8cb4l,en,cycling
E1iYE0pgAk0,That step back is just bad,@Lorelei6836,en,cycling
E1iYE0pgAk0,Wwwoooooo🤩,@edwardoneil3962,so,cycling
E1iYE0pgAk0,👌👌👌👏👏👏👍👍👍,@sanjastankovicmusic,unknown,cycling
E1iYE0pgAk0,Is this a transgender?,@Rok-zm6kh,en,cycling
E1iYE0pgAk0,Superb Simone. She is the best female gymnast of all time.🎖,@vaw796,en,cycling
E1iYE0pgAk0,How do these young ladies do this😳. The talent of these gymnasts is out of this world!,@precioustendo5167,en,cycling
E1iYE0pgAk0,Just a phenomenal athlete. Shes just totally dominated her sport for so long now,@theboxingboy7422,en,cycling
dqryqI0XXAE,Are we not talking about the guy with no technology and win,@gunnboy3832,en,shooting
dqryqI0XXAE,Does the Paralympics have shooting?,@joblessalex,en,shooting
dqryqI0XXAE,what caliber do they use in the pistil competition?,@CyberMustache-ns4jr,en,shooting
dqryqI0XXAE,"Dude explains all the shooting events?

Doesn't mention BIATHLON.",@asdfjoe123,en,shooting
dqryqI0XXAE,"Everybody got aim assist on, what happened to just showing up with no gear? That's why the guy won silver, he put everybody to shame and the sad part is they don't realize it...😅",@Darkguiver,en,shooting
dqryqI0XXAE,The Turkish man has done this before stop glazing him already omg,@estebang4538,en,shooting
dqryqI0XXAE,Where's the guy I clicked on this video for???,@memefied327,en,shooting
dqryqI0XXAE,trap and skeet sounds like it should be illegal,@Arunnejiro,en,shooting
dqryqI0XXAE,My rank teammates on my rank up game,@Obedthian-UK,en,shooting
dqryqI0XXAE,I dont get why theh wear all that gear... its weird,@kylemcdonald4795,en,shooting
dqryqI0XXAE,Style points,@Obedthian-UK,fi,shooting
vxr_oYxNByI,The thumbnail is just disgusting,@Heybbggirlypopslayy,en,cycling
vxr_oYxNByI,Well done this is incredible you have done yourself proud and your family,@Martdiva1979,en,cycling
vxr_oYxNByI,Fair play lads.,@johnotoole1283,en,cycling
vxr_oYxNByI,Didn't look such a great dive to me. Synchronisation off from the start and entrance not great,@alsa6554,en,cycling
vxr_oYxNByI,Judges think different,@LittleLoz,en,cycling
vxr_oYxNByI,Yeah sorry forgot to point that out,@alsa6554,en,cycling
vxr_oYxNByI,Excellent,@craigstephencudworth5485,ca,cycling
vxr_oYxNByI,Congrats!,@austriasalzburg,nl,cycling
vxr_oYxNByI,and the gold? oh he is gay i get it,@user-kl9su7vr1j,en,cycling
vxr_oYxNByI,"Everything he says or does is for the camera, but well done for everything",@vincentmcgrath4179,en,cycling
vxr_oYxNByI,"Yea Noah is cute and humble, Daley is the ultimate narcist “ I have achieved everything I wanted to achieve” so braggy…",@yentemarien7032,en,cycling
vxr_oYxNByI,@@yentemarien7032 typical gay behaviour. Theyre all such narcissists,@HaTer-xs8sh,en,cycling
vxr_oYxNByI,"You seem a bit insecure, you okay? He's just saying the truth, and being proud of himself.",@harry69007,en,cycling
vxr_oYxNByI,"​@@HaTer-xs8sh You good? I feel like generalising about a group of people isn't a good thing. 

Especially since you're the only one coming off bad here.",@harry69007,en,cycling
vxr_oYxNByI,@@harry69007 but it's true.,@HaTer-xs8sh,en,cycling
vxr_oYxNByI,Hes a god damn olympian are you deranged perchance?,@zipperdan3969,en,cycling
vxr_oYxNByI,"Noah is hot, is he gay? ❤❤",@yentemarien7032,en,cycling
i_MMVJreu6Y,Sensational!,@rochd7789,fi,cycling
i_MMVJreu6Y,Great but not the best. Can not stick her landings. You can climb Everest but you have to make it down to be in the books.,@isaacayala4642,en,cycling
i_MMVJreu6Y,Respect where respect is due. She did it with a twisted ankle 🥇 Legend,@vintagecherries,en,cycling
i_MMVJreu6Y,or.. as it will be called the Biles II,@freakindamnshiki,en,cycling
i_MMVJreu6Y,какая эта байлз страшная,@KN-wg5bc,ru,cycling
i_MMVJreu6Y,goat,@goivimc,hr,cycling
i_MMVJreu6Y,I miss Nadia Comaneci. Way better than Simone Biles.,@xana5649,en,cycling
i_MMVJreu6Y,Nadia is nit even close 😂 and we all know nadia Was all.juiced up like the rest of them 😂,@mussiedebrezion8198,en,cycling
i_MMVJreu6Y,Minden elismerésem.,@magdolnaadam409,hu,cycling
i_MMVJreu6Y,Eres la mejor que dios te dé mucha salud y vida,@musicafavoritagonzales4493,es,cycling
i_MMVJreu6Y,She executed the pike and the competition 👏🏾👏🏾👏🏾👏🏾,@aaron_isb2494,en,cycling
NCo4JDKJwgc,Scondale 😂olympia de paris deux joueurs de sélection de football marocain ne reçoit pas leur 🏅 de bronze de la sériemonie des médailles scodaleux et catastrophique de olympia de paris 😂 plus mauvais jeux olympiques quand à vu jusqu'à maintenant si à Olympia de Paris par la France conoliale criminel raciste,@user-kj4dr3bk2h,fr,
NCo4JDKJwgc,PARIS OLYMPIC COOKING SHOW 😂😂😂,@michaelsoldevilla7544,pl,
NCo4JDKJwgc,PARIS OKYMPIC COOKING SHOW 😂😂😂 WORST OLYMPIC EVER COOKING MASTER,@michaelsoldevilla7544,de,
NCo4JDKJwgc,PGU,@hilwaamanamankiyar-pp5bf,tl,
NCo4JDKJwgc,You should have removed coca cola,@faribamirshahi9333,en,
NCo4JDKJwgc,Sh*tiest Olympics of all time,@giash1,en,
NCo4JDKJwgc,جین که نیاز به تبلیغ نداره😊بهترینه❤❤❤❤❤❤❤❤❤❤❤,@ShadiMortazavi,fa,
NCo4JDKJwgc,Shame on France,@user-uw5se5td2i,en,
NCo4JDKJwgc,Amém ❤verdade. Eu creio.,@laurenuehara2036,pt,
NCo4JDKJwgc,worst olyimpics games ever...cheers from argnetina ..,@CharlieFBarassi,en,
cynt6WDbkqY,In New Zealand it's Dame Lisa Carrington in Canoeing. 8 Gold and 1 Bronze over 3 Olympic Games.,@kinghomeboy,en,
cynt6WDbkqY,As an Indian i would have said PR Sreejesh (hockey)- the great Wall of India,@hetpatel.04,en,
cynt6WDbkqY,Indiviual medal is far far more difficult than team medal,@shashwat69,en,
cynt6WDbkqY,Korea means Archery,@hetpatel.04,en,
cynt6WDbkqY,Mallouli,@hamzajeridi8758,fi,
cynt6WDbkqY,As a kenyan I don't know where to start,@KIM-xl6zs,en,
cynt6WDbkqY,They own archery I mean. Neeraj is former oly champion of tokyo 2020 and silver medalist in Paris 2024,@dhruvilkumpavat6037,en,
cynt6WDbkqY,the swiss guy got absolutely the best smile on earth,@rustemsadvakassov1787,en,
cynt6WDbkqY,India - Major Dhyan Chand,@Lucknowtrainspotter,id,
cynt6WDbkqY,India was a superpower of grass hockey! It won several golds in a ROW at the old Olympic games like in the mid 20th century and similar years. And for us Montenegrins it's female handball. Our female handball team was robbed of gold in the 2012 London Olympic finals vs Norway. Our female handball player Bojana Popović was the best in the WORLD back in those years. Also our waterpolo player Aleksandar Ivović was officially the best waterpolo player of the world in 2018. Also our male handball player Veselin Vujović was the best player of the world in the 1980s. He won gold Olympic medals with the team of Yugoslavia.,@Just_another_Euro_dude,en,
cynt6WDbkqY,Damian Warner is not the best of all time...,@Evan-hockputer,en,
Ibwys2YvgQs,"Tap on the play button ▶️ to watch me COMPETE in the OLYMPICS! That's right, I competed AND... set a world record 😉 NOW WATCH MY WHOLE VLOG NOW! 🙌🏼",@IanBoggs,en,
Ibwys2YvgQs,no comments ill fix that,@Casz1yt,en,
Ibwys2YvgQs,W,@ducky-zx5vy,sw,
Ibwys2YvgQs,E,@ducky-zx5vy,es,
Ibwys2YvgQs,W,@ducky-zx5vy,sw,
Ibwys2YvgQs,W,@ducky-zx5vy,sw,
Ibwys2YvgQs,🇲🇾 MALAYSIA  哈咯 halo,@kitjason5327,so,
Ibwys2YvgQs,My langue its 🇦🇨🇦🇩🇦🇪🇦🇫🇦🇬🇦🇮🇦🇱🇦🇲🇦🇴🇦🇶🇦🇷🇦🇸🇦🇹🇦🇺🇦🇼🇦🇽🇦🇿🇧🇦🇧🇧🇧🇩🇧🇫🇧🇪🇧🇬🇧🇭🇧🇮🇧🇯🇧🇱🇧🇲🇧🇳🇧🇴🇧🇶🇧🇷🇧🇸🇧🇹🇧🇻🇧🇾🇧🇼🇧🇿🇨🇦🇨🇨🇨🇩🇨🇫🇨🇬🇨🇭🇨🇮🇨🇰🇨🇱🇨🇲🇨🇳🇨🇴🇨🇵🇨🇷🇨🇺🇨🇻🇨🇼🇨🇽🇨🇾🇨🇿🇩🇪🇩🇬🇩🇯🇩🇰🇩🇲🇩🇴🇩🇿🇪🇦🇪🇨🇪🇪🇪🇬🇪🇭🇪🇷🇪🇸🇪🇹🇪🇺🇫🇮🇫🇯🇫🇰🇫🇲🇫🇴🇨🇾🇫🇷🇬🇦🇬🇧🇬🇩🇬🇪🇬🇫🇬🇬🇨🇾🇬🇬🇬🇭🇬🇮🇬🇱🇬🇲🇬🇳🇬🇵🇬🇶🇬🇷🇬🇸🇬🇹🇬🇺🇬🇼🇬🇾🇭🇰🇪🇹🇭🇳🇭🇳🇭🇹🇭🇺🇮🇨🇮🇩🇮🇪🇮🇱🇮🇲🇪🇹🇮🇳🇪🇹🇪🇹🇮🇴🇬🇺🇬🇼🇭🇰🇭🇲🇭🇳🇭🇷🇭🇹🇬🇹🇬🇸🇭🇺🇮🇨🇮🇩🇮🇱🇮🇱🇬🇱🇮🇴🇮🇶🇮🇷🇮🇸🇮🇹🇯🇪🇯🇲🇯🇵🇬🇱🇰🇪🇰🇬🇰🇭🇰🇮🇰🇲🇰🇳🇰🇵🇰🇷🏴󠁧󠁢󠁷󠁬󠁳󠁿🇿🇲🇽🇰🇺🇿🇺🇾🇹🇩🇹🇯🇹🇴🇹🇱🇸🇽🇹🇳🇸🇿🇷🇪🇸🇬🇸🇦🇵🇲🇷🇸🇷🇪🇷🇺🇶🇦🇵🇭🇹🇨🇷🇴🇵🇹,@toivojuutila781,unknown,
Ibwys2YvgQs,Arabic,@user-zs2rj7kl2r,es,
Ibwys2YvgQs,“Skibidiiii” got me rolling on the floor🤣🤣🤣,@user-tk2qp2fy7x,en,
Ibwys2YvgQs,Does no one notice it was jenny hoyos?,@Noah-ry2db,en,
Ibwys2YvgQs,🇬🇪🇬🇪,@user-zc5yy8si6l,unknown,
Ibwys2YvgQs,SKIBIDI,@Injured.Titan.speakerman186,de,
Ibwys2YvgQs,Haha you're joking right,@NosaBoy-ki1kn,tl,
Ibwys2YvgQs,Omg😢😢😢😢😢❤❤❤❤❤😂😂😂😮😮😮,@Ellie-uu8ep,unknown,
SLljIW5Hxq4,Comme ci ca te lavait les pieds 😂,@coupdetrapeze9791,fr,
SLljIW5Hxq4,"Peut etre que les australiens sont un peu moins crzdes que nous et nont pas besoi  de pediluves...
Franchement quand jen vois certains a la piscine y a de quoi fliper...",@jerzinho92,fr,
SLljIW5Hxq4,Y’a des pluies d’araignées chez eux et ils ont peur de 3 cm d’eau sur les pieds ?,@raphi92i19,fr,
SLljIW5Hxq4,Putain mais ça doit être dégueulasse les piscines en Australie,@petit5773,fr,
SLljIW5Hxq4,Il y a peut-être des australienne qui ont pris les devant et appelé un plombier,@alessiaburgani1496,fr,
SLljIW5Hxq4,Ça sert à partager les mycoses 😂,@monsieurnet,fr,
SLljIW5Hxq4,Compte tenu des risques d'attraper des verues plantaires le pediluve désinfectant est obligatoire et cela devrait l'être dans toutes les piscines du monde.....par hygiene et sécurité.,@genevievetaulier2892,fr,
SLljIW5Hxq4,Je fais comme eux depuis toujours. C'est juste bon pour attraper des verrues.,@mich1212,fr,
SLljIW5Hxq4,Les français ont trouvé plus snobes 🎉🎉🎉,@farilha,fr,
SLljIW5Hxq4,Idem a part avoir un nid a microbes du au passage je vois vraiment pas l'intérêt,@TM-ej5pw,fr,
uE9NIfyzacg,She came from behind . Wow.....😅😅😅,@LijhocfWifhobe,en,
uE9NIfyzacg,ये उपर भगवान के पास जाने का इशारा कर रही हैं 😂😂😂,@sureshnikam5414,hi,
uE9NIfyzacg,❤,@mikeschmidt5115,unknown,
uE9NIfyzacg,Такая она очуменная😢,@user-tt4in3vt9q,ru,
uE9NIfyzacg,Красотка🎉,@user-kn4me3oz1u,mk,
uE9NIfyzacg,손톱 튜닝한거 빼면 가벼워서 더 빨리 달릴수 있을거야,@user-dh4kh5vd1d,ko,
uE9NIfyzacg,There is no one greater than ALLAH 👌👌❤️💪,@inzmamshaikh9365,en,
uE9NIfyzacg,Nice 1 my lady,@isiguzolilian7286,cs,
uE9NIfyzacg,Lov yu,@VabeshDas-x3v,sk,
uE9NIfyzacg,Mane... when she get that head in it... it's over,@peteadams2784,en,
hXnVMlOFPxk,❤,@LuziaSlow,unknown,cycling
hXnVMlOFPxk,Awesome,@nuriabarbetamargarit9568,af,cycling
hXnVMlOFPxk,"*JESUS ​​was crushed on a cross* so that your sin and your filth could be erased; *to save you from the eternal hell* that awaits you, *if you don’t repent.* Get to know your Savior and let Him cleanse and transform your life before it’s too late. There is nothing He can’t do. The One who rose from the dead is God Almighty. Seek Him! *Read the Bible.* 
God loves you.
*THE END IS NEAR.*",@elsamusoy,en,cycling
hXnVMlOFPxk,0:24 what is wrong with the direction?,@jonoanym7349,en,cycling
hXnVMlOFPxk,"Biles must have wind inside her bones, she flyes! Well done queen! ❤❤❤",@MarciaPereiraBr,en,cycling
hXnVMlOFPxk,Absolutly the best in history!,@adagross2488,en,cycling
hXnVMlOFPxk,"Black athletes are so superior to white athletes , its a no-brainer really. Black athletes are the G.O.A.T they are more versatile, agile , stronger and more determined , white athletes just suck they are so bad?? Hahaha.",@alanbrown4703,en,cycling
hXnVMlOFPxk,Yep i  agree 💯.. they're too soft rather than  being aggressive,@dwaynewadejunior7998,en,cycling
hXnVMlOFPxk,@@alanbrown4703 superior ? not when I look at every swimming race ever lol,@fbniko892,en,cycling
hXnVMlOFPxk,Is this earth or is Simone the first athlete performing on the moon ?! I cannot see any forces of gravity attached … mindblowing,@anniemiller8927,en,cycling
hXnVMlOFPxk,❤ perfecta... ❤️🇪🇦,@aveslidpsitacidas721,ca,cycling
hXnVMlOFPxk,These athletes are amazing,@ainelawlor5755,en,cycling
V3aeiR7plQw,Watch all the #Paris2024 🏃 Athletics action ➡ https://go.olympics.com/watch,@Olympics,en,athletics
V3aeiR7plQw,SML closed the gap on femke quickly which caused femke under pressure....but I knew SML was the champion from the start🤩🤩🤩🤩,@shreyasnegi7892,en,athletics
V3aeiR7plQw,"I lover her so much... everytime she's ran,the world record its not safe anymore....if she's run again,i think she's will run under 50second in future...its not impossible for her i think..",@sigma_team1235,en,athletics
V3aeiR7plQw,"Bol has not faced a lot of competition in recent years and that ""softens"" you up as an athlete...",@glennmorris8787,en,athletics
V3aeiR7plQw,"The race bw Sydney vs Mclaughlin vs Levrone vs Clock vs WR !! 
Crazy Race, Wonderful to Watch 🎉🎉
Waiting to see WR under 50.",@rajdaniel8752,en,athletics
V3aeiR7plQw,Totally agree with you that the race is between Sydney and the clock.,@user-se5sl1eu2u,en,athletics
V3aeiR7plQw,Two greatest of all time ?? Dalilah is number 2. Femke has not won gold yet iirc,@nigerccie1,en,athletics
V3aeiR7plQw,stop mentioning this bol name with mc....... but he's a british announcer so we gotta push this europe chick into the mix,@thisisgodkazzz,en,athletics
V3aeiR7plQw,"Exactly! They can't themselves with their pathetic effort to make Bol Sydney's equal when in reality, Sydney is at a level that Bol will never get to.",@kobbieafriyie2172,en,athletics
V3aeiR7plQw,sidney is the best,@bagustjahjono8672,en,athletics
V3aeiR7plQw,The americans are so strong. I wonder how they do it…,@Kroelle72,en,athletics
V3aeiR7plQw,Will she break 50.00,@johnpaul9606,en,athletics
VOp2519v274,"Viva España cojones!!!Que año 2024!!!!!
Increible.Que orgullo",@JoseAlvarez-dp8fz,es,cycling
VOp2519v274,Africa vs Spain =3 -5,@user-hs3os7oc7n,en,cycling
VOp2519v274,"Si la UEFA, la FIFA y los otros mafiosos estuviesen en España, se podría pensar que España hacía trampa.
¡España en casi todos los deportes vence luchando con el aire en contra!",@baturrez7485,es,cycling
VOp2519v274,"¡¡¡¡¡   España en el deporte   !!!!!


TONI BOU.


¡   ESPAÑA SIEMPRE ARRIBA   !",@baturrez7485,es,cycling
VOp2519v274,"Alguien inventó la Copa de Europa, hace unos 70 años. Adivinen quién ganó las 5 primeras, .....   Empieza por Ma, ..... y acaba por drid.
A dia de hoy, hemos ganado 19.
Madrid, Barcelona, Valencia, ...
¡España, siempre arriba!",@baturrez7485,es,cycling
VOp2519v274,"Otra muestra de inteligencia visigótica. El portero nacional, que juega en la ciudad de Gerona, al noreste del Reino, se la pasa al delantero que juega en un equipo de Madrid y este consigue el quinto gol.
Cataluña y Castilla, dicen los que saben rascar en el tema del significado de las palabras, significan lo mismo.
España se encastilla.
¡No nos moverán!, decía la canción.
ESPAÑA, SIEMPRE ARRIBA.
¡LA HISPANIDAD, PATRIMONIO DE LA HUMANIDAD!",@baturrez7485,es,cycling
VOp2519v274,France 3 - Spain  5....The return of King: SPAIN.,@nivaria5483,en,cycling
VOp2519v274,Europa 5 África 3,@JoseantonioGonzalezsanch-dx5ip,es,cycling
VOp2519v274,"El portero de España, para una Discoteca . . . . ni bien . . . ni mal, pero para el equipo de fútbol de España, al banquillo con él, lo siento, pero es lo pienso, y así lo digo.",@jag5380,es,cycling
VOp2519v274,"Cómo se nota que no viste el partido 😅 
Es cierto que el primer gol fue un error suyo pero salvó varios goles en la 1a parte. La única mancha del partido fue ese error. Lo demás, lo hizo genial.",@lanceandmissingno.,es,cycling
VOp2519v274,Spanish chad catolic football vs virgin protestan fotball.,@MrWifly,en,cycling
X4TJYWgrvoM,Bye bye moros,@gerardomozos5512,no,cycling
X4TJYWgrvoM,BIEN 🗣🗣,@hectoraguilarruiz,tl,cycling
X4TJYWgrvoM,Segarros para todos amegos,@Carlitospaz34,pt,cycling
X4TJYWgrvoM,Marroquies con una falta de educación considerable,@MultiCALVOROTA,es,cycling
X4TJYWgrvoM,Muy bien.muy bien.muy bien,@jesusjavierhurtado7196,es,cycling
X4TJYWgrvoM,Que entusiasmo la comentarista,@jesusjavierhurtado7196,es,cycling
X4TJYWgrvoM,Spain 2 - Morocco 1....The return of King: SPAIN.,@nivaria5483,en,cycling
X4TJYWgrvoM,jur jur jur jur jur,@yutubve,sq,cycling
X4TJYWgrvoM,Morocco = 💩,@nadielovaver7828,it,cycling
X4TJYWgrvoM,Me encantó que España sometiese a Marruecos.,@Usuario1y1dos,es,cycling
C-y3nlAyCXA,African team was very strong.,@amsfountain8792,en,cycling
C-y3nlAyCXA,Serbia alone against the USA + Cameroon and the referees,@PravilnikSrbija,en,cycling
C-y3nlAyCXA,Steroids make wonder in Badketball too,@daslebenistein4998,nl,cycling
C-y3nlAyCXA,0 respect for the opponents. I don't like it,@ivanosokin85,en,cycling
C-y3nlAyCXA,🇺🇸🇦🇱,@Diar004,unknown,cycling
C-y3nlAyCXA,Boah. Zu stark die USA.,@luckyapple2655,de,cycling
C-y3nlAyCXA,King James,@True.victory.1,id,cycling
C-y3nlAyCXA,serbia needs bogdanovic and jokic in topform to be able to challenge this allstar US team. serbia has a good team but golly the US brought their best,@saschaaah,en,cycling
C-y3nlAyCXA,Amerika basketbol tüm ne spor varsa hepsi hileyle kazanıyor herzaman kendileri ne kazandırıyor,@enverdemirag3117,tr,cycling
C-y3nlAyCXA,Cope,@k5elevencinc0,en,cycling
C-y3nlAyCXA,make longer videos please,@eullelle5457,no,cycling
XKFnBxhygrU,Goddess of gymnastics!,@bgorowski,en,cycling
XKFnBxhygrU,Queen of the vault bc she transformed gymnastics with jumps mainly. She made it more muscular and dynamic and it’s such a joy to watch. That’s her legacy forever ❤,@81suze,en,cycling
XKFnBxhygrU,I've always felt her landings are false and should be penalised more.,@mikeryan7213,en,cycling
XKFnBxhygrU,She gets penalised equally to all her competitors. The most you could take off for a landing is 0.5 . The very most you could reasonably take for those landings is 0.3 . Unless you want to change the rules just for Simone .,@lenr112,en,cycling
XKFnBxhygrU,"Amazing Sports Lady ❤🎉
From 🇩🇪",@christophhauser7151,en,cycling
XKFnBxhygrU,wow min 4:00,@tunelos,pl,cycling
XKFnBxhygrU,I HAVE GOOSE BUMPS EVERY TIME I WATCH HER🤩 SHES AMAZING❣️❣️❣️,@chirpush,en,cycling
XKFnBxhygrU,WOW!,@orahcgrant,pl,cycling
XKFnBxhygrU,perfection,@bobwilson7684,en,cycling
XKFnBxhygrU,"When I see her, I think: GOAT!!",@andrewwiddel77,en,cycling
XKFnBxhygrU,"I would have choked on the eyelashes, got caught in the hair and the ear-rings would have ripped off my face... on a role.",@tinaballerinna,en,cycling
_GhEAu4ISls,Break dancing is cool😠: lol,@DontrellDaContentKing,en,
_GhEAu4ISls,"I'm actually surprised they didn't make football an excuse to fight.
I suppose it's a more civil way to do it",@ilpoomatili9549,en,
_GhEAu4ISls,Olympics should get rid of professional team sports... and golf. And horses.,@marielavoie9188,en,
_GhEAu4ISls,I'd say ultimate frisbee is pretty fun!,@pearltaylor1744,en,
_GhEAu4ISls,You forgot Cricket.,@MaanasBukkuri,en,
_GhEAu4ISls,It's not finished yet - the Paralympics have just started!! :),@poppythecat454,en,
_GhEAu4ISls,And what the ball has to do with this sport ?,@user-rp7kh5vn6l,en,
_GhEAu4ISls,I bet raygun thinks break dancing is cool,@tuwcouz,en,
_GhEAu4ISls,Please bring more videos of this series. It's really interesting and nice. Thank you Guruji,@mysterious5678,en,
_GhEAu4ISls,"As an Aussie, let’s just not talk about it 😭",@_BizarreYT,fr,
QqtB6Q7JsWU,"Those who didn't see the game: Oh man France 42 vs 25 free throws
Those who saw the game: France 24 fouls vs Canada 26 fouls, but Canada no front line.

Canada abysmal performance and got out-coached hard and no front line. They couldn't even guard Lessort without hacking.",@TolisKou,en,cycling
QqtB6Q7JsWU,"el comentarista espanol es muy chillon, malisimo",@Luga-id9wp,es,cycling
QqtB6Q7JsWU,Bro if you ever feel useless imagine that someone made France highlights without lessort finishes.,@kostas142ful,en,cycling
QqtB6Q7JsWU,Feels like real compitation in world basketball starts when lebron retire 😅,@Bada90.,en,cycling
QqtB6Q7JsWU,The matchmaking is rigged and stupid,@icnike,en,cycling
QqtB6Q7JsWU,"France invented the lottery to avoid America, shame",@mareskroba4893,en,cycling
QqtB6Q7JsWU,How about actually showing us the highlights of the games?,@AltruisticMystic,en,cycling
QqtB6Q7JsWU,Gobert injured or what?,@nscooter,en,cycling
QqtB6Q7JsWU,Thought Canada was the second best team 😂,@sweetpotato908,en,cycling
QqtB6Q7JsWU,"Game spoiled in title - Check
Horrible editing - Check

Do better.",@klo4880,en,cycling
-NxBd71-yO8,Its like the legs are a Pillow and he does not have any legs and that the ”legs” are flying,@STOPLIKEBEGGARS101,en,
-NxBd71-yO8,🤯at this Perfect routine Khoi!!!! Just wow!,@LadySageHeart,en,
-NxBd71-yO8,"That was literally amazing and so seamless ddnt miss a beat, will go down in history I am sure. W2g was beautiful to watch!🎉",@kristinadugi,en,
-NxBd71-yO8,Tearing up and chills that was beautiful ❤,@Christmas587,en,
-NxBd71-yO8,Oooooo HE ATE❤❤❤❤,@KioniBarnes,so,
-NxBd71-yO8,How can you move your body like that anyway😭😭😭,@Nikida1123,en,
-NxBd71-yO8,That was art,@Elizabeth-mf3dn,en,
-NxBd71-yO8,Wow.,@BruklinBridge,pl,
-NxBd71-yO8,"His Performance was good, but the music is the real legend",@marinbagaric4755,en,
-NxBd71-yO8,That was outstanding 🎉,@MicoWilliams-i4d,en,
4idSE6XSWp8,no medal for Türkiye,@evilengineNo9,tr,cycling
4idSE6XSWp8,That 10cm jumps,@andriibakhtiozin4477,id,cycling
4idSE6XSWp8,My team still remains China Woman volleyball team,@florencekabibia7224,en,cycling
4idSE6XSWp8,Süper 👏🏻👏🏻Türkiye,@user-yt4qh7wp3t,tr,cycling
4idSE6XSWp8,These Turkish girls are amazing,@Me__enhypenn,en,cycling
4idSE6XSWp8,☝️🇦🇿,@Shishkaya,unknown,cycling
4idSE6XSWp8,Congrats both Chına and Turkıye It was a good tıme and nıce match,@A-A8N,en,cycling
4idSE6XSWp8,WELL DONE TURKEY !!!,@teodorsuditu6800,en,cycling
4idSE6XSWp8,Warum Pfannkuchen?? Was soll der Scheiß,@bossdynamo9803,de,cycling
4idSE6XSWp8,"Wie parteeisch die Kommentatoren sind😂😂
Waren traurig, dass die Türkei punkte geholt hat",@mxdmr0697,de,cycling
LPq-KyrmVAg,عضيم جدا😮,@user-nt7vv7fd4y,ar,
LPq-KyrmVAg,Gjurem hart seder begati dor teh,@user-kx8if4vz9n,da,
LPq-KyrmVAg,Who that handsome daddy holding the lantern😮😮😮,@jintanmanis5000,en,
LPq-KyrmVAg,Gyattttt,@giliy_18,hu,
LPq-KyrmVAg,The dresses of the dancers are wonderful ❤,@cmarq817,en,
LPq-KyrmVAg,I was there a few days ago,@geraldinecancino9563,en,
LPq-KyrmVAg,These flares all look like military grenades,@nesaenterijeri,en,
LPq-KyrmVAg,🤢,@AryaRahulchandela,unknown,
LPq-KyrmVAg,"Sono stata a Olympia qualche anno fa ed essere li, dove ogni 2 anni si accende una fiamma che vive da.....quanto, 3'000 anni? Insomma,da un bel po', mi ha dato un'emozioe enorme! Per un attimo mi sono sentita travolta, parte di un'epoca che non c'è più, ma che rivive ogni 2 anni.
È stato bellissimo e le rovine sono magnifiche.
Chi ne ha la possibilità, ci vada.....ne vale la pena👌👌😊",@monikabuzzi3130,it,
LPq-KyrmVAg,“I DECLARE THE PARIS OLYMPICS…OPEEEEEEN!” (Flame goes out),@Titanusrex1616,en,
lIRsNfmP83U,Grande!,@myss6619,de,cycling
lIRsNfmP83U,"Troppo bravo Ceccon!!
Bravo e bello.
Però..un qualche sorriso ci stà 😂",@linasalviolimariani8042,it,cycling
lIRsNfmP83U,ENigmatico come la Gioconda; si è la GIOCONDA,@jobracci4583,it,cycling
lIRsNfmP83U,"Dont forget,4x100 mx Tokyo, Paris 2024 out in battery",@cocobill2222,en,cycling
lIRsNfmP83U,"Grande Ceccon!!
Bravo e affascinante!!!",@linasalviolimariani8042,it,cycling
lIRsNfmP83U,✌️✌️✌️🇮🇹🤩,@jobracci4583,unknown,cycling
lIRsNfmP83U,🇮🇹,@pinkf796,unknown,cycling
lIRsNfmP83U,Siamo i piu bravi siamo i piu belli 🇮🇹,@leonardociucci8922,lt,cycling
lIRsNfmP83U,"Era lui il campione da battere ,ma i commentatori sportivi da dove vengono? Il più forte e solo lui!🇮🇹",@antonellaalessandri3278,it,cycling
lIRsNfmP83U,INQUALIFICABILI E BRUTTI davvero,@jobracci4583,it,cycling
lIRsNfmP83U,"Ma noi Italiani Vinciamo sempre, contro tutto e Tutti",@jobracci4583,it,cycling
lIRsNfmP83U,LO SQUALO,@jobracci4583,pt,cycling
lIRsNfmP83U,"I'm here for Thomas and his birthmark 
But.....why they didn't mentioned that he is the favorite? He is world record holder!.......American bumpkins!",@elsaschlegel174,en,cycling
lIRsNfmP83U,Murphy Murphy Murphyyyy ... ops ... Ceccon,@ur_sph,en,cycling
eWFdK0zX5wI,Glad from India and proudly say gold ekdam sahi ghar gya hai❤❤❤,@AjitBhai-vw6my,cy,
eWFdK0zX5wI,The best thing in his throw is he took no follow through distance... Only a small one step that makes his throw longer... Neeraj throw from far behind the white line,@HitFitAhlawat,en,
eWFdK0zX5wI,Maaşallah,@user-ht8gg2oc1b,tr,
eWFdK0zX5wI,ya ali madad,@amir-te1rs,so,
eWFdK0zX5wI,Beautiful 💪,@Dammm72,ro,
eWFdK0zX5wI,😊,@waqasamin2910,unknown,
eWFdK0zX5wI,❤❤❤❤,@user-ei6je2lh1t,unknown,
eWFdK0zX5wI,❤❤❤😂😂😂,@ShameemAbid-e2j,unknown,
eWFdK0zX5wI,.,@sneaktoggled,unknown,
eWFdK0zX5wI,Very well throw Bhai arsad..work hard and result,@RahulJinal,en,
_YdTpfFNFAM,So being pregnant os a disability?,@GRIM.K.REAPER,tl,
_YdTpfFNFAM,😊🤰She's glowing! Love to see it! 🏹🎯,@LadySageHeart,en,
_YdTpfFNFAM,"Ramazinova did it in Olympics 2024, then Jodie Grinham did it for Paralympics.",@Sp4rkyKirk82,en,
_YdTpfFNFAM,Tu es trop belle 😮la gorge à la gorge à demain 😢,@ElisaOurdouillie-uw4ho,fr,
_YdTpfFNFAM,Fake olympic,@Mr.Jong21,en,
_YdTpfFNFAM,Fantástica eres un orgullo de vida y de mujer ❤❤❤❤❤,@manoliguiaesteban1392,es,
_YdTpfFNFAM,😂😂😂❤❤❤❤❤,@freeformcklok9862,unknown,
_YdTpfFNFAM,I suppose that Legolas would win the gold in this kind of competition😅,@user-mh5dl1uh1f,en,
_YdTpfFNFAM,lol I thought that was just a beer belly at first,@vermili0n,en,
_YdTpfFNFAM,Azerbaijan🇦🇿,@quliyevafatima__,hu,
gNt9Pc5ziDU,"Love this so much!! 😭🥹❤️ If you enjoyed this, please subscribe for more content besties 🫶❤️ (& a Gold medal ☺️🥇) LOVE U! ❤️",@Sussan_Mourad,en,gymnastics
gNt9Pc5ziDU,Ong hiii,@garethjamesblake7848,vi,gymnastics
gNt9Pc5ziDU,Omg I saw u in the Olympic,@user-cg9nt3jl9n,en,gymnastics
gNt9Pc5ziDU,😊😊,@gabrieleakavickyte967,unknown,gymnastics
gNt9Pc5ziDU,Gyattt,@Keegan539,hu,gymnastics
gNt9Pc5ziDU,The asses on generational talents is fucking crazy. I’m so not comfortable being 31 saying that but come on man lol,@bryanUFCFightPicks,en,gymnastics
gNt9Pc5ziDU,Sunny Is my culture,@_shining_star_-du7cv,en,gymnastics
gNt9Pc5ziDU,Team DEI.,@Bigbriansc,id,gymnastics
gNt9Pc5ziDU,For some days now that is bad,@DawitwoldeBerehanu,en,gymnastics
gNt9Pc5ziDU,Good morning and I hope all goes 🙏.,@DawitwoldeBerehanu,en,gymnastics
gNt9Pc5ziDU,Kanye saying this is iconic but everyone else using it is overrated,@Mojudunks05,en,gymnastics
gNt9Pc5ziDU,❤❤❤❤❤❤❤❤❤❤❤❤,@hakizandabatiza9788,unknown,gymnastics
gNt9Pc5ziDU,Telling people they are beautiful 65/100 💗💝!!,@Advicewsarah,en,gymnastics
n2-twYfq72s,Hope Brisbane 2032 doesn't botch its handover ceremony in LA 2028,@VictorYong36,en,
n2-twYfq72s,mi piace,@mohsiniqbal1193,it,
n2-twYfq72s,bellissima,@mohsiniqbal1193,fi,
n2-twYfq72s,I am going to be a volunteer at the 2028 Summer Olympics. I would like to carry the Olympic Torch.,@kevinestrada977,en,
n2-twYfq72s,t       o               m                c             r            u              i               s                    e,@MrCoreyTys,cy,
n2-twYfq72s,Co to miało być 👎,@marlenasuska5415,pl,
n2-twYfq72s,"Hugh Jackman should do the same for the closing of LA 2028, for Brisbane 2032",@folladordeprostis,en,
n2-twYfq72s,Howaa Tom!,@user-nr8vj3qf5l,so,
n2-twYfq72s,Song name please..,@sharadraj8003,en,
n2-twYfq72s,"""Hoy Olympics Sports! Bakit Magnanakaw Kayo? My Name Is Joseph Nicanor Galit.",@JosephNicanorGalit,en,
fPROAPx3A-Y,This match was way more difficult than final USA x Italy. Americans were meek with Italy.,@panbaco,en,cycling
fPROAPx3A-Y,"Because Italian team destroyed them, there was no match.",@danilorossi8743,en,cycling
fPROAPx3A-Y,CHOrANDO SE FOI LAS BRAZUCAS LALA LALA LA LA,@ITHINKDAFUCKNOTYOUTRICKASSBITC,de,cycling
fPROAPx3A-Y,"Two monsters competing could have been the final for the gold, what a match!
Brazil failed in the 3rd set and paid the price at the end, the USA never fails in the decisive moments.
Italian commentators are often not impartial here they sided with Brazil.",@ragindo,en,cycling
fPROAPx3A-Y,Brazil or turkey bronze?,@user-we2tg6km1g,tr,cycling
fPROAPx3A-Y,TURKEY OF COURSE,@ITHINKDAFUCKNOTYOUTRICKASSBITC,vi,cycling
fPROAPx3A-Y,Пиндоски😮,@user-gi4yv7es6j,ru,cycling
fPROAPx3A-Y,Wl😅😮 1:54 po🎉od🎉my,@adamesaiberson9939,pl,cycling
fPROAPx3A-Y,no purple faces here?,@user-qf1fz5xg9c,en,cycling
fPROAPx3A-Y,WELL DONE U S A !!!,@teodorsuditu6800,en,cycling
fPROAPx3A-Y,"Well done USA, they beat the favorite team to win. Congrats to Brazil too, they put up a real fight. The other semifinal was disappointing and boring but this one was fire.",@kudzem,en,cycling
fPROAPx3A-Y,LOL. Favorite team...,@NoName-hg6cc,ro,cycling
fPROAPx3A-Y,Ya no suban la voz del narrador por favor. 😵‍💫,@Ikbenguillermo,es,cycling
wuzrrzKZK2k,"It's not a mistake at all, DPRK government is the only legal government of the whole Korea peninsula",@luyaoli3239,en,
wuzrrzKZK2k,북한 애들 지금 돌아가서 조때고 있는 중,@sjeoendiowksbsjsel,ko,
wuzrrzKZK2k,프랑스가 점점 저급해지네,@halfkiwi,ko,
wuzrrzKZK2k,"보통 이런 나라들은 똑바로 
하는게 없지",@tencentmeecha5142,ko,
wuzrrzKZK2k,"Republic of Korea: Introduced as DPRK
🇰🇷: GRRR
Chinese Taipei: introduced as Republic of China
🇨🇳: GRRRRRRR!!!!!",@pictobloxer5412,en,
wuzrrzKZK2k,I’m sure they have done this before,@seemaab,en,
wuzrrzKZK2k,The irony is the nation using Democratic word is an autocracy and the one not using is a democracy 😂😂,@SubhradeepGhosh-dp1jc,en,
wuzrrzKZK2k,"😆 The world is *full* of ridiculous ironies like that! 
Of all the countries in the world, which is the ONE where every different *state* has different policies, laws, even different beliefs and attitudes? Going from one state to another is many times like visiting another COUNTRY! 
Every state is very divided from each other.... Who? 
The *United States* of America. 🤣",@Simone-Bucn,en,
wuzrrzKZK2k,Poor paris Olympics ! So stupid and unprepared!,@yangheejin1004,en,
wuzrrzKZK2k,At least the flag was the right way up,@zenko247,en,
wuzrrzKZK2k,XD,@Ammar_Tawwaf,so,
TIaBi6DOyq4,We all know what we know😅,@user-ws3hf2xd9r,en,
TIaBi6DOyq4,Patriot Snoop😊,@ennediend2865,nl,
TIaBi6DOyq4,AMERICA IS BACK🇺🇲💪,@ennediend2865,en,
TIaBi6DOyq4,Snoop is on drugs❤,@lucylovic,af,
TIaBi6DOyq4,They should of both got a gold ...5/1000s of a second. BS. Some should complain. I thought the Jamacian won.,@lucylovic,en,
TIaBi6DOyq4,"Bhai , wo black shirt wall to noah lyles nikla",@adarshhatai1411,en,
TIaBi6DOyq4,Yesss,@qwerty7761,fi,
TIaBi6DOyq4,Better' is Jamaica runner may be best luck lyes win medal may be this is last gold for lyes😢😢😢😢,@jebasjebas6140,en,
TIaBi6DOyq4,Hepsine madalya verilmeli 😂😂😂😂😂,@Transformation9,tr,
TIaBi6DOyq4,By this technology American will win... because all technical judges are american 🐶,@KaushalKumar-yk9rs,en,
ENz3cWPQP-A,Pilitische Spiele👎👎👎👎👎👎👎👎👎👎👎👎👎👎👎👎👎👎👎👎👎Olimp im Alte Zeit geblieben👎👎👎👎👎👎👎Spinerei.Politik Sport gewochnen.👎👎👎👎👎👎,@aleksandervollenweider9476,de,cycling
ENz3cWPQP-A,"OH 2024,hry teploušů,zvrácenosti.Odporné,už tak zmizele hlavní myšlenka olympionismu a teď je z toho nechutný cirkus zvrácenosti a podpory války.Plně bojkotovat a anulovat výsledky",@VladimírPech-e5l,cs,cycling
ENz3cWPQP-A,"Women's 10,000???",@markrothwell6001,nl,cycling
ENz3cWPQP-A,Super happy for Rai Benjamin! Finally he got his moment of glory.,@ivicapavic3381,en,cycling
ENz3cWPQP-A,Nafiiiiii ❤❤❤ 🇧🇪,@yserosyseros1677,so,cycling
ENz3cWPQP-A,NICE COLLAGE !!!,@teodorsuditu6800,vi,cycling
ENz3cWPQP-A,Paulino is a man.,@Michael-presents,tl,cycling
XjxWQho0vn0,Italy thought let's do an haikyuu match and be the underdogs.,@zaneassefa7711,en,cycling
XjxWQho0vn0,Great game. Both teams played well. A 5-set game. Truly competitive. That's how it should be. High level performance by both teams. Athletes!,@VladimirMizich,en,cycling
XjxWQho0vn0,Italy remembered there was no friendly match,@michelle2005-1,en,cycling
XjxWQho0vn0,L'highlight è stato l'ace di Capitan Simone Giannelli ad annullare l'ennesimo match point nel terzo set...,@RickyRomano2002,it,cycling
XjxWQho0vn0,"Lubię Japonię i myślałem że Polska vs. Japonia będą w finale, Polska jest a Japoni nie ma 🇵🇱👍🇯🇵",@Dejaka,pl,cycling
XjxWQho0vn0,"E si và fuori con la Francia,vergognatevi!!Senza carattere e senza palle!!!",@francescobrengola9252,it,cycling
XjxWQho0vn0,"Devastated for Japan, I feel like we were all rooting for them",@Dubhaltagh,en,cycling
XjxWQho0vn0,"Grande impresa, ma il “commentatore tifoso” anche no…più professionalità",@riccardoguareschi193,it,cycling
XjxWQho0vn0,"battiti cardiaci a 3000, bravi tutti e due",@galleppe,it,cycling
XjxWQho0vn0,It s very hard to play when you have to jump with two balls of steel,@andreacarboni9501,en,cycling
orxfe-uLod8,Aguri,@premalalvaz4,id,cycling
orxfe-uLod8,Tosti e cazzuti,@fedark85,it,cycling
orxfe-uLod8,"Azzurri Volleyball come il Piave"" Non passa lo straniero""...Immensi azzurri ❤️🤍💚",@danieleferri9809,it,cycling
orxfe-uLod8,😃😇💚🤍❤💘😘,@RenzoColameoIrlanda,unknown,cycling
orxfe-uLod8,"Tantuuuusss sacares na rede, pelo amor de Deus em técnico é olimpíadas exima eles, faz favor.",@adrianoprado7276,pt,cycling
orxfe-uLod8,"Nossa que Brasil é este….. estão achando que é um trino deles, a Itália arrebentou o Brasil, passeou encima, que vergonha adiamo….. parabéns Itália 🇮🇹",@adrianoprado7276,pt,cycling
orxfe-uLod8,Romanò!!!,@gioz92,it,cycling
orxfe-uLod8,Grande partita :),@RaffaeleSanseverino,pt,cycling
orxfe-uLod8,Congratulations Italy from Poland ... See you on Saturday  🙋‍♂,@dominikkaszubski6676,en,cycling
orxfe-uLod8,Grandi🇮🇹👏👏👏,@dulcecisneros2331,af,cycling
yzU0WngfJCU,Watch all the #Paris2024 🏸 Badminton action ➡ https://go.olympics.com/watch,@Olympics,en,
yzU0WngfJCU,"@@Olympics Thankyou. The broadcaster will remove the streams in a few days but on YouTube it remains as a learning tutorial for aspiring players. If not now due to legal obligations, please upload these streams after a few weeks / months. They are ready references for evaluating and improving. Thank you once again.",@AKSHAYKUMAR-xx2ed,en,
yzU0WngfJCU,Viktor Axelson vs Kento Momota = Viktor lose lose and lose. Viktor vs Lee Chong Wei = Viktor Lose lose and Lose 😂,@nopikwarisman5859,no,
yzU0WngfJCU,"Yes, cause Viktor wasn’t in his prime back then 🤷‍♂️",@kasperrieberg3495,en,
yzU0WngfJCU,Lakshya would have played better than this guy,@jaini3676,en,
yzU0WngfJCU,"The only player against whom victor used to struggle was Momota, the biggest What If player..a player with so much to achieve",@MegaJinku,en,
yzU0WngfJCU,Chỉ có lin dan mới xứng tầm,@MaiLan.93,vi,
yzU0WngfJCU,Diminutive asians are no match for taller white men.,@ronaldchristenkkson,en,
yzU0WngfJCU,exelsen ERA,@dekjo6632,ca,
yzU0WngfJCU,LCW can't relate 😂,@ZAcharyIndy,ro,
yzU0WngfJCU,❤,@viktoraxelsen7830,unknown,
yzU0WngfJCU,It's great to see my national Thai player play against axelson 🙏🙏,@Insanity_48,en,
H-L3WT6b79A,Wrestlers and Judokas 💀,@Ormagoden420,en,
H-L3WT6b79A,That's why they got Medals.,@IndianGrinds,en,
H-L3WT6b79A,Just proves men will always be stronger and have a biological advantage.,@SamTankko,en,
H-L3WT6b79A,I mean yeah.. they are men,@swag.-.,en,
H-L3WT6b79A,Simone killed that!! Way ahead of the other swimmers,@Ineddiblehulk,en,
H-L3WT6b79A,That's kinda crazy considering they grip and have sex with eachother,@heinrichmaneuver6871,en,
H-L3WT6b79A,Just got 168 lb,@kaidenhall9818,en,
H-L3WT6b79A,"You should try with wrestlers, boxers and weightlifters definitely it'll be higher",@abalaji9143,en,
H-L3WT6b79A,Track and field got bruralized by the swimmer,@user-un8jx8yo7z,en,
H-L3WT6b79A,as a golfer I get 67kg (147 eagle feathers),@Jeebizz101,en,
H-L3WT6b79A,"Bro, the track and field man looks like frozon from the Incredibles😂",@SunnyAva12,en,
wa7HpWw7DEk,"Those speech classes got Beyonce talking like an adult. Lol. Actually, I commend her for acknowledging and seeking to excel in her speech. A lot of famous ppl think they're perfect and have no room for improvement. This video is dope!",@shaquillabrown8530,en,
wa7HpWw7DEk,Martin Kimberly Clark Christopher Jackson Kimberly,@NoelUpton-m1c,en,
wa7HpWw7DEk,Lee George Wilson Charles Jones Joseph,@GalbraithWinni-x3n,en,
wa7HpWw7DEk,Perez Sharon Brown Donald Harris Joseph,@ronniegilmore6676,en,
wa7HpWw7DEk,The bland way the fellas said you’re pretty swell gets me everytime 😂,@CharlieSaccodance,en,
wa7HpWw7DEk,US second to non in manipulating xD,@heikoassassin123,en,
wa7HpWw7DEk,Martinez Margaret Garcia William Jackson Patricia,@CatharineFay,en,
wa7HpWw7DEk,Williams Michelle Martinez Dorothy Brown Susan,@MeganGrant-s9j,en,
wa7HpWw7DEk,Lewis Maria Perez Kimberly Robinson Barbara,@DonnaBoyleh-h5c,id,
wa7HpWw7DEk,Taylor Ruth Robinson George Lee David,@NormanMoore-l4i,en,
xCCDhMuWUnk,"vous avez deja vu une femme voler la vedette a un gagnant , ben non, les blancs et asiat, te demande en mariage, ou te choppe .. et les africians te tuent .. mais TOUS supportent pas la victoire d'une femme sans focaliser sur un mec.. qd demande t'on a Zidane si sa femme le coach comme il faut ??",@delphinebrun4964,fr,
xCCDhMuWUnk,On avait David Guetta mais comme c'est un homme hétérosexuel il ne correspondait pas au casting woke....,@durantlucien7361,fr,
xCCDhMuWUnk,On voit pas grand chose .. dommage,@claireseugnet5219,fr,
xCCDhMuWUnk,❤❤❤❤❤❤❤❤,@aureliesubrini50,unknown,
xCCDhMuWUnk,French Loveur...❤,@ennediend2865,de,
xCCDhMuWUnk,Un réel plaisir ces J O,@babaetzoe8979,fr,
xCCDhMuWUnk,Il est tellement fière de sa chérie (australienne) qui n'en a rien à cirer de la défaite de sa compatriote 😂,@lado0353,fr,
xCCDhMuWUnk,Ils ont  ien réussi leur JO !!!,@anne-laurepfund3503,fr,
xCCDhMuWUnk,Pourquoi cette compétition n'est pas unisexe comme l'équitation ?,@melaniegrenier8873,fr,
xCCDhMuWUnk,Parce que l'écart musculaire entre un homme et une femme créerait des écarts sportifs,@omgmartial5317,fr,
xCCDhMuWUnk,Attention Zemmour risque de pas le trouver suffisamment patriote.,@ouassinidechezcarglass9482,fr,
BpWDRoQEG7o,Adidas,@ShrimanSrinath,pt,
BpWDRoQEG7o,From one country to another our whole country supports you ❤️🇨🇦-🇺🇦,@CoolBiscuitsnMilk69,en,
BpWDRoQEG7o,In n out sponsor 2028 Olympics with a food truck at every event giving out free burgers,@gamersupps3274,en,
BpWDRoQEG7o,"Maybe the US mint or whatever country is hosting the olympics. A mint ks a place that creates coins so a national mint making the medals would be very nice. Maybe they could also partner with Rafi jewellers, the biggest jewellery dealer, so they could add a special stone in medals",@twichygaming3437,en,
BpWDRoQEG7o,Klymangos is the only right answer😂,@Marta-mi4ws,en,
BpWDRoQEG7o,Apple,@Mass.K_sng,en,
BpWDRoQEG7o,Airbus with a couple of simulators would be good,@mdabdale,en,
BpWDRoQEG7o,Lego. A set for ever stadium or arena,@peterthompson2626,da,
BpWDRoQEG7o,"Apple "" Every Apple, Every Olympian""",@Clonewarsfan1,en,
BpWDRoQEG7o,"Yeah that's funny, we don't really know ranch or have ranch. And if we do have that here u wouldn't know where to find it",@koen4746,en,
iE8Yh8ovG2E,the male commentator is either clueless or a hater,@akdnasliufkasbvdkuad,en,cycling
iE8Yh8ovG2E,I like this kid,@user-et3yj1rb3z,et,cycling
iE8Yh8ovG2E,His japanese coach was there in Paris?,@desireeayala9577,en,cycling
iE8Yh8ovG2E,Congratulations nkakatuwa  Kang panoorin huhuhu,@guenuvevabisaya,tl,cycling
iE8Yh8ovG2E,Ein Ryo Ishuzuki Kanawanga Ruckizuki,@frankengelmann7184,sw,cycling
iE8Yh8ovG2E,"Congrats to Carlos and the Philippines. All Philippinos I met in my life were honest, hard working and cheerful men and women. Cheers to you all from Hungary!",@gyozop,en,cycling
iE8Yh8ovG2E,"Congratulations CARLOS YULO.. all decades of hardship,hard work,dedication payed off.  The future of Philippines gymnastics is coming so bright after winning YULO fever in Philippines at its highest and every children watching at you wanted to be you ….thank  you Eurosport… for uploading it .",@mindaluzsaipuddin5657,en,cycling
iE8Yh8ovG2E,🇵🇭Congrats! 🇵🇭Carlos Yulo🎉🎉🎉 from Cyprus,@nellysadventurechannel,en,cycling
iE8Yh8ovG2E,Cngrats carlos❤,@annalissasubrino9447,ca,cycling
iE8Yh8ovG2E,❤,@christianfortunaable,unknown,cycling
m72sv1Dt4Rc,Goat,@hirendrall7215,ro,
m72sv1Dt4Rc,❤❤❤,@abvgd12348,unknown,
m72sv1Dt4Rc,My new hero... GOAT in everything! Respect!,@banadoora1,en,
m72sv1Dt4Rc,"My favorit 
From Indonesia❤❤🎉🎉",@dedisaputra3774,en,
m72sv1Dt4Rc,Simply the great,@ValeHow-de5ts,en,
m72sv1Dt4Rc,"¡Nole, tú puedes dar fe de QUE NO EXISTEN LOS IMPOSIBLES, cuando Dios ha estado siempre a tu lado, dándote bendiciones y Dones=Inteligencia!🙏🙌💕🕊🎾🌈😇👏💐🤝🏻",@krmyna1,es,
m72sv1Dt4Rc,Bravo Kralju Nas,@vukadinspasojevic3901,hr,
m72sv1Dt4Rc,❤He is amazing as a player and as a human beeing.  Thank You Novak!,@eszterkozar548,en,
m72sv1Dt4Rc,Beautiful,@paulwilson6260,ro,
m72sv1Dt4Rc,"Você repara que a mente dos vencedores é independente de idade, país, língua. Perdemos Silvio Santos que, dezenas de anos atrás, falava a mesma coisa que o Djoko... e veja a lenda que Silvio se tornou... e a lenda que Djoko também se tornou. São homens, dentre poucos no mundo, que são verdadeira inspiração para todos.",@BrunoMendesBH,pt,
zssw8yXON1Y,Yet another politically motivated decision - the Ref should be banned from all future matches.,@bobdylan7120,en,cycling
zssw8yXON1Y,Cant give red card to their owners. 🤫,@SrbendaNo1,en,cycling
zssw8yXON1Y,The Chinese players looked like nothing happened and some teammates even appeared to comfort or defend their player. They really have no shame...,@JohnSmith-hq6fl,en,cycling
zssw8yXON1Y,Thats assault. 😮,@jayt1n,en,cycling
zssw8yXON1Y,Chinese players are so NOT sporty,@freda3995,en,cycling
zssw8yXON1Y,Crap decision .. Belgian player should have got nothing … she showed restraint in not thumping the Chinese player . The Chinese player should have got a lifetime ban,@oldguy2976,en,cycling
zssw8yXON1Y,2:18,@ariffinyeop7623,unknown,cycling
zssw8yXON1Y,"If you can't play hockey in a fair way go the f home, China.",@MichielYbema,en,cycling
zssw8yXON1Y,Very bad sportmanship by the Chinese player. Red card was due!,@lodjurlynx9939,en,cycling
zssw8yXON1Y,Gutless referee dangerous play not got punished political correctness,@martinlewis1642,en,cycling
Sc7_qr0hWFM,Wondering where to watch #Paris2024 🏊 Swimming action? ➡ https://go.olympics.com/watch,@Olympics,en,
Sc7_qr0hWFM,"STOP POSTING YOUR WOKE FILTH.
SHAME ON YOU",@user-xt6bd4qm5g,en,
Sc7_qr0hWFM,"what la you ! when pan zhan le won 100M , y olympics showed only Australia kyle chalmers？puiiii",@lcb8888,en,
Sc7_qr0hWFM,what a lousy admin,@lcb8888,en,
Sc7_qr0hWFM,"shame on u, your parent didn't teach to be a fair guy? what a lousy person",@lcb8888,en,
Sc7_qr0hWFM,❤❤❤❤❤❤,@sandeeppodder5847,unknown,
Sc7_qr0hWFM,"The last American female swimmer really won with 
１００% PURPLE FACE power。",@willy-sw4dg,en,
Sc7_qr0hWFM,Pan❤,@vivekhs8086,tl,
Sc7_qr0hWFM,"In the 1500 freestyle, where are the rest of the Ladies toward the end of the  laps? Did they drop out? 🤔🤔",@CoreHibb,en,
Sc7_qr0hWFM,Who wants Pan & Leon fighting for same event 😊,@PeacefulPineTrees-rl1if,en,
Sc7_qr0hWFM,Zhenle's feet movement is sooo quick.,@pukningyawa465,nl,
Sc7_qr0hWFM,Pan broke his own world record.,@monstertj9861,en,
Sc7_qr0hWFM,Ledecky is legend,@musickiduniya..9912,nl,
Sc7_qr0hWFM,Pan Zhanle ❤️👍GOAT👏👏👏,@chingchen6012,tl,
pAspb90jDZ4,Que espectacular final de carrera 😊😊,@jujobluecaba,es,cycling
pAspb90jDZ4,As usual the miserable french lol.......,@iancrichton,en,cycling
pAspb90jDZ4,"Incredible the winner came back to win after a puncture-! Amazing & *totally deserved!* 💖 I love the Olympics for how good natured /sporting it is; respectful & appreciative regardless of flags, healthy priorities - shame of the few 🤡 who betrayed that, & in front of kids. btw it's a 𝗥𝗔𝗖𝗘 not 'Follow my leader' - *TWO lines for a REASON* - & instead of following, Tom zipped thu' the other side. Koreztky tried to cut back in unaware & nearly took them both out. Most of the crowd were also unaware; just boo-ing as their hero suddenly wasn't winning. Le wnkers.. :/",@TheMercury-13,en,cycling
pAspb90jDZ4,Those French boos are the sweetest music to an Englishman's ear ❤,@artsed08,en,cycling
pAspb90jDZ4,No chance against a doped road cyclist 😂,@ukyo6195,en,cycling
pAspb90jDZ4,Warum ist das denn nicht mehr in der Mediathek von ARD / ZDF,@ukyo6195,de,cycling
pAspb90jDZ4,Im so happy i could watch whole race,@asdqwewow6037,en,cycling
pAspb90jDZ4,"Les français, des supporters pathétiques...",@samuelkerremans9454,fr,cycling
pAspb90jDZ4,"thats a fair and square win. the frenchman took the wrong line, thats the problem.",@SimonBauer7,en,cycling
pAspb90jDZ4,"he took the right line, it was just that he had Tom against him #bikehandlerextraordinaire",@andreasolsson2336,en,cycling
pAspb90jDZ4,WELL DONE GB !!!,@teodorsuditu6800,de,cycling
3n0790E8qTI,Abbiamo battuto la Turchia e poi USA e ci siamo presi quella bellissima medaglia 🥇,@federicalascari4983,it,cycling
3n0790E8qTI,Türkiyeden italyayı tebrik ediyorum hak ettiniz egonu yu seviyoruz,@mcquennn,tr,cycling
3n0790E8qTI,GOLD! E' ORO! OROOOOOOO!,@NoName-hg6cc,pt,cycling
3n0790E8qTI,Ricordo quando alle olimpiadi di Sidney del 2000 i giocatori della nazionale maschile facevano i professorini con le giocatrici della femminile che allora disputava la sua prima olimpiade. Dopo tanti anni mi sembra che siano le ragazze a poter dare una lezione ai ragazzi.,@francescoplanb3567,it,cycling
3n0790E8qTI,"Serbia were outcoached for 3 sets, so heartbreaking. It shows the difference a good coach can make.  Velasco is a master.  Guidetti is a disgrace: he took the best team in the world with the best player in the world (Boskovic) and literally took it apart in less than 2 years.  The problem with Guidetti is that he can't speak Serbian but he can't speak English either. He gives instructions in such a broken English that I seriously doubt the girls can actually understand what he's saying.",@dax_5486,en,cycling
3n0790E8qTI,Dream dream,@user-qf6td3oc5w,ro,cycling
3n0790E8qTI,Come volevasi dimostrare: Italia in finale!!!,@theCatsitter878,it,cycling
3n0790E8qTI,Andata !!! Le nostre ragazze sono in finale !😛🇮🇹🇮🇹🇮🇹🇮🇹🇮🇹🤫🤫🤫,@robi8162,it,cycling
3n0790E8qTI,Chef Julio is cooking… ⏳,@matteotraversari1727,en,cycling
3n0790E8qTI,🇹🇷😎,@EmrahCetinkaya-mb2bs,unknown,cycling
3n0790E8qTI,🇮🇹😛,@robi8162,unknown,cycling
3n0790E8qTI,👋🏼👋🏼👋🏼👋🏼👋🏼👋🏼👋🏼👋🏼👋🏼👋🏼👋🏼👋🏼,@fabioarcuti,unknown,cycling
3n0790E8qTI,Bu yıl formda değil aşirı aşiri şanslılar sadece bu,@Bahat-bf8pg,tr,cycling
3n0790E8qTI,"oh yes, Italy-Turkey 3-0",@waltertonelli2174,en,cycling
SvGMSrYcsjk,So this is what they replaced karate with?,@dusansumonja1797,en,cycling
SvGMSrYcsjk,I like her energy! Raygun,@afrikansamurai,no,cycling
SvGMSrYcsjk,ลูกเราก็นอนกลิ้งแบบนี้เลยเดียวสางไปโอลิมปิกบ้าง,@parichayakoestner4471,th,cycling
SvGMSrYcsjk,It’s giving me second hand embarrassment 🤦‍♀️,@jessicarobinson3268,en,cycling
SvGMSrYcsjk,"No wonder she scored 0. Well, that gives me hope one day I’ll get into Olympics 😂",@eDn_7,en,cycling
SvGMSrYcsjk,This is what happens when you introduce breakdance as an Olympic sport.,@illkickyouinthenuts,en,cycling
SvGMSrYcsjk,Professional epilepsy,@jfowler.01,en,cycling
SvGMSrYcsjk,omg I feel ashamed for her,@GameGuidesandReviews-zy2ob,en,cycling
SvGMSrYcsjk,I don't know what that is but i know it's not breakdance,@ellenmillqvist7977,en,cycling
SvGMSrYcsjk,Is this olympics or paralympics?,@charliedadude,en,cycling
AwgDhsT-FH0,Los juegos olímpicos han perdido mucho😂😂😂,@hectorcosta7951,es,gymnastics
AwgDhsT-FH0,This must be one of those OF olympians 😍,@ThePeteSandoval,en,gymnastics
AwgDhsT-FH0,Desde un principio supe que era loca de closet,@juliodepalma5817,es,gymnastics
AwgDhsT-FH0,What a homosexual,@Bacabrazzers,en,gymnastics
AwgDhsT-FH0,$exual.,@ryansaldanha,ca,gymnastics
AwgDhsT-FH0,What`s his name?,@reuterromain1054,en,gymnastics
AwgDhsT-FH0,Me vuelve loco❤️‍🔥,@ai_que_delicia,es,gymnastics
AwgDhsT-FH0,Then people get mad at me when I say beauty is power,@user-du4ku9vo1g,en,gymnastics
AwgDhsT-FH0,👀,@1Kent,unknown,gymnastics
AwgDhsT-FH0,Alguien sabe el nombre de la melodía de fondo.?,@juanantoniorodriguezsuarez3082,es,gymnastics
0Cz1VuDeTKk,Not the official Olympics channel using this audio 😂😂😂😂,@spde,en,
0Cz1VuDeTKk,His “can’t see” face is also his smolder😂,@G.of.J.,en,
0Cz1VuDeTKk,The music is awful,@Qaboosable,en,
0Cz1VuDeTKk,❤❤,@katysiris4258,unknown,
0Cz1VuDeTKk,He is handsome!! OMG I caaaaan’t!,@justadjie,nl,
0Cz1VuDeTKk,The amount of core strength and control gymnasts have of their bodies absolutely blows my mind.,@HotelWhiskey333,en,
0Cz1VuDeTKk,Aint no way the official olympics made a fan cam for stephen😂😂,@dkeue-k-fkzlsk,en,
0Cz1VuDeTKk,Bruh. How insane was the Gold if this was the Bronze?,@ameliamignonettethermopoli7858,en,
0Cz1VuDeTKk,It's hard having strong prescription glasses from a young age. Really messes with your confidence.,@_asantesana_squashbanana_,en,
0Cz1VuDeTKk,*gulps*,@Nuckingfutsnix,lv,
r070jOrMm3I,Jolie sourires,@alaintobal456,fr,
r070jOrMm3I,Le sourire de la canadienne est magnifique...et tout redescend 👍🤗,@enzolocca,fr,
r070jOrMm3I,but what was the problem?,@marekbanton3714,en,
r070jOrMm3I,Imaginen un mundo en PAZ.😅,@JoseLozano-im7sh,es,
r070jOrMm3I,Elles sont belles ces canadiennes,@jacquesnicolas9650,fr,
r070jOrMm3I,J'adore le beach volley... enfin plutôt  les belles filles,@gillesplat9071,fr,
r070jOrMm3I,"Elles sont remontées purée !!
Sûrement les hormones mélangés avec la rage.
Le cul à l'air n'aura cette fois pas suffi pour amadouer l'adversaire !",@MasterJZ67,fr,
r070jOrMm3I,J'ai vu tes fesses et crois moi que ce n'est pas l'endroit pour les montrer....Oui mais moi j'ai un short pas comme toi...espèce de .............sifflet de l'arbitre...,@user-lt4rf1kn3g,fr,
r070jOrMm3I,Par contre le public bresilien🤢🤮,@shomarigwad2151,fr,
r070jOrMm3I,"du génie meme, j'avais raté ce moment incroyable",@lNIESTA34,fr,
n4r6cG-tA4I,“Challenging” is not the right word to describe her “performance”! 😂😂😂,@jessicaparsons8857,en,
n4r6cG-tA4I,"If she wasn't a joke meme online, I wouldn't have known breakdancing was in the Olympics.",@peterplus2001,en,
n4r6cG-tA4I,His made a big mistake that embarrassed his own country,@NagaPova,en,
n4r6cG-tA4I,"So she has a scammed title at a university,she scammed her way in the competition and her husband was one of the judges of choosing real talented people,she should be charged with criminal and scamming the system charges",@Rickstoretcg,en,
n4r6cG-tA4I,"I'm officially handing in my white card! With a sad heart I can no longer say I'm a proud white man!
(Within context I'm being a smart-ass)",@philliplarabee112,en,
n4r6cG-tA4I,Go team Australia 😂 Maybe next time Raygun will get one point?,@Elon.Musk6666,en,
n4r6cG-tA4I,Why do people keep calling her a b girl? She can hardly dance let alone break.,@user-sw8ob1ld2q,en,
n4r6cG-tA4I,"The world watching 😱: WTF 😑
Australians 🇦🇺 watching: 😎👏👏👏",@serjiobinks91,en,
n4r6cG-tA4I,"""Talented dancer""😂😂😂😂😂😂😂
Up your dance game Australia.",@shannonterry4863,en,
n4r6cG-tA4I,Her facial expressions are hilarious.,@jorgealvarez3315,en,
Uj5fyQKcAUY,Круто!!!❤,@Человек-д4ю,bg,
Uj5fyQKcAUY,"Yes, she certainly has a lot of strength",@marielfalk4537,en,
Uj5fyQKcAUY,She left the floor,@BobchoDrobchoOfficial,en,
Uj5fyQKcAUY,She is a powerhouse!,@ANNA-sd5ys,en,
Uj5fyQKcAUY,Last second GYATTTT,@Boku_q,en,
Uj5fyQKcAUY,Simone Biles has an extraordinary strength and power in her skills. 💪 ❤❤❤🎉🎉🎉.  🙏,@eloisadominguez6321,en,
Uj5fyQKcAUY,She is the Goat,@eleanorferguson9857,en,
Uj5fyQKcAUY,She needs to teach now. She IS the Goat,@eleanorferguson9857,en,
Uj5fyQKcAUY,Incredible height and power in those tumbling runs!!!,@khubza8999,en,
Uj5fyQKcAUY,"Simone Biles est sensationnelle, j'espère qu'elle restera dans la mémoire des Jeux olympiques🥇félicitations depuis la France ! 🇫🇷 🇺🇸",@lunalc.3140,fr,
DLPRpsDKvnc,"this comment section is literally stupid. yall hating on cis women for being trans? girl literally won, what are you mad about",@sabrinasmyspace,en,cycling
DLPRpsDKvnc,looser,@RodrigoRojasMoraleda,et,cycling
DLPRpsDKvnc,Spero che qualcuno si ribelli quello che abbiamo visto tutti e vergognoso,@B3lZ96,it,cycling
DLPRpsDKvnc,Being trans is fine but making a ex boy fight against a girl is not good male bodys are bigger and stronger,@OctoMerlin,en,cycling
DLPRpsDKvnc,🇩🇿🥇,@Wes-Evans,unknown,cycling
DLPRpsDKvnc,Włoszka się spotkała z nie tą ligą osobiście uważam że rywalka jest kobietą chodź trochę męską ale jest kto najlepiej wziąć do pięściarstwa laleczki czy twarde baby wyglądające jak chłopy ! Widząc to zaczynam myślęc czy nie było tak samo z naszą reprezentantką trafiła na twardą sztukę wyglądającą na faceta ale może sport i pięściarstwo z niej taką osobę zrobiło nie wiemy tego my komentujący napewno więc ja osobiście cofam to co napisałem lecąc za stadem baranów jak baran sorry i gratuluję zwycięstwa,@blady_vip,pl,cycling
DLPRpsDKvnc,"Khelif è  donna ed è  la migliore,infatti ha vinto l'oro. La carini è  una vergogna per l'Italia.",@riccardopavese6306,it,cycling
DLPRpsDKvnc,I hope Imane sues,@taintedmuse6169,fr,cycling
DLPRpsDKvnc,😂😂😂😂,@AboRayan306,unknown,cycling
DLPRpsDKvnc,Italian boxer lost and couldn’t handle it,@dailymeme..1993,en,cycling
pklgxK92l7U,I’m so proud of 김예지 !! 대한민국 👏👏👏👏👏,@alien6002,en,athletics
pklgxK92l7U,This is so iconic ❤😭🙌,@HufflepuffsPanda,en,athletics
pklgxK92l7U,100% made by a woman. Where’s Lopez? Where’s Yusuf? Where’s brazilian surfer?,@amensbuildingjourney,en,athletics
pklgxK92l7U,Get over yourself.,@delilah8476,da,athletics
pklgxK92l7U,It's okay for something to not be about men for 50 seconds sweetie ❤,@HufflepuffsPanda,en,athletics
pklgxK92l7U,"@@HufflepuffsPanda  are you serious?? So you’re just gonna ignore the last video?? Where she put a male genitals on display?😂😂 not about men you say? This is Olympics iconic moments. None of those are the Olympic iconic moments, even the women side",@amensbuildingjourney,en,athletics
pklgxK92l7U,@@HufflepuffsPanda cry,@amensbuildingjourney,en,athletics
pklgxK92l7U,His pole hit the pole lol,@Bakerdoggo23,en,athletics
pklgxK92l7U,"Pommel horse guy, lol",@blufaerie,da,athletics
pklgxK92l7U,"🇱🇨🥇
🇺🇦🥇
🇰🇷💯
🇺🇲🐐
🇺🇲🐴
🇺🇲💯
🇫🇷🍆",@aislynnmari,unknown,athletics
pklgxK92l7U,France! 😅,@aislynnmari,fr,athletics
zET5u1S1pWM,"Hiii besties! If you enjoyed this, please like & subscribe for more content like this 🫶❤️ (& a Gold medal ☺️🥇) LY! ❤️",@Sussan_Mourad,en,gymnastics
zET5u1S1pWM,Uanatqahgwahwhahtwsyqgahqhwhqhnwwtahwhwhwhwtwywhw wg whahywshwgahwhwhwhabwhahwhahwyahwhanqhbwhahwyahwt nu twtwahtwjwtwhwwhaytwaywhhwgwhwwhahwgahwhwywhahwgahtwagwgahwh,@filipacarlos4244,cy,gymnastics
zET5u1S1pWM,she did it after taking drugs banned by wada ..but USA govt did corruption here to make there country's name,@MDsahil77743,en,gymnastics
zET5u1S1pWM,Hzedc to!,@Oto-z1d,pl,gymnastics
zET5u1S1pWM,@@Oto-z1d wjsumwuwajuwajuwsjwjajywsjhsahejahusajheajusajheahyemajshajsnahhsanhsshaisjansjusShwhshywahywshtwshgwshwhahwnsywahwgahwhshwhshywmsgwahwh,@filipacarlos4244,sw,gymnastics
zET5u1S1pWM,❤❤❤❤❤❤❤❤❤❤❤❤❤❤❤❤❤❤❤❤❤❤❤❤❤❤❤❤❤❤❤❤❤❤❤❤❤❤❤❤❤❤❤❤❤❤❤❤❤❤❤❤❤❤❤❤love simon biles,@rubymessick9325,unknown,gymnastics
zET5u1S1pWM,I look like simon biles.😊,@rubymessick9325,et,gymnastics
zET5u1S1pWM,Love simon biles.,@rubymessick9325,it,gymnastics
zET5u1S1pWM,She is the best,@amandanovakowski6484,en,gymnastics
zET5u1S1pWM,whats simones actual channel?,@ellaa-qe6mu,en,gymnastics
zET5u1S1pWM,Imagine being around someone you know you won't be able to beat and just set your goal at silver,@sayittomyfaceidareyou8629,en,gymnastics
zET5u1S1pWM,I was extremely impressed by her performance. Not the skill but by the courage,@johnnyapples8336,en,gymnastics
zET5u1S1pWM,Her God is the Goat !!!!!,@christinecrossland4935,en,gymnastics
zET5u1S1pWM,Simone biles x Rebeca andrade,@Carlos_fan_cr7,es,gymnastics
yVP4YgaBsT4,Instant karma 😂😂😂,@guru1999.,id,badminton
yVP4YgaBsT4,Karma,@lightup2211,id,badminton
yVP4YgaBsT4,"Karma is a boomerang 🪃,it always comes back 💯",@chotuatul4606,en,badminton
yVP4YgaBsT4,This makes me wanna cryyy😊,@DirtyMindedFreak,en,badminton
yVP4YgaBsT4,Acting mind,@roji5198,tl,badminton
yVP4YgaBsT4,Satisfaction level... She deserves it 😂😂,@D24-,en,badminton
yVP4YgaBsT4,"Game over
Insert your coin .....",@user-ht5he1uz6g,en,badminton
yVP4YgaBsT4,Karma,@krrishnamimrot7511,id,badminton
yVP4YgaBsT4,Karma,@RAJ_BHUMBLA,id,badminton
yVP4YgaBsT4,best moments in Olympic 2024,@minumyakult2kalisehari175,en,badminton
XJK6YDTcAjE,No Thomas flank?,@leanderstein5459,en,
XJK6YDTcAjE,Unbelievable!,@jolofreebird3475,da,
XJK6YDTcAjE,Just wow. He’s floating.,@MrDerFranzel,en,
XJK6YDTcAjE,Какой гармоничный спортсмен🎉,@user-hf3fz6ln4d,ru,
XJK6YDTcAjE,Congratulations from Assam India 😅❤,@percyweasley9301,en,
XJK6YDTcAjE,and what a handsome lad too! From a Max Whitlock fan ❤😂,@bababaghanoush,en,
XJK6YDTcAjE,Absolutely mesmerizing routine,@kimberlee9608,en,
XJK6YDTcAjE,Amazingly flawless routine. I've watched it 4 consecutive times and his form & control are phenomenal. Can anyone identify the music in the background.,@67jeffbustos,en,
XJK6YDTcAjE,I am glad he gained the gold medal. he was so sad in Tokyo 3 years ago. brilliant work on pommel horse🎉,@limxiaoqing97061,en,
XJK6YDTcAjE,Loved it your great congratulations 🎉🎉🎉🎉🎉🎉,@marshajoseph4207,en,
obWcfHYfKeA,"Alhamdulillah, Indonesia juaranya.",@danieffendi1364,id,
obWcfHYfKeA,Viva Paulino y la República Dominicana....😮,@alexpinzon3734,es,
obWcfHYfKeA,"Desde Colombia creemos que Marileidy, tiene todo el talento para bajar la barrera delos 47 segundos y tumbar ese récord, le deseo toda la fuerza para que lo logre, así será. Felicitaciones",@alexanderzapata-x5f,es,
obWcfHYfKeA,She has such beautiful stide 😊,@22anamae,en,
obWcfHYfKeA,Sydney will eventually beat you Paulino,@drone4higher,en,
obWcfHYfKeA,Got 👥 to be become a 400 meters champion 🏆™®🦇,@sandrarichardson4639,en,
obWcfHYfKeA,Dominican Republic 🇩🇴,@mayor1governor817,ro,
obWcfHYfKeA,Paulino es hembra o macho .......,@jessicapaccha300,pt,
obWcfHYfKeA,Nunca falta el hijueputa para ofender las personas,@alexanderzapata-x5f,es,
obWcfHYfKeA,Big up Nasser?,@abcdefg7435,de,
obWcfHYfKeA,Fastest time ever by a non doper.,@footballvidshd5421,en,
HR7-K0nG3x4,What did we do when she was raped ?,@49amitkumargodcut,en,
HR7-K0nG3x4,Good comeback keep it ❤❤,@PinkiKeshri-sg3mf,nl,
HR7-K0nG3x4,She is joker,@sanatan_07712,en,
HR7-K0nG3x4,🥺🥺🥺🥺🥺🥺,@godlevelgaming431,unknown,
HR7-K0nG3x4,OUR PRIDE 💪💪💪💪🔥🔥🔥🔥🔥🔥🔥🔥🔥🔥🔥🔥🔥🔥🔥🔥🔥🔥🔥,@aiims891,unknown,
HR7-K0nG3x4,When i see her i literary cry 🥺,@im_inshu_ff,en,
HR7-K0nG3x4,I love her ❤,@im_inshu_ff,da,
HR7-K0nG3x4,😂😂,@ayushrajsingh9652,unknown,
HR7-K0nG3x4,PAR LOG    MAJAK BANA RHE HE,@Lakshminarayan.devoti,de,
0tlF_hENnho,Le calme et le sang froid d un tueur a gage ou d un sniper,@zouzoulala2725,fr,
0tlF_hENnho,"Actually SilverFox Hitman (😂) got the best individual score (151), but his teammate made bad shots (145). The Serbians scored 149-149 and won the gold",@mugairkaya5024,en,
0tlF_hENnho,C’est un commandant en chef faut pas oublier ça 😊,@enesmalkoc-jh9qt,fr,
0tlF_hENnho,His posture looks like Talat pasha,@mihaylevcakr8976,et,
0tlF_hENnho,Leon  et encore la il n' est pas sur du tir instinctif sinon ce serait la médaille d'or,@ludoplomberie,fr,
0tlF_hENnho,Ce monsieur et le créateur du tanfoglio,@YahiaBoulaharajem,fr,
0tlF_hENnho,Ce gars est super mais la voix synthétique du commentateur est nulle et fatigante,@frankeinstein2516,fr,
0tlF_hENnho,"pour info, la main dans la poche c'est la position standard au pistolet. Le fait qu'il n'ai ni de lunette de tir ni de cache œil est beaucoup moins commun",@chinchenping,fr,
0tlF_hENnho,En tant que gendarme de profession forcément il a eu des formations pour apprendre à tirer,@colettem9649,fr,
0tlF_hENnho,Médaille d'argent uniquement dûe à son équipe...,@lamarmottedesinternets5134,fr,
dVayGhKRssA,Harry Callahan!!!,@jozsefantal4769,so,cycling
dVayGhKRssA,man,@norif.5570,tl,cycling
dVayGhKRssA,"У него очки с лазерной оптикой,подарок от тесла😂",@BLR1987,ru,cycling
dVayGhKRssA,the femenine 4x400 british team also did it in th olympics before the race when they get introduced,@koberamone1989,en,cycling
dVayGhKRssA,Nah even razgatioglu do that 😅,@Person29854,en,cycling
dVayGhKRssA,"Dikec, coolest guy ever 🥰",@selnuratasever4154,en,cycling
dVayGhKRssA,He has really set a new trend 😂😅,@tatjanaarandelovic9555,en,cycling
dVayGhKRssA,"Ok, the oroginal was cool, but this is getting boring now.",@mvibes5926,en,cycling
dVayGhKRssA,Real Turkish HitMan,@ilqarbakidan6438,en,cycling
dVayGhKRssA,copycats.  kinda lame,@puntvandekomma9498,ca,cycling
PShoJ76n8P4,"Ma perché per tutta la gara c'è scritto in grafica Balsamo/Guazzini, se Chiara si chiama Consonni?",@tatisakura81,it,cycling
PShoJ76n8P4,"Doveva correre Elisa Balsamo con Vittoria Guazzini, non stava bene e Chiara Consonni l'ha sostituita all'ultimo,  si vede che la grafica è stata informata in ritardo del cambio.",@mauroparrini1780,it,cycling
PShoJ76n8P4,Che commentatori… paura,@edoardocampari05,it,cycling
PShoJ76n8P4,MORALE A 300 MILA VAT,@giorgiograffino3724,hu,cycling
PShoJ76n8P4,La regia non capiva più chi seguire.,@vogliousareilmionome,it,cycling
PShoJ76n8P4,I am absolutely loving the extremely Italian celebration from Consonni at 10:17 🤌🤌🤌,@arnet95,en,cycling
PShoJ76n8P4,"That's the gesture for ""what the fuck did we just do?!?""",@stefanovitali2925,en,cycling
PShoJ76n8P4,Meravigliose! ❤,@gianmariopoggi7781,it,cycling
PShoJ76n8P4,this is such a crazy event so wierd to watch,@jackywatts8262,en,cycling
PShoJ76n8P4,"good to see italy winning with such conventional bikes, helmets and skinsuits as well",@chad1411,en,cycling
PShoJ76n8P4,You mean those Pinarellos with sawtooth tube profiles?,@l.d.t.6327,en,cycling
PShoJ76n8P4,@@l.d.t.6327 lol where were those bikes in this race then?,@chad1411,en,cycling
PShoJ76n8P4,"@@chad1411 AFAIK in this very race, the carbon version. Men raced the 3D printed magnesium version. Why the lol, are you under 18?",@l.d.t.6327,en,cycling
PShoJ76n8P4,"@@l.d.t.6327  lol, firstly this was the women's Madison which I commented on, not the men's, and as stated they raced on relatively conventional Pinarellos. secondly the Italian men also raced on these same Pinarellos in the Madison without the sawtooth additions that you were talking about. the 'lol' was for how standard it is for people to come on the internet to make misinformed comments. not sure what my age has to do with this?",@chad1411,en,cycling
PShoJ76n8P4,"@@chad1411 everything I read indicates the 2024 Olympic track pinarellos are offshoots from the hour record bike, with carbon for women, 3D printed magnesium for men in eg the team pursuit and maybe carbon for men in individual numbers / omnium, sporting the sawtooth feature on several tubes. They also have new bar / stem combos. Pinarello said they don’t see aero benefits in the Hope design with widened forks after extensive research. So yes the bikes seem to be conventional in design, but they aren’t price-wise, and are based on R&D costs that are in the same ballpark as the competition.
So in response to your pedantic latest response: 
1. I was talking about the  women madison as well;

2. The Bolide HR C  is constructed from carbon fibre, though shares the same design as the Bolide F HR 3D;

3. I'm not sure why you mention the standard of 'people to come on the internet to make misinformed comments' or maybe you're talking about yourself?

4. Your mental age / lol reaction indicates something below 18.",@l.d.t.6327,en,cycling
PShoJ76n8P4,"The madison needs to be a scratch race like in those 6-day events, the points thing just makes them incomprehensible",@DanArnets1492,en,cycling
PShoJ76n8P4,Don't touch my Madison!,@gasgano8255,en,cycling
PShoJ76n8P4,@@gasgano8255 - I hate it and that's including the medals by Spain,@DanArnets1492,en,cycling
PShoJ76n8P4,How about you grow a brain on the pointing? It really is not that difficult lol,@demi3115,en,cycling
PShoJ76n8P4,"@@demi3115 - We've all seen madison points races where the peloton stops existing so gaining laps stops making sense. Things have gotten so messy that we've seen races not get declared official until like 2-3-4 hours later. It's not a ""ME"" problem, the whole sport recognizes the issue.",@DanArnets1492,en,cycling
PShoJ76n8P4,"I find it very easy to understand, there is only 2 or 3 things that you need to know..",@UpsilonLV-089,en,cycling
PShoJ76n8P4,Complete madhouse !!! Congratulations to all participants ! Hats off to medal winners !,@MrVoayer,en,cycling
0LyXC7iOKE0,Carlos Alcaraz 🇪🇸🎾❤️,@mr.pinapinanoproducciones2194,es,
0LyXC7iOKE0,Sergio Camello 🇪🇸⚽️❤️,@mr.pinapinanoproducciones2194,it,
0LyXC7iOKE0,indahnya mewujudkan impian.. selamat ya.. atas perjuangannya..,@tajMuhammadZet,id,
0LyXC7iOKE0,Rebeca Andrade 😍,@lorenafranklin2625,es,
0LyXC7iOKE0,Why not Arshad he made history,@shehbazsiddique-xp9vh,en,
0LyXC7iOKE0,❤❤❤,@maxxolfenarim,unknown,
0LyXC7iOKE0,"I love you 1%❤️
 I love you 2%❤️
  I love you 3%❤️
   I love you 4%❤️
    I love you 5%❤️
     I love you 6%❤️
      I love you 7%❤️
       I love you 8%❤️
        I love you 9%❤️
         I love you 10%❤️
          I love you 11%❤️
           I love you 12%❤️
            I love you 13%❤️
             I love you 14%❤️
              I love you 15%❤️
               I love you 16%❤️
                I love you 17%❤️
                 I love you 18%❤️
                  I love you 19%❤️
               I love you 20%❤️
              I love you 21%❤️
            I love you 22%❤️
          I love you 23%❤️
        I love you 24%❤️
      I love you 25%❤️
    I love you 26%❤️
  I love you 27%❤️
I love you 28%❤️
 I love you 29%❤️
  I love you 30%❤️
   I love you 31%❤️
    I love you 32%❤️
     I love you 33%❤️
      I love you 34%❤️
       I love you 35%❤️
        I love you 36%❤️
         I love you 37%❤️
          I love you 38%❤️
           I love you 39%❤️
            I love you 40%❤️
             I love you 41%❤️
              I love you 42%❤️
               I love you 43%❤️
                I love you 44%❤️
                 I love you 45%❤️
                  I love you 46%❤️
                I love you 47%❤️
              I love you 48%❤️
            I love you 49%❤️
          I love you 50%❤️
        I love you 51%❤️
      I love you 52%❤️
    I love you 53%❤️
  I love you 54%❤️
I love you 55%❤️
 I love you 56%❤️
  I love you 57%❤️
   I love you 58%❤️
    I love you 59%❤️
     I love you 60%❤️
      I love you 61%❤️
       I love you 62%❤️
        I love you 63%❤️
         I love you 64%❤️
          I love you 65%❤️
           I love you 66%❤️
            I love you 67%❤️
             I love you 68%❤️
              I love you 69%🤨
               I love you 70%❤️
                I love you 71%❤️
                 I love you 72%❤️
                  I love you 73%❤️
                I love you 74%❤️
              I love you 75%❤️
            I love you 76%❤️
          I love you 77%❤️
        I love you 78%❤️
      I love you 79%❤️
    I love you 80%❤️
  I love you 81%❤️
I love you 82%❤️
 I love you 83%❤️
  I love you 84%❤️
   I love you 85%❤️
    I love you 86%❤️
     I love you 87%❤️
      I love you 88%❤️
       I love you 89%❤️
        I love you 90%❤️
         I love you 91%❤️
          I love you 92%❤️
           I love you 93%❤️
            I love you 94%❤️
             I love you 95%❤️
              I love you 96%❤️
               I love you 97%❤️
                I love you 98%❤️
                 I love you 99%❤️
                  I love you 💯%❤️
                 I love you 101%🩷
                I love you 102%💙
               I love you 103%♥️
              I love you 104%❤️
             I love you 105%🖤
            I love you 106%💜
           I love you 107%🧡
          I love you 108%💛
         I love you 109%💚
        I love you 110%💙
       I love you 111%💗
      I love you 112%🧡
     I love you 113%🖤
    I love you 114%❤️
   I love you 115%💙
  I love you 116%💛
 I love you 117%🩷
I love you 118%💜
 I love you 119%💗
  I love you 120%🧡
   I love you 121%🖤
    I love you 122%💛
     I love you 123%💚
      I love you 124%❤️
       I love you 125%💙
        I love you 126%💜
         I love you 127%♥️
          I love you 128%🧡
           I love you 129%💗
            I love you 130%💚
             I love you 131%🖤
              I love you 132%🩷
               I love you 133%🧡
                I love you 134%💙
                 I love you 135%💛
                  I love you 136%❤️
                 I love you 137%💚
                I love you 138%💜
               I love you 139%🧡
              I love you 140%🖤
             I love you 141%💗
            I love you 142%♥️
           I love you 143%💚
          I love you 144%💙
         I love you 145%💛
        I love you 146%💜
       I love you 147%🩷
      I love you 148%🧡
     I love you 149%❤️
    I love you 150%🖤
   I love you 151%💗
  I love you 152%💚
 I love you 153%💛
I love you 154%💜
 I love you 155%♥️
  I love you 156%💙
   I love you 157%🧡
    I love you 158%🖤
     I love you 159%💛
      I love you 160%💚
       I love you 161%💗
        I love you 162%🩷
         I love you 163%❤️
          I love you 164%💙
           I love you 165%🧡
            I love you 166%🖤
             I love you 167%💛
              I love you 168%♥️
               I love you 169%💜
                I love you 170%💚
                 I love you 171%🧡
                I love you 172%🩷
               I love you 173%💙
              I love you 174%❤️
             I love you 175%💗
            I love you 176%🖤
           I love you 177%🧡
          I love you 178%💚
         I love you 179%🤎
        I love you 180%🩵
       I love you 181%❤️‍🔥
      I love you 182%🤍
     I love you 183%❤️‍🩹
    I love you 184%🖤
   I love you 185%💙
  I love you 186%💚
 I love you 187%❤️
I love you 188%♥️
 I love you 189%💛
  I love you 190%🩵
   I love you 191%🤎
    I love you 192%❤️‍🔥
     I love you 193%🤍
      I love you 194%💙
       I love you 195%🖤
        I love you 196%💚
         I love you 197%🤎
          I love you 198%💗
           I love you 199%❤️‍🩹
            I love you 200%❤️‍🔥
             I love you 201%❤️
              I love you 202%🩵
               I love you 203%💜
                I love you 204%🩷
                 I love you 205%🤎
                  I love you 206%🩵
                   I love you 207%♥️
                  I love you 208%💚
                 I love you 209%❤️‍🔥
                I love you 210%❤️‍🩹
               I love you 211%🤍
              I love you 212%🧡
             I love you 213%💜
            I love you 214%♥️
           I love you 215%💛
          I love you 216%🩵
         I love you 217%💙
        I love you 218%💗
       I love you 219%❤️‍🔥
      I love you 220%🧡
     I love you 221%🩷
    I love you 222%🖤
   I love you 223%❤️‍🩹
  I love you 224%💛
 I love you 225%❤️‍🔥
I love you 226%💜
 I love you 227%💙
  I love you 228%🤎
   I love you 229%💛
    I love you 230%❤️‍🔥
     I love you 231%❤️‍🩹
      I love you 232%🖤
       I love you 233%💚
        I love you 234%💙
         I love you 235%🩵
          I love you 236%💜
           I love you 237%🧡
            I love you 238%🤍
             I love you 239%❤️
              I love you 240%♥️
               I love you 241%❤️‍🔥
                I love you 242%💙
                 I love you 243%💗
                  I love you 244%💛
                 I love you 245%🧡
                I love you 246%🖤
               I love you 247%💚
              I love you 248%🩷
             I love you 249%🤎
            I love you 250%🩵
           I love you 251%❤️‍🩹
          I love you 252%💙
         I love you 253%🤍
        I love you 254%💗
       I love you 255%💛
      I love you 256%♥️
     I love you 257%💚
    I love you 258%💙
   I love you 259%💜
  I love you 260%❤️‍🔥
 I love you 261%❤️
I love you 262%🤍
 I love you 263%🧡
  I love you 264%💛
   I love you 265%🩷
    I love you 266%🖤
     I love you 267%🤎
      I love you 268%💜
       I love you 269%❤️‍🩹
        I love you 270%💗
         I love you 271%🤍
          I love you 272%♥️
           I love you 273%🩵
            I love you 274%💚
             I love you 275%❤️‍🔥
              I love you 276%💛
               I love you 277%🩷
                I love you 278%💙
                 I love you 279%❤️
                  I love you 280%🖤
                 I love you 281%🧡
                I love you 282%❤️‍🩹
               I love you 283%💗
              I love you 284%💚
             I love you 285%🩵
            I love you 286%💙
           I love you 287%❤️
          I love you 288%💜
         I love you 289%🤍
        I love you 290%🖤
       I love you 291%♥️
      I love you 292%🤎
     I love you 293%🩵
    I love you 294%💚
   I love you 295%🩷
  I love you 296%🖤
 I love you 297%❤️‍🔥
I love you 298%💛
 I love you 299%❤️‍🩹
  I love you 300%❤️
   I love you 301%❤️‍🔥
    I love you 302%💚
     I love you 303%🩷

GREAT EDIT❤❤",@Just_Another_Random_ChaNeLL,sk,
0LyXC7iOKE0,Ye song da key,@dongambino6571,id,
0LyXC7iOKE0,I love this athletes when are kids 😢❤😊🥹,@katjadimitriadis,en,
0LyXC7iOKE0,"❤❤❤❤❤❤❤❤❤❤❤❤
Nice 💞💞💞💞💞💞",@Earth1758,unknown,
fPROAPx3A-Y,This match was way more difficult than final USA x Italy. Americans were meek with Italy.,@panbaco,en,cycling
fPROAPx3A-Y,"Because Italian team destroyed them, there was no match.",@danilorossi8743,en,cycling
fPROAPx3A-Y,CHOrANDO SE FOI LAS BRAZUCAS LALA LALA LA LA,@ITHINKDAFUCKNOTYOUTRICKASSBITC,de,cycling
fPROAPx3A-Y,"Two monsters competing could have been the final for the gold, what a match!
Brazil failed in the 3rd set and paid the price at the end, the USA never fails in the decisive moments.
Italian commentators are often not impartial here they sided with Brazil.",@ragindo,en,cycling
fPROAPx3A-Y,Brazil or turkey bronze?,@user-we2tg6km1g,tr,cycling
fPROAPx3A-Y,TURKEY OF COURSE,@ITHINKDAFUCKNOTYOUTRICKASSBITC,en,cycling
fPROAPx3A-Y,Пиндоски😮,@user-gi4yv7es6j,ru,cycling
fPROAPx3A-Y,Wl😅😮 1:54 po🎉od🎉my,@adamesaiberson9939,pl,cycling
fPROAPx3A-Y,no purple faces here?,@user-qf1fz5xg9c,en,cycling
fPROAPx3A-Y,WELL DONE U S A !!!,@teodorsuditu6800,en,cycling
fPROAPx3A-Y,"Well done USA, they beat the favorite team to win. Congrats to Brazil too, they put up a real fight. The other semifinal was disappointing and boring but this one was fire.",@kudzem,en,cycling
fPROAPx3A-Y,LOL. Favorite team...,@NoName-hg6cc,it,cycling
fPROAPx3A-Y,Ya no suban la voz del narrador por favor. 😵‍💫,@Ikbenguillermo,es,cycling
n3laasPlnps,They literally used AI images cause the whole city is EMPTY 😂 HAHAHAHAHAHA go woke go broke.,@badasslifestylee,en,football
n3laasPlnps,It was a vomit!,@foreverseeking8397,en,football
n3laasPlnps,The haters gonna hate,@magicrtrip5492,en,football
n3laasPlnps,"Maybe they should have did more audacious things to give you haters more reason to be upset about. The Paris Olympics was about defying all odds especially in the face of prejudice from people like you. The Olympics want yo be inclusive, fun and engaging yet most people are do regressive and trap in their own prejudices. I feel sad for common people.",@Zacky51188,en,football
n3laasPlnps,"Olympians are making lots of money, . .will they to let their guard down",@Melinda-k2t,en,football
n3laasPlnps,"This is the case of Hollywood.  .it was full of talented years ago. . . They soon let their guard down, and invited  in brothels,  parties and drugs. . And had short sucess.",@Melinda-k2t,en,football
n3laasPlnps,"I'm at the point where I'm starting to not like what artificial intelligence is doing and at the same time I did not like the Olympics ceremony either😮🎉😮🎉. 


I'm beginning to think that maybe people are the artificial intelligence",@PlatinumPlayAzParlayPartie,en,football
n3laasPlnps,...,@ClaudiuRizea-b5o,unknown,football
n3laasPlnps,Uzbekistan 🇺🇿,@user-ww6oz5ur5h,id,football
n3laasPlnps,"Actually, they didn't mock God. They tried to mock God. GOD CANNOT BE MOCKED.",@pthoaloo,en,football
EN4CW1ggLsc,Tu es au top tu vas te rattraper,@jocelynerasse597,lv,
EN4CW1ggLsc,"Une bête, il va les broyer la prochaine fois",@pierricklesage3194,fr,
EN4CW1ggLsc,Le blond,@Rhzvfjzvfjz,fr,
EN4CW1ggLsc,T'as 2 médailles de bronze à 17 ans Bravo l'artiste on est fier de toi !,@RAC59000,fr,
EN4CW1ggLsc,Franchement pas cool mais c'est le destin,@lefarmeur50,fr,
EN4CW1ggLsc,قريب يكون اسمه محمد أبو تريكة 😂,@Rayray25000,ar,
EN4CW1ggLsc,C'est  ma discipline préférée  au jo❤❤❤❤❤❤❤,@user-kj2wz4bm1n,fr,
EN4CW1ggLsc,Tu et jeune  ambitieux  t inquiète pas mino tu aura  ta revanche,@leventozturk8684,fr,
EN4CW1ggLsc,"Content de cette défaite,toutes les médailles devraient être Chinoises en ping pongvu l ecart Ve les autres joueurs
En plus toute cette pub pour ces 2 frères alors qu il y a de très bons autres joueurs et dans le passé on a connu b bien meilleur et pas aussi mediatise",@jeanyvescrenn6517,fr,
EN4CW1ggLsc,Non on en a jamais connu des aussi bon justement,@antoinelhomer8262,fr,
EN4CW1ggLsc,Félix à 17 ans 2 médailles de bronze aux JO ! je ne connais pas d'autres,@RAC59000,fr,
EN4CW1ggLsc,Tu nous a fait tellement de bien pendant ces jeux ! merci ✨️,@kenizemo6189,fr,
emZDytzNtdo,AAP merathan m race krti ho,@Abhishek-w8u8z,en,
emZDytzNtdo,"I feel so bad for Noah Lyes, he is a very good runner",@colette_equestrian,en,
emZDytzNtdo,Я так и думал . Ещё 2 года назад я предсказал что Tebogo будет бежать как Усэйн Болт! У них одинаковые шаги . ! Думаю что Тебого восходящая звезда спринта!,@igorigor9792,ru,
emZDytzNtdo,People who record themselves reacting are the worst people in the world,@coolinmac,en,
emZDytzNtdo,"Tebogo ,is ❤❤osm runner 🎉🎉",@Nayak_0001,no,
emZDytzNtdo,Everyone around you standing normally. Yet you’re the only one shocked?,@aliyaspahic,en,
emZDytzNtdo,Can't White people compete with the blacks?,@manu-manuel,en,
emZDytzNtdo,Only blacks 😮😮😢😢,@manu-manuel,en,
emZDytzNtdo,When being arrogant doesn’t go your way. Dude lied about having Covid 19 and that’s why he lost. No you lost because you were slower then the other sprinters,@TruCunt,en,
emZDytzNtdo,"Ssssshhhhhhh..........
sileeennnttt.... 😂😂😂😂😂
noah sleeepp....",@nananghidayatul9980,fi,
vsA6CCOUZ7o,"That's what we want to see , not half dressed hybrids portraying the last supper",@user-mf4jj6le6d,en,cycling
vsA6CCOUZ7o,Better than that trash opening ceremony,@cucuvirgil2976,en,cycling
vsA6CCOUZ7o,She twerk😂😂😂😂😂,@turanserce2344,en,cycling
vsA6CCOUZ7o,Is she twerking?😳,@user-tm8he6yg2q,en,cycling
35vSVEK6CfE,Super fast!!! he doesn't miss a thing!!!,@OlympicShortsStories,en,
35vSVEK6CfE,Stop big  up the gal like that she’s not all that! She’s just all that you got!😊,@altheaarmstrong5853,en,
35vSVEK6CfE,We all love you.(from Nepal),@gita1385,en,
35vSVEK6CfE,Старт слабый...,@Andre-gu7hk,ru,
35vSVEK6CfE,Tiene que sacar el paracaídas para poder frenar 😂😂😂😂,@rodolfocastaneda3920,es,
35vSVEK6CfE,You are my favorite  ❤,@josephtafangepasi6013,fr,
35vSVEK6CfE,"she seems to just increase her speed,  she look like she can go faster",@gabrielleandre5445,en,
35vSVEK6CfE,Great athlete!! J Alfred had to work really hard to beat her in the finals and win the gold...,@bhargabrajmedhi315,en,
35vSVEK6CfE,美人で素敵なアスリート😊,@user-cj3mp3cj8p,ja,
35vSVEK6CfE,How she only wins,@radhakrishnan1476,en,
ga7J87VSW6k,Almost a collision lmfao! The Ethiopian blatantly tried to cheat her way to victory poor form for a so called sports person,@anthonydevany7706,en,cycling
ga7J87VSW6k,"Ithopian girl she wants block  sifan  ,but  sifan  is winner .sifan comes somali but running Netherland viva sifan.",@Sarta100,en,cycling
ga7J87VSW6k,I see no Dutch women,@22grena,en,cycling
ga7J87VSW6k,"You always have to look where you're opponent is running before you take the inner turn. The protest she claimed that sifan was pushing her was a joke. 
Sifan raced a smart marathon didn't take the lead and runned her own speed up hill.",@1977Ruudje,en,cycling
ga7J87VSW6k,"There's always a hectic moment before success look at that crash , had Hassan fallen it will be over. Lesson learnt stay strong to achieve Ur success",@picantomanmontgomery5732,en,cycling
ga7J87VSW6k,The complaint was probably made by the Ethiopian sports league and not by the athlete herself,@vidsonstage,en,cycling
ga7J87VSW6k,❤❤❤,@ArnoDeParno,unknown,cycling
ga7J87VSW6k,"Typical Sifan... the longer she is running, the more she's speeding up 😅👏 Extraordinary this lady👍",@tobiMelka,en,cycling
ga7J87VSW6k,3x a medal. Awesome!,@chezrenes,so,cycling
ga7J87VSW6k,Sifan❤,@TehRunescapeHelp,sw,cycling
rYhJe6VpwFg,Video schifosi tagliati alla fine sulle parole dei cronisti.,@Gae52,it,cycling
rYhJe6VpwFg,Con chi sostituisci quando si fa il dubbio cambio e perché,@cicciopaolo236,it,cycling
rYhJe6VpwFg,Hope to see this in final too,@kivori3438,en,cycling
rYhJe6VpwFg,Italy best wall team of the world. Not even close.,@mikaelsmith5094,en,cycling
rYhJe6VpwFg,I migliori di sempre... forza Azzurri! 💙🇮🇹❤️,@milantehrandubai,it,cycling
rYhJe6VpwFg,Italy-Turkey women? 🤣🤣😂😂,@theCatsitter878,en,cycling
rYhJe6VpwFg,Forse italiani,@shirantv8994,it,cycling
rYhJe6VpwFg,"I’m a Bangladeshi student.11500+ injured 20000+ arrest More then 1000+ students have been killed by Bangladesh police, BGB, RAB, ARM, Chatra League & ruling perty awami league .More than 36 children were killed. Those were less than 18 years old. And total students have been killed approximately 1200. In addition the government didn't speak the truth about the death not only that but also more then 11500+ students have been injured. Also, thousands of students have been arrested. It's terrible situation here in Bangladesh. So, now Our demand is government has to resign. And last but not the least pray for us as well as spread the news to the world.",@IshratJahanBepari,en,cycling
rYhJe6VpwFg,"Congratulations to Italian Brothers, from Poland. Good game",@TomaszPiotrowski-wf4mh,en,cycling
rYhJe6VpwFg,"Hey fratello, ci rivediamo in finale... e che vinca il migliore!",@felicespampanato-hf5st,it,cycling
rYhJe6VpwFg,"Telecronista con cadenza insopportabile, per me",@lorenzogiomarelli7983,it,cycling
UHPAPkcAlqM,Real feminism,@franciskagergics1474,ro,cycling
UHPAPkcAlqM,🇦🇿🇦🇿🇦🇿,@ysl-k9j,unknown,cycling
UHPAPkcAlqM,Our Yaylagyul❤🇦🇿,@yagmur_li8899,tr,cycling
UHPAPkcAlqM,Honour of Azerbaijan ❤️,@umayyyh,en,cycling
UHPAPkcAlqM,Azerbaycan qadinina şərait yaradan olsa imkan veren olsa tek başına dağı dağ üstə qoyar..ehsen❤❤❤❤,@huzun4178,tr,cycling
UHPAPkcAlqM,So cool!!,@liak.1642,so,cycling
UHPAPkcAlqM,"A woman with a standard pregnancy can do that with no problem. She could not run or weight lift, but come on…",@isasala9111,en,cycling
UHPAPkcAlqM,Maşallah,@sefikagok578,tr,cycling
UHPAPkcAlqM,Bebé olímpico ❤,@anaccvv99,pt,cycling
UHPAPkcAlqM,Nuts,@vivi-ws9yl,et,cycling
P_HNGzBnJU4,😂😂😂❤!,@alisaallen2331,unknown,
P_HNGzBnJU4,I was singing the subtitles to the song😂😂,@speedking1353,en,
P_HNGzBnJU4,"2024 :
Duncan Scott - 8 medals
ryan murphy - 9 medals 
Caeleb Dressel - 10 medals
Adam Peaty - 6 medals
ryan lochte - 12 medals
Emma McKeon - 14 medals
katie ledecky - 14 medals
i don;t know Léon Marchand
French swimmer, but he won 4 gold, 1 bronze in paris the best of 2024",@jamesclarkmaxwell-v2n,en,
P_HNGzBnJU4,How precious and amazing 🥹🥹🥹,@eleanoralloyd1,en,
P_HNGzBnJU4,Apa,@AuygayhuHnhuquyhq,tl,
P_HNGzBnJU4,His skibbies are the best ones there!,@mjbimroy,en,
P_HNGzBnJU4,Nice,@YourAverageMobileDude,ro,
P_HNGzBnJU4,Cute,@leticiadalea7581,ro,
P_HNGzBnJU4,Weird,@sachintandon2654,de,
P_HNGzBnJU4,Theres nothing impressive about these people,@LoungingBacon,en,
P_HNGzBnJU4,Frrr,@Sofiaaaaaa1,nl,
TCcBdLIuU7k,Isso é o esporte!,@wendersonmano6026,pt,
TCcBdLIuU7k,"She lying, she just tired and faked injury",@lilzen202,en,
TCcBdLIuU7k,🇧🇷♥️🔥,@gabrielcoelholuiz8473,unknown,
TCcBdLIuU7k,Is the Brazilian girl single….??!!! 💚💛🖤,@Stuff_I_Watch,en,
TCcBdLIuU7k,🆗,@AlexsandroDasilvasantana-yx1jo,unknown,
TCcBdLIuU7k,🇦🇴💜🇧🇷,@jeonjungkook-m6m,unknown,
TCcBdLIuU7k,❤❤❤❤❤❤,@chaichai7534,unknown,
TCcBdLIuU7k,Ése es el Verdadero Espíritu Deportivo..👍👍👍💫💫🙏,@gabrielvasquez4468,es,
TCcBdLIuU7k,Oh dear.,@francisnguyen6349,de,
TCcBdLIuU7k,Wonderful ❤👏👏 These games bringing out the best in people.,@andread4595,en,
CO4sKL3uFMA,Polonya her onemli macta boyle sacma sapan oynuyor anlamsiz,@gull2173,tr,cycling
CO4sKL3uFMA,skinner my goat,@teejay2132,no,cycling
CO4sKL3uFMA,Straight win for USA. Congrats.. Check TU vs. CN 3-2 match if you want to see something really incredible.,@ozt2275,en,cycling
CO4sKL3uFMA,"Incredible was Poland vs  USA, but MEN teams :  3-2 after the thriller  😁",@jacekboczarski6698,en,cycling
CO4sKL3uFMA,The most beautiful womens in sport! Good job USA 👍🏆🇸🇮,@bostjanhribersek1205,en,cycling
CO4sKL3uFMA,i dont think so. Not even close,@pashha27,en,cycling
CO4sKL3uFMA,Doesn’t seem so incredible but anyways😂😂😂,@Nazk7777,en,cycling
CO4sKL3uFMA,What a rubbish game!,@codingstyle9480,en,cycling
CO4sKL3uFMA,"Polonya'ya üzüldüm. Aslında yenebilirlerdi Amerika'yı....Ama bu oyunla değil, Polonya iyi bir takım...Amerika'yı tebrik ederiz...",@altancengiz7109,tr,cycling
CO4sKL3uFMA,"Right, it was incredible. Indeed we thought to watch a hard fight, instead we did watch one team playing volleyball and the other team watching the opponents playing.
That's really incredible.",@goodbyestranger6824,en,cycling
CO4sKL3uFMA,"La Polonia è la delusione di queste Olimpiadi.
La Wolosz sul viale del tramonto.",@roccoruggiero4728,it,cycling
-Pb8vOxYL0U,nail techs deserve their flowers too !!,@YouTube,en,swimming
-Pb8vOxYL0U,HEYY YOUTUBE,@frogsarecute6771,cy,swimming
-Pb8vOxYL0U,ẞ,@magicalunicorn1296,unknown,swimming
-Pb8vOxYL0U,HOW AM I THIRD ON THIS??????,@HANEEN_680,en,swimming
-Pb8vOxYL0U,Hi YouTube,@mrdinosaurproductions9507,en,swimming
-Pb8vOxYL0U,First,@LFEJ_DK,en,swimming
-Pb8vOxYL0U,NAH SHE BOUTTA DO RE ROOM,@Xxxxxbacon_hairXxxxx,de,swimming
-Pb8vOxYL0U,"ij swimming, you dont have to tap the wall, you have to trigger a panel with power so, nah",@Housebrick_vr,en,swimming
-Pb8vOxYL0U,And that's why you see many female swimmers with ridiculously long acrylics,@INeedYouToShutYourFace,en,swimming
-Pb8vOxYL0U,BFDI MOUTH!!!!!!!!,@jellyandcats,sw,swimming
-Pb8vOxYL0U,LOLLL THE BFDI MOUTH,@p0wd3redh4rtz,vi,swimming
-Pb8vOxYL0U,I want mat pat back,@Sawyer975,tl,swimming
-Pb8vOxYL0U,This confused me. For a second i thought we were arguing for or again winning theough such a thing not proving it happens at all xD,@RedeemerofDark,en,swimming
-Pb8vOxYL0U,"That shouldn't count, that's cheating. You need to bring yourself over the line. If that's allowed then nails get longer to make the difference will make it ridiculous that should not be enabled.",@Gloriaficent,en,swimming
-Pb8vOxYL0U,Nails can actually slow you down initially because runners push off their fingertips which is something that’s hard to go with even medium nails!,@monet_.k2254,en,swimming
GjiNiMDNE5U,Les missiles qu’ils s’envoient…,@borugby,fr,
GjiNiMDNE5U,"Plus que ces succès..
Jouer en porte plume.. Même le Chinois ne le font plus.
Un gros 👍 pour Félix ❤",@happyti.g1019,fr,
GjiNiMDNE5U,Ca ping et ça pong.,@dominiquegerault9760,tl,
GjiNiMDNE5U,Il va renverser la planète ping et sera bientôt numéro un mondial devant l'Asie,@user-xg6ub1of7e,fr,
GjiNiMDNE5U,Faudra m'expliquer l'intérêt de montrer en premier la 5e pour ensuite passer les 4 premières et montrer de nouveau la 5e balle de match,@Bien_se_passer_tkt_pas,fr,
GjiNiMDNE5U,Ce gars est incroyable 🤯🤯🤯,@JojoCutrupi,fr,
GjiNiMDNE5U,le plus jeune medaillé olympique de l'histoire du ping le futur goat,@JesseWhite10,fr,
GjiNiMDNE5U,"Les frères Lebrun, nous ont fait rêver de ouf, dans 4 ans, les chinois vont souffrir et c'est bien ... Merci pour ses jeux divin, ils n'ont pas eu la médaille d'or, mais c'est comme ci...",@eleonoremythlya9305,fr,
GjiNiMDNE5U,On se rend pas compte des parpaings qu’il lui envoie,@kevcc_,fr,
GjiNiMDNE5U,Un monstre en puissance notre Félix ❤,@user-uq8rg5ye3l,fr,
onCbNKC5jqI,"Hiii besties! If you enjoyed this, please like & subscribe for more content like this 🫶❤️ (& a Gold medal ☺️🥇) LYSM! ❤️",@Sussan_Mourad,en,
onCbNKC5jqI,Why Suni not representing from China her is Hmong ethic in China,@mina-zy4my,en,
onCbNKC5jqI,She’s born in America not china,@itsomarsopinion,en,
onCbNKC5jqI,The TikTok Olympics. So glad these girls got some new material for social media..They will look back years from now and cringe big time,@Trace7173,en,
onCbNKC5jqI,"Rebecca Andrade ✌🏼🥹
The gold is ours! 🇧🇷🇧🇷",@Javra88,en,
onCbNKC5jqI,"nah suni pulled off a miracle , shes looking stunning after her challenges",@LastDitchGambling,en,
onCbNKC5jqI,The Gold became bronze 😂,@Sissibella21M,en,
onCbNKC5jqI,"Beautiful smart, educated, strong girls! 
Congrats to all of you! 🏅🇺🇸 💪🏻 🎉!",@silviakhan1073,en,
onCbNKC5jqI,"Yes, but the gold was taken by our Rebecca Andrade  💪🏼😌😌👌🏼👌🏼🎉❤🇧🇷🤌🏼🫰🏼👊🏼🖕🏼",@Javra88,en,
onCbNKC5jqI,"Much love to these gymnist  girls Jordan , Suni do that dance hey 💜🩵💙💛🧡🩷 congrats on winning your medals",@QueenBee-gp8tl,en,
onCbNKC5jqI,I ❤ this but I feel bad for Jordan losing the medal😢,@user-bv9eh8rc8n,en,
onCbNKC5jqI,Damn Jordan is one fine woman 😍🤩,@Highsteppa81,en,
SsB3HzoIsKw,0:39 STONER OF JAMAICA LOL,@zigismundus,de,cycling
SsB3HzoIsKw,"*JESUS ​​was crushed on a cross* so that your sin and your filth could be erased; *to save you from the eternal hell* that awaits you, *if you don’t repent.* Get to know your Savior and let Him cleanse and transform your life before it’s too late. There is nothing He can’t do. The One who rose from the dead is God Almighty. Seek Him! *Read the Bible.* 
God loves you.
*THE END IS NEAR.*",@elsamusoy,en,cycling
SsB3HzoIsKw,Go away Jesus was gay,@kmcd3020,so,cycling
SsB3HzoIsKw,@@kmcd3020 You are much more likely to be the gay one. You can go. I will continue preaching. satan and all his puppets (like you) won't stop me.,@elsamusoy,en,cycling
SsB3HzoIsKw,Most likely you are the gay one. I will continue preaching even if the devil and his puppets don't like it. Go away.,@elsamusoy,en,cycling
SsB3HzoIsKw,@@kmcd3020 You are bitter. You need to repent.,@elsamusoy,en,cycling
SsB3HzoIsKw,"@@elsamusoy I don't need to do anything, maybe you need to stop proselytising and keep your beliefs to yourself",@kmcd3020,en,cycling
SsB3HzoIsKw,Ma cosa ha combinato Quincy Hall?!?!?😍😍,@marcobalducci4143,it,cycling
SsB3HzoIsKw,"Sono costretto a guardare questi Highlights perché se perdi una diretta con la Rai, Rai play ti lascia a piedi. I loro highlights fanno rivedere solo la propaganda italiana fregandosene di tutto il resto.",@giuseppe6595,it,cycling
SsB3HzoIsKw,Jawohl Deutschland im Beachvolleyball 😊👍🇩🇪,@user-sz4th4sm5l,de,cycling
SsB3HzoIsKw,Congrats Australia! ❤🎉,@angelatanurdzic7508,en,cycling
SsB3HzoIsKw,👏🇦🇺🇯🇲🇺🇸🇲🇦,@pezzandre1973,unknown,cycling
SsB3HzoIsKw,NICE PACE FOR MOROCCO!!,@teodorsuditu6800,en,cycling
SsB3HzoIsKw,Yoooo,@szalaydaniel8631,so,cycling
SsB3HzoIsKw,erster,@wollf3879,da,cycling
TLKKRsPR94U,Ils font comme en soirée med 😂,@thesilverwolffr2647,fr,
TLKKRsPR94U,Est-ce que celui de l’Allemagne fait aussi führer ?,@alxthiry,fr,
TLKKRsPR94U,"Les JO de Berlin dans les années 30, les pins ça doit être des dinguerie dessus",@LeCamaradeZexya,fr,
TLKKRsPR94U,J'aimerais bien voir le pin's Palestiniens,@gailloux4390,fr,
TLKKRsPR94U,C'était surtout les spectateurs et les bénévoles qui faisaient ce jeu,@jeanpierre8689,fr,
TLKKRsPR94U,"À ce qui paraît le seul pin's qui a pas tourné c'est celui d'Israël car personne ne le voulait,",@SS-AK-47,fr,
TLKKRsPR94U,Certains en avaient plein moi jen est juste 1,@naekoy5913,fr,
TLKKRsPR94U,Se fait beaucoup dans les parcs Disney aussi,@Fed47,fr,
TLKKRsPR94U,❤❤❤🎉🎉,@user-jn3rl9rd5o,unknown,
TLKKRsPR94U,Y a un épisode des simpsons ou Lisa devient accro a ces pims je l'ai vue 2 jours avant de voir cette video 😂,@gargamel3135,fr,
TLKKRsPR94U,Source ?,@fredericmartin1550,en,
OBt34myQWZE,Should have given qatar.. they would have done better,@shireenkhan6387,en,
OBt34myQWZE,Sara paisa to opening ceremony mei dikhayi gayi bakchodiyo mei lag vaya,@ShubhamKumar-sm8ey,tl,
OBt34myQWZE,Whole Paris olympics from the beginning till the end was a joke,@EnoshJohnathan,en,
OBt34myQWZE,Good support to our athletes modi ji 😂,@gks350,en,
OBt34myQWZE,"If this had happened in India,I don't know what the foreigners would be saying,forget about that,even a lot of Indians also",@APVAPF,en,
OBt34myQWZE,Don't let them cook again,@Gautam_anaadi,en,
OBt34myQWZE,Paris as a city is a joke,@sunny1001,en,
OBt34myQWZE,The wanted cow pee in their food.,@kamrandat1,en,
OBt34myQWZE,And we invited their president,@Mohd.Kamran7,en,
OBt34myQWZE,Prestigious west😂,@QuotesWorld987,en,
AppCB2EFiD0,Olympia is Darling 🫠!!! Joyful🌷,@aliciaarnold1046,en,tennis
AppCB2EFiD0,A real GOAT recognizes another’s greatness. Humility still applies. 🎉❤,@nikniknik_40,en,tennis
AppCB2EFiD0,Serena is a Goddess!,@Youalreadyknowthis,en,tennis
AppCB2EFiD0,"Love her husband.....not feeling threatened by wife's popularity. He will always prosper cause of his selfless love.
The daughter is amazingly disciplined and well spoken, too.🫶🏾",@Adejare,en,tennis
AppCB2EFiD0,The Americans love royalty and especially black princesses it is the antithesis of the house of Windsor,@falafelscobes6122,en,tennis
AppCB2EFiD0,Love ❤️ it,@sharonholmes6257,en,tennis
AppCB2EFiD0,"Glamorous Serena , beautiful family!",@adrianam1009,en,tennis
AppCB2EFiD0,Where is their son?,@kjm485,en,tennis
AppCB2EFiD0,"Who is your favorite track sport... 
Presenter: Say sha'carie",@victorokechukwu1698,en,tennis
AppCB2EFiD0,Look at her husband holding the umbrella,@expertintesticles,en,tennis
B0BX7SOTivY,"Fun fact if you are ahead of an opponent by less than approximately 10 centimeters at the finish line, let’s say 5 centimeters, you will clock the exact same time with him in two decimal places. That is why Lyles and Thompson clocked the same time.",@paultvshow,en,
B0BX7SOTivY,It's never over until its over 😂...,@HitFitAhlawat,en,
B0BX7SOTivY,For me thompson won the race,@bablushah1867,en,
B0BX7SOTivY,Noah Lyles PB 100m 9.79 is fast but no where near any world records.,@johnstephanos1128,en,
B0BX7SOTivY,"Beautiful N. Lyles ❤👍👍👍
Grace and style...",@ennediend2865,fr,
B0BX7SOTivY,9.58. ---  9.63.  --- 9.69.. BOLT.  FOR EVER THE LEGEND...BOLT.,@bluemondaybluemonday9223,en,
B0BX7SOTivY,Gosti qendis ze shpirt,@user-kx8if4vz9n,sq,
B0BX7SOTivY,Noah would be a a huge problem if he fixed his start,@billarabga1055,en,
B0BX7SOTivY,It should  have been declared   a deadheat..Its happened before.,@user-ks9hs7xl6r,en,
B0BX7SOTivY,No,@user-ks9hs7xl6r,no,
R8ytlI2ohS4,Abd bayrak yarışından elendimi?,@neseide5507,tr,cycling
R8ytlI2ohS4,Canada proved that this is a team effort. Same team won silver in Tokyo and 3 of them won Bronze in Rio.,@dimitriskazantzidis7718,en,cycling
R8ytlI2ohS4,Where was Jamaika,@blakcjesus5056,sw,cycling
R8ytlI2ohS4,Nobody can stop the A-Train!!!,@jotaframo,en,cycling
R8ytlI2ohS4,"‘The Americans are flying!’ No, they were terrible… again",@paulblonk5819,en,cycling
R8ytlI2ohS4,Great running really ! 😍,@rosh1045,en,cycling
R8ytlI2ohS4,"In case you didn't notice, Canada won the gold !! 😂",@enverahmet3371,en,cycling
R8ytlI2ohS4,"Hey Noah, did you know that there was a team here possessed by an owl spirit?🦉",@MAAF808,en,cycling
R8ytlI2ohS4,The hatred that Brit commentators have for South Africa has been clear since the   brilliant fifa 2010 World Cup. Its disgusting that South Africa was mentioned once in the race while they were obvious contenders,@happyclappy1805,en,cycling
R8ytlI2ohS4,All the European countries wheel out the Black people for sports events! Where would the athletics world be without people of African descent?!,@happyclappy1805,en,cycling
H3de-HXouDQ,Brittney Griner and  Diana Taurasi are trash,@chriscastillo3842,en,cycling
H3de-HXouDQ,They didn't like that last 3.😂😂😂. Did you hear the Boos?,@cool_cat007smoove3,en,cycling
H3de-HXouDQ,She’s romanian Ionescu 😝 Viva Romania,@mihaivesa7719,ro,cycling
H3de-HXouDQ,Its unfair usa have a man in their team,@spyrosmicha,en,cycling
H3de-HXouDQ,Congratulations to the USA B team,@Woerdoxer,en,cycling
H3de-HXouDQ,"if not for the ref, belgium could have won",@tim99291,en,cycling
H3de-HXouDQ,i see what eurosport did there with that edit on that final usa 3pt shot.,@koopalibrary,en,cycling
H3de-HXouDQ,How boring. Where are the dunks? It looks like they are playing handball. No dribbling. 😂😂😂😂😂,@yannickmatiya907,en,cycling
H3de-HXouDQ,"Let me say something.
How much is there to do with the ""necessary"" victory of a sexualized USA team, with the referees blowing the whistle in their favor? Have you seen the most unfair boxing match in history at this Olympics? 
And now tell me that it is not on the agenda to do well enough to make those teams and athletes win?
Quite suspicious",@jlah3390,en,cycling
H3de-HXouDQ,"DISGUSTING. ONLY TWO WORDS I GONNA TELL YOU. 
CAITLIN CLARK",@jlah3390,en,cycling
os2Jxr-W_uc,She's a ditz.,@kathymc234,en,
os2Jxr-W_uc,Who built that. How do they not know that this will happen everyday?,@stefansYT,en,
os2Jxr-W_uc,That 👃,@chrismitchell4932,en,
os2Jxr-W_uc,Womp womp,@tildenmonae,en,
os2Jxr-W_uc,There was haaland,@godlzzalpha2717,en,
os2Jxr-W_uc,"Ian after knocking over the drink: 
""I'm so sorry 🫤""
* 2 seconds later *
""WHO SPILLED IT🤯😶😱""",@a_very_real_human_being,en,
os2Jxr-W_uc,Where's the next Summer Olympics going to be,@lillybook123,en,
os2Jxr-W_uc,She’s laughing I would have been crying 😭✌️,@Yessir22486,en,
os2Jxr-W_uc,Bro needed a magnet,@shesheperson8558,en,
os2Jxr-W_uc,The samething happens to me tk but it was at my moms graduation,@myah_001,en,
2c-s0kbep7I,Ce mec est imbattable 😅😅😅😅😅😅😅😅😅😅😅,@sistersbourdet,fr,
2c-s0kbep7I,"Le grand Léon, le plus grand champion de tout les temps",@marie-francecusset6451,fr,
2c-s0kbep7I,C normal c un dauphin,@taha-marocain,fr,
2c-s0kbep7I,Superbe athlète notre Leon❤❤❤,@michelputigny4020,fr,
2c-s0kbep7I,Gg Leon,@alicekermel1081,tl,
2c-s0kbep7I,Ressemble à mbappe,@CapyYTB,fr,
2c-s0kbep7I,🤦,@adrienrabiot3624,unknown,
2c-s0kbep7I,On repart pour 4 ans d'anonymat.. les hypocrites regarderont la natation peut être si un français va en finale.... 😂😂,@lherbenestpasplusverteaill1306,fr,
2c-s0kbep7I,Leonnnnn marchanddd est trop fort ❤😊,@MohammedAmine-jm1he,fr,
2c-s0kbep7I,Trop bg,@user-zt8mf5ec1j,vi,
2c-s0kbep7I,Il vit pour les caméras,@Michouirl,fr,
S7cbmWXKan8,This song should be played to America they cause of all the problems in world all wars are down to America.,@dineshkerai,en,cycling
S7cbmWXKan8,Amazing choice 😮,@mihaelajukic1314,en,cycling
S7cbmWXKan8,"Imagine theres no countries, an hour after every country floated down the river 😂",@KevinSmith-wp9qs,en,cycling
S7cbmWXKan8,"You ruined a great video, with that advert at the end. Who's idea was that? Sad.",@abdvs325,en,cycling
S7cbmWXKan8,❤,@andreabarki5514,unknown,cycling
S7cbmWXKan8,Camera man should have washed the rain drops away -.-,@MadeByBTH,en,cycling
S7cbmWXKan8,timeless song...❤,@mgsBicycleO9,no,cycling
S7cbmWXKan8,"J''adore sa voix mais je préférerais la chanson""tous  les cris les sos""...",@besylee7,fr,cycling
S7cbmWXKan8,"It doesn't matter if you're not Greek and don't know any Greek dancing. When this tune comes on and you start dancing, you're Greek! 😂",@mariajukejax9649,en,cycling
S7cbmWXKan8,"This song remember me, that about all the difference we have, all the wars,the hate.....we are all humans. Our biggest strength is humanity. Let's show what's possible.",@fabiand.9948,en,cycling
xcV6317emqg,Noah won let's go USA,@brentmcmillan9374,en,
xcV6317emqg,This shows that Seville just took out Lyles once in their encounter and was outran more than thrice including the most important race,@terrancenyoni-qj2pw,en,
xcV6317emqg,"😂😂😂😂😂
😂😂😂😂😂😢",@nurammirahusna,unknown,
xcV6317emqg,"😅😅😅😂babi
😂😂😂😂",@nurammirahusna,so,
xcV6317emqg,HELOO,@tuongdavidvuhuenguyennhana2232,vi,
xcV6317emqg,"If they both have the same time, how do they determine the winner?",@MarsorryIckuatuna,en,
xcV6317emqg,Among all incompatible one less incompatible wins😂😂,@allisonburger4972,en,
xcV6317emqg,Noah Lyles. 🎉🎉,@owoyemirichardadedamola2812,id,
xcV6317emqg,"Why are people still talking about if Bolt was in the race🤦🏾‍♀️ Bolt is the record holder and the fastest of all times AAAANNNDDD HE HAS RETIRED!! Stop comparing Noah and Kishane to Bolt and let them have their own identity,  moment and place in Track and Field history.

Also, if you are a novice in the rules of Track and Field please just don't comment 🤦🏾‍♀️",@andreabloom7287,en,
xcV6317emqg,"Say is the same time Is a New way to Steel competitions from USA, way don't show the video?they own guy who was speaking said Jamaica won!",@Marcos-ff3ro,en,
xcV6317emqg,If they both ran the same time why didn’t they both get gold ??,@darraghcollins1374,en,
PShoJ76n8P4,"Ma perché per tutta la gara c'è scritto in grafica Balsamo/Guazzini, se Chiara si chiama Consonni?",@tatisakura81,it,cycling
PShoJ76n8P4,"Doveva correre Elisa Balsamo con Vittoria Guazzini, non stava bene e Chiara Consonni l'ha sostituita all'ultimo,  si vede che la grafica è stata informata in ritardo del cambio.",@mauroparrini1780,it,cycling
PShoJ76n8P4,Che commentatori… paura,@edoardocampari05,it,cycling
PShoJ76n8P4,MORALE A 300 MILA VAT,@giorgiograffino3724,hu,cycling
PShoJ76n8P4,La regia non capiva più chi seguire.,@vogliousareilmionome,it,cycling
PShoJ76n8P4,I am absolutely loving the extremely Italian celebration from Consonni at 10:17 🤌🤌🤌,@arnet95,en,cycling
PShoJ76n8P4,"That's the gesture for ""what the fuck did we just do?!?""",@stefanovitali2925,en,cycling
PShoJ76n8P4,Meravigliose! ❤,@gianmariopoggi7781,it,cycling
PShoJ76n8P4,this is such a crazy event so wierd to watch,@jackywatts8262,en,cycling
PShoJ76n8P4,"good to see italy winning with such conventional bikes, helmets and skinsuits as well",@chad1411,en,cycling
PShoJ76n8P4,You mean those Pinarellos with sawtooth tube profiles?,@l.d.t.6327,en,cycling
PShoJ76n8P4,@@l.d.t.6327 lol where were those bikes in this race then?,@chad1411,en,cycling
PShoJ76n8P4,"@@chad1411 AFAIK in this very race, the carbon version. Men raced the 3D printed magnesium version. Why the lol, are you under 18?",@l.d.t.6327,en,cycling
PShoJ76n8P4,"@@l.d.t.6327  lol, firstly this was the women's Madison which I commented on, not the men's, and as stated they raced on relatively conventional Pinarellos. secondly the Italian men also raced on these same Pinarellos in the Madison without the sawtooth additions that you were talking about. the 'lol' was for how standard it is for people to come on the internet to make misinformed comments. not sure what my age has to do with this?",@chad1411,en,cycling
PShoJ76n8P4,"@@chad1411 everything I read indicates the 2024 Olympic track pinarellos are offshoots from the hour record bike, with carbon for women, 3D printed magnesium for men in eg the team pursuit and maybe carbon for men in individual numbers / omnium, sporting the sawtooth feature on several tubes. They also have new bar / stem combos. Pinarello said they don’t see aero benefits in the Hope design with widened forks after extensive research. So yes the bikes seem to be conventional in design, but they aren’t price-wise, and are based on R&D costs that are in the same ballpark as the competition.
So in response to your pedantic latest response: 
1. I was talking about the  women madison as well;

2. The Bolide HR C  is constructed from carbon fibre, though shares the same design as the Bolide F HR 3D;

3. I'm not sure why you mention the standard of 'people to come on the internet to make misinformed comments' or maybe you're talking about yourself?

4. Your mental age / lol reaction indicates something below 18.",@l.d.t.6327,en,cycling
PShoJ76n8P4,"The madison needs to be a scratch race like in those 6-day events, the points thing just makes them incomprehensible",@DanArnets1492,en,cycling
PShoJ76n8P4,Don't touch my Madison!,@gasgano8255,en,cycling
PShoJ76n8P4,@@gasgano8255 - I hate it and that's including the medals by Spain,@DanArnets1492,en,cycling
PShoJ76n8P4,How about you grow a brain on the pointing? It really is not that difficult lol,@demi3115,en,cycling
PShoJ76n8P4,"@@demi3115 - We've all seen madison points races where the peloton stops existing so gaining laps stops making sense. Things have gotten so messy that we've seen races not get declared official until like 2-3-4 hours later. It's not a ""ME"" problem, the whole sport recognizes the issue.",@DanArnets1492,en,cycling
PShoJ76n8P4,"I find it very easy to understand, there is only 2 or 3 things that you need to know..",@UpsilonLV-089,en,cycling
PShoJ76n8P4,Complete madhouse !!! Congratulations to all participants ! Hats off to medal winners !,@MrVoayer,en,cycling
zET5u1S1pWM,"Hiii besties! If you enjoyed this, please like & subscribe for more content like this 🫶❤️ (& a Gold medal ☺️🥇) LY! ❤️",@Sussan_Mourad,en,gymnastics
zET5u1S1pWM,Uanatqahgwahwhahtwsyqgahqhwhqhnwwtahwhwhwhwtwywhw wg whahywshwgahwhwhwhabwhahwhahwyahwhanqhbwhahwyahwt nu twtwahtwjwtwhwwhaytwaywhhwgwhwwhahwgahwhwywhahwgahtwagwgahwh,@filipacarlos4244,cy,gymnastics
zET5u1S1pWM,she did it after taking drugs banned by wada ..but USA govt did corruption here to make there country's name,@MDsahil77743,en,gymnastics
zET5u1S1pWM,Hzedc to!,@Oto-z1d,pl,gymnastics
zET5u1S1pWM,@@Oto-z1d wjsumwuwajuwajuwsjwjajywsjhsahejahusajheajusajheahyemajshajsnahhsanhsshaisjansjusShwhshywahywshtwshgwshwhahwnsywahwgahwhshwhshywmsgwahwh,@filipacarlos4244,sw,gymnastics
zET5u1S1pWM,❤❤❤❤❤❤❤❤❤❤❤❤❤❤❤❤❤❤❤❤❤❤❤❤❤❤❤❤❤❤❤❤❤❤❤❤❤❤❤❤❤❤❤❤❤❤❤❤❤❤❤❤❤❤❤❤love simon biles,@rubymessick9325,unknown,gymnastics
zET5u1S1pWM,I look like simon biles.😊,@rubymessick9325,et,gymnastics
zET5u1S1pWM,Love simon biles.,@rubymessick9325,it,gymnastics
zET5u1S1pWM,She is the best,@amandanovakowski6484,en,gymnastics
zET5u1S1pWM,whats simones actual channel?,@ellaa-qe6mu,en,gymnastics
zET5u1S1pWM,Imagine being around someone you know you won't be able to beat and just set your goal at silver,@sayittomyfaceidareyou8629,en,gymnastics
zET5u1S1pWM,I was extremely impressed by her performance. Not the skill but by the courage,@johnnyapples8336,en,gymnastics
zET5u1S1pWM,Her God is the Goat !!!!!,@christinecrossland4935,en,gymnastics
zET5u1S1pWM,Simone biles x Rebeca andrade,@Carlos_fan_cr7,es,gymnastics
obWcfHYfKeA,"Alhamdulillah, Indonesia juaranya.",@danieffendi1364,id,
obWcfHYfKeA,Viva Paulino y la República Dominicana....😮,@alexpinzon3734,es,
obWcfHYfKeA,"Desde Colombia creemos que Marileidy, tiene todo el talento para bajar la barrera delos 47 segundos y tumbar ese récord, le deseo toda la fuerza para que lo logre, así será. Felicitaciones",@alexanderzapata-x5f,es,
obWcfHYfKeA,She has such beautiful stide 😊,@22anamae,en,
obWcfHYfKeA,Sydney will eventually beat you Paulino,@drone4higher,en,
obWcfHYfKeA,Got 👥 to be become a 400 meters champion 🏆™®🦇,@sandrarichardson4639,en,
obWcfHYfKeA,Dominican Republic 🇩🇴,@mayor1governor817,ro,
obWcfHYfKeA,Paulino es hembra o macho .......,@jessicapaccha300,pt,
obWcfHYfKeA,Nunca falta el hijueputa para ofender las personas,@alexanderzapata-x5f,es,
obWcfHYfKeA,Big up Nasser?,@abcdefg7435,de,
obWcfHYfKeA,Fastest time ever by a non doper.,@footballvidshd5421,en,
yVP4YgaBsT4,Instant karma 😂😂😂,@guru1999.,id,badminton
yVP4YgaBsT4,Karma,@lightup2211,id,badminton
yVP4YgaBsT4,"Karma is a boomerang 🪃,it always comes back 💯",@chotuatul4606,en,badminton
yVP4YgaBsT4,This makes me wanna cryyy😊,@DirtyMindedFreak,en,badminton
yVP4YgaBsT4,Acting mind,@roji5198,tl,badminton
yVP4YgaBsT4,Satisfaction level... She deserves it 😂😂,@D24-,en,badminton
yVP4YgaBsT4,"Game over
Insert your coin .....",@user-ht5he1uz6g,en,badminton
yVP4YgaBsT4,Karma,@krrishnamimrot7511,id,badminton
yVP4YgaBsT4,Karma,@RAJ_BHUMBLA,id,badminton
yVP4YgaBsT4,best moments in Olympic 2024,@minumyakult2kalisehari175,en,badminton
EN4CW1ggLsc,Tu es au top tu vas te rattraper,@jocelynerasse597,lv,
EN4CW1ggLsc,"Une bête, il va les broyer la prochaine fois",@pierricklesage3194,fr,
EN4CW1ggLsc,Le blond,@Rhzvfjzvfjz,fr,
EN4CW1ggLsc,T'as 2 médailles de bronze à 17 ans Bravo l'artiste on est fier de toi !,@RAC59000,fr,
EN4CW1ggLsc,Franchement pas cool mais c'est le destin,@lefarmeur50,fr,
EN4CW1ggLsc,قريب يكون اسمه محمد أبو تريكة 😂,@Rayray25000,ar,
EN4CW1ggLsc,C'est  ma discipline préférée  au jo❤❤❤❤❤❤❤,@user-kj2wz4bm1n,fr,
EN4CW1ggLsc,Tu et jeune  ambitieux  t inquiète pas mino tu aura  ta revanche,@leventozturk8684,fr,
EN4CW1ggLsc,"Content de cette défaite,toutes les médailles devraient être Chinoises en ping pongvu l ecart Ve les autres joueurs
En plus toute cette pub pour ces 2 frères alors qu il y a de très bons autres joueurs et dans le passé on a connu b bien meilleur et pas aussi mediatise",@jeanyvescrenn6517,fr,
EN4CW1ggLsc,Non on en a jamais connu des aussi bon justement,@antoinelhomer8262,fr,
EN4CW1ggLsc,Félix à 17 ans 2 médailles de bronze aux JO ! je ne connais pas d'autres,@RAC59000,fr,
EN4CW1ggLsc,Tu nous a fait tellement de bien pendant ces jeux ! merci ✨️,@kenizemo6189,fr,
0LyXC7iOKE0,Carlos Alcaraz 🇪🇸🎾❤️,@mr.pinapinanoproducciones2194,es,
0LyXC7iOKE0,Sergio Camello 🇪🇸⚽️❤️,@mr.pinapinanoproducciones2194,it,
0LyXC7iOKE0,indahnya mewujudkan impian.. selamat ya.. atas perjuangannya..,@tajMuhammadZet,id,
0LyXC7iOKE0,Rebeca Andrade 😍,@lorenafranklin2625,es,
0LyXC7iOKE0,Why not Arshad he made history,@shehbazsiddique-xp9vh,en,
0LyXC7iOKE0,❤❤❤,@maxxolfenarim,unknown,
0LyXC7iOKE0,"I love you 1%❤️
 I love you 2%❤️
  I love you 3%❤️
   I love you 4%❤️
    I love you 5%❤️
     I love you 6%❤️
      I love you 7%❤️
       I love you 8%❤️
        I love you 9%❤️
         I love you 10%❤️
          I love you 11%❤️
           I love you 12%❤️
            I love you 13%❤️
             I love you 14%❤️
              I love you 15%❤️
               I love you 16%❤️
                I love you 17%❤️
                 I love you 18%❤️
                  I love you 19%❤️
               I love you 20%❤️
              I love you 21%❤️
            I love you 22%❤️
          I love you 23%❤️
        I love you 24%❤️
      I love you 25%❤️
    I love you 26%❤️
  I love you 27%❤️
I love you 28%❤️
 I love you 29%❤️
  I love you 30%❤️
   I love you 31%❤️
    I love you 32%❤️
     I love you 33%❤️
      I love you 34%❤️
       I love you 35%❤️
        I love you 36%❤️
         I love you 37%❤️
          I love you 38%❤️
           I love you 39%❤️
            I love you 40%❤️
             I love you 41%❤️
              I love you 42%❤️
               I love you 43%❤️
                I love you 44%❤️
                 I love you 45%❤️
                  I love you 46%❤️
                I love you 47%❤️
              I love you 48%❤️
            I love you 49%❤️
          I love you 50%❤️
        I love you 51%❤️
      I love you 52%❤️
    I love you 53%❤️
  I love you 54%❤️
I love you 55%❤️
 I love you 56%❤️
  I love you 57%❤️
   I love you 58%❤️
    I love you 59%❤️
     I love you 60%❤️
      I love you 61%❤️
       I love you 62%❤️
        I love you 63%❤️
         I love you 64%❤️
          I love you 65%❤️
           I love you 66%❤️
            I love you 67%❤️
             I love you 68%❤️
              I love you 69%🤨
               I love you 70%❤️
                I love you 71%❤️
                 I love you 72%❤️
                  I love you 73%❤️
                I love you 74%❤️
              I love you 75%❤️
            I love you 76%❤️
          I love you 77%❤️
        I love you 78%❤️
      I love you 79%❤️
    I love you 80%❤️
  I love you 81%❤️
I love you 82%❤️
 I love you 83%❤️
  I love you 84%❤️
   I love you 85%❤️
    I love you 86%❤️
     I love you 87%❤️
      I love you 88%❤️
       I love you 89%❤️
        I love you 90%❤️
         I love you 91%❤️
          I love you 92%❤️
           I love you 93%❤️
            I love you 94%❤️
             I love you 95%❤️
              I love you 96%❤️
               I love you 97%❤️
                I love you 98%❤️
                 I love you 99%❤️
                  I love you 💯%❤️
                 I love you 101%🩷
                I love you 102%💙
               I love you 103%♥️
              I love you 104%❤️
             I love you 105%🖤
            I love you 106%💜
           I love you 107%🧡
          I love you 108%💛
         I love you 109%💚
        I love you 110%💙
       I love you 111%💗
      I love you 112%🧡
     I love you 113%🖤
    I love you 114%❤️
   I love you 115%💙
  I love you 116%💛
 I love you 117%🩷
I love you 118%💜
 I love you 119%💗
  I love you 120%🧡
   I love you 121%🖤
    I love you 122%💛
     I love you 123%💚
      I love you 124%❤️
       I love you 125%💙
        I love you 126%💜
         I love you 127%♥️
          I love you 128%🧡
           I love you 129%💗
            I love you 130%💚
             I love you 131%🖤
              I love you 132%🩷
               I love you 133%🧡
                I love you 134%💙
                 I love you 135%💛
                  I love you 136%❤️
                 I love you 137%💚
                I love you 138%💜
               I love you 139%🧡
              I love you 140%🖤
             I love you 141%💗
            I love you 142%♥️
           I love you 143%💚
          I love you 144%💙
         I love you 145%💛
        I love you 146%💜
       I love you 147%🩷
      I love you 148%🧡
     I love you 149%❤️
    I love you 150%🖤
   I love you 151%💗
  I love you 152%💚
 I love you 153%💛
I love you 154%💜
 I love you 155%♥️
  I love you 156%💙
   I love you 157%🧡
    I love you 158%🖤
     I love you 159%💛
      I love you 160%💚
       I love you 161%💗
        I love you 162%🩷
         I love you 163%❤️
          I love you 164%💙
           I love you 165%🧡
            I love you 166%🖤
             I love you 167%💛
              I love you 168%♥️
               I love you 169%💜
                I love you 170%💚
                 I love you 171%🧡
                I love you 172%🩷
               I love you 173%💙
              I love you 174%❤️
             I love you 175%💗
            I love you 176%🖤
           I love you 177%🧡
          I love you 178%💚
         I love you 179%🤎
        I love you 180%🩵
       I love you 181%❤️‍🔥
      I love you 182%🤍
     I love you 183%❤️‍🩹
    I love you 184%🖤
   I love you 185%💙
  I love you 186%💚
 I love you 187%❤️
I love you 188%♥️
 I love you 189%💛
  I love you 190%🩵
   I love you 191%🤎
    I love you 192%❤️‍🔥
     I love you 193%🤍
      I love you 194%💙
       I love you 195%🖤
        I love you 196%💚
         I love you 197%🤎
          I love you 198%💗
           I love you 199%❤️‍🩹
            I love you 200%❤️‍🔥
             I love you 201%❤️
              I love you 202%🩵
               I love you 203%💜
                I love you 204%🩷
                 I love you 205%🤎
                  I love you 206%🩵
                   I love you 207%♥️
                  I love you 208%💚
                 I love you 209%❤️‍🔥
                I love you 210%❤️‍🩹
               I love you 211%🤍
              I love you 212%🧡
             I love you 213%💜
            I love you 214%♥️
           I love you 215%💛
          I love you 216%🩵
         I love you 217%💙
        I love you 218%💗
       I love you 219%❤️‍🔥
      I love you 220%🧡
     I love you 221%🩷
    I love you 222%🖤
   I love you 223%❤️‍🩹
  I love you 224%💛
 I love you 225%❤️‍🔥
I love you 226%💜
 I love you 227%💙
  I love you 228%🤎
   I love you 229%💛
    I love you 230%❤️‍🔥
     I love you 231%❤️‍🩹
      I love you 232%🖤
       I love you 233%💚
        I love you 234%💙
         I love you 235%🩵
          I love you 236%💜
           I love you 237%🧡
            I love you 238%🤍
             I love you 239%❤️
              I love you 240%♥️
               I love you 241%❤️‍🔥
                I love you 242%💙
                 I love you 243%💗
                  I love you 244%💛
                 I love you 245%🧡
                I love you 246%🖤
               I love you 247%💚
              I love you 248%🩷
             I love you 249%🤎
            I love you 250%🩵
           I love you 251%❤️‍🩹
          I love you 252%💙
         I love you 253%🤍
        I love you 254%💗
       I love you 255%💛
      I love you 256%♥️
     I love you 257%💚
    I love you 258%💙
   I love you 259%💜
  I love you 260%❤️‍🔥
 I love you 261%❤️
I love you 262%🤍
 I love you 263%🧡
  I love you 264%💛
   I love you 265%🩷
    I love you 266%🖤
     I love you 267%🤎
      I love you 268%💜
       I love you 269%❤️‍🩹
        I love you 270%💗
         I love you 271%🤍
          I love you 272%♥️
           I love you 273%🩵
            I love you 274%💚
             I love you 275%❤️‍🔥
              I love you 276%💛
               I love you 277%🩷
                I love you 278%💙
                 I love you 279%❤️
                  I love you 280%🖤
                 I love you 281%🧡
                I love you 282%❤️‍🩹
               I love you 283%💗
              I love you 284%💚
             I love you 285%🩵
            I love you 286%💙
           I love you 287%❤️
          I love you 288%💜
         I love you 289%🤍
        I love you 290%🖤
       I love you 291%♥️
      I love you 292%🤎
     I love you 293%🩵
    I love you 294%💚
   I love you 295%🩷
  I love you 296%🖤
 I love you 297%❤️‍🔥
I love you 298%💛
 I love you 299%❤️‍🩹
  I love you 300%❤️
   I love you 301%❤️‍🔥
    I love you 302%💚
     I love you 303%🩷

GREAT EDIT❤❤",@Just_Another_Random_ChaNeLL,sk,
0LyXC7iOKE0,Ye song da key,@dongambino6571,id,
0LyXC7iOKE0,I love this athletes when are kids 😢❤😊🥹,@katjadimitriadis,en,
0LyXC7iOKE0,"❤❤❤❤❤❤❤❤❤❤❤❤
Nice 💞💞💞💞💞💞",@Earth1758,unknown,
TLKKRsPR94U,Ils font comme en soirée med 😂,@thesilverwolffr2647,fr,
TLKKRsPR94U,Est-ce que celui de l’Allemagne fait aussi führer ?,@alxthiry,fr,
TLKKRsPR94U,"Les JO de Berlin dans les années 30, les pins ça doit être des dinguerie dessus",@LeCamaradeZexya,fr,
TLKKRsPR94U,J'aimerais bien voir le pin's Palestiniens,@gailloux4390,fr,
TLKKRsPR94U,C'était surtout les spectateurs et les bénévoles qui faisaient ce jeu,@jeanpierre8689,fr,
TLKKRsPR94U,"À ce qui paraît le seul pin's qui a pas tourné c'est celui d'Israël car personne ne le voulait,",@SS-AK-47,fr,
TLKKRsPR94U,Certains en avaient plein moi jen est juste 1,@naekoy5913,fr,
TLKKRsPR94U,Se fait beaucoup dans les parcs Disney aussi,@Fed47,fr,
TLKKRsPR94U,❤❤❤🎉🎉,@user-jn3rl9rd5o,unknown,
TLKKRsPR94U,Y a un épisode des simpsons ou Lisa devient accro a ces pims je l'ai vue 2 jours avant de voir cette video 😂,@gargamel3135,fr,
TLKKRsPR94U,Source ?,@fredericmartin1550,en,
35vSVEK6CfE,Super fast!!! he doesn't miss a thing!!!,@OlympicShortsStories,en,
35vSVEK6CfE,Stop big  up the gal like that she’s not all that! She’s just all that you got!😊,@altheaarmstrong5853,en,
35vSVEK6CfE,We all love you.(from Nepal),@gita1385,en,
35vSVEK6CfE,Старт слабый...,@Andre-gu7hk,ru,
35vSVEK6CfE,Tiene que sacar el paracaídas para poder frenar 😂😂😂😂,@rodolfocastaneda3920,es,
35vSVEK6CfE,You are my favorite  ❤,@josephtafangepasi6013,fr,
35vSVEK6CfE,"she seems to just increase her speed,  she look like she can go faster",@gabrielleandre5445,en,
35vSVEK6CfE,Great athlete!! J Alfred had to work really hard to beat her in the finals and win the gold...,@bhargabrajmedhi315,en,
35vSVEK6CfE,美人で素敵なアスリート😊,@user-cj3mp3cj8p,ja,
35vSVEK6CfE,How she only wins,@radhakrishnan1476,en,
uZLn0NaeWO4,Amazing moment,@user-ll1sl3ru1s,it,
uZLn0NaeWO4,Oh you asked for it….😂 you know what’s really a shame? All the false copyright claims on people videos with the footage of “Professor Ray Gun” 🤣 I hope someone takes y’all to court for abusing the system.,@felinehermetica,en,
uZLn0NaeWO4,Raygun could never ! 🤣🤣🤣,@shizukagozen777,en,
uZLn0NaeWO4,Wow🎉🎉🎉🎉🎉,@moonlightstar6664,pl,
uZLn0NaeWO4,Ya’ll got nothing on Raygun baby…. Chumps….,@renzogamarra81,en,
uZLn0NaeWO4,Would've been great if Raygun was crawling in the middle of this as well 😂😂😂,@annekeruben3238,en,
uZLn0NaeWO4,IM SPINNIN AROUND,@romagonzales3665,tl,
uZLn0NaeWO4,Hey??? Where is RAYGUN????? She was my favorite ☹️,@eleanoralloyd1,en,
uZLn0NaeWO4,Yoo where is master Raygun,@ESHAN_555,en,
uZLn0NaeWO4,To many windmills,@Twistersmember,en,
V9DyJPGAN6k,演出時為什麼要廣播 ，說407c，會影響她演出,@hc-vu2cz,ko,
V9DyJPGAN6k,台上一分钟台下十年功😢❤,@chengah554,ko,
V9DyJPGAN6k,👍👍👍,@camnhan9564,unknown,
V9DyJPGAN6k,雖然看了很多遍，但還是忍不住再看，也難忍心中的激動！全红嬋絕對是中國人的驕傲！,@sidneylee841,zh-tw,
V9DyJPGAN6k,Only the Chinese can do it🇨🇳👍,@happylife-rq9nd,en,
V9DyJPGAN6k,Оболдеть!!!,@ЗикаЮлдашева,ru,
V9DyJPGAN6k,🎉😂百看不厭我共看一百次茆不捨轉開嬋寶寶太棒了❤,@user-fn4fq5gg3s,ko,
V9DyJPGAN6k,LA PERFEZIONE❤❤❤❤❤,@Fede46-kn2oh,pt,
V9DyJPGAN6k,漂亮🎉,@user-db6wt2kd7e,zh-cn,
V9DyJPGAN6k,👍👍👍👏🏻👏🏻👏🏻💪💪💪❤️❤️❤️🌷🌷🌷🇨🇳🇨🇳🇨🇳🇨🇳🇨🇳🇨🇳🇨🇳,@kunkwonglam4982,unknown,
h8p8UOwHfO8,Not WAT ABOUT CHRISHTON COMLMAN,@Mzz2thyk25,en,athletics
h8p8UOwHfO8,Electrifying 😊,@qwerty7761,en,athletics
h8p8UOwHfO8,"Noah built the ark, and the animals went in two by two.",@stuartbritton4811,en,athletics
h8p8UOwHfO8,Then ur 200m wife left u 😅,@rand13goa94,de,athletics
h8p8UOwHfO8,"Damn bro, he is fast but still eay far from bolt: 9,58 and blake: 9,67",@sebas_duque9711,en,athletics
h8p8UOwHfO8,Pure excitement❤,@SharaQuinn,fr,athletics
h8p8UOwHfO8,Bro barely winning these and everyone comparing him to tyreek is crazy 😂😂😂 can there be a cheetah in both places yeah. Do the run at the same pace? No,@Daggershift21,en,athletics
h8p8UOwHfO8,Who the hell is tyreek,@AndreDBFights,en,athletics
h8p8UOwHfO8,yeah tyreek would be getting last by a good half second in these lol,@Someone-hi1nt,en,athletics
h8p8UOwHfO8,Time is slow.,@psc9686,en,athletics
h8p8UOwHfO8,"Americans have always been the biggest cheats in history, but blaming the other countries for beating them in their own game.. cheap & sad..💩💩💩💩",@user-um1wi2lz1b,en,athletics
h8p8UOwHfO8,❤❤❤❤,@TizianoGussago-ge6cw,unknown,athletics
OBt34myQWZE,Should have given qatar.. they would have done better,@shireenkhan6387,en,
OBt34myQWZE,Sara paisa to opening ceremony mei dikhayi gayi bakchodiyo mei lag vaya,@ShubhamKumar-sm8ey,tl,
OBt34myQWZE,Whole Paris olympics from the beginning till the end was a joke,@EnoshJohnathan,en,
OBt34myQWZE,Good support to our athletes modi ji 😂,@gks350,en,
OBt34myQWZE,"If this had happened in India,I don't know what the foreigners would be saying,forget about that,even a lot of Indians also",@APVAPF,en,
OBt34myQWZE,Don't let them cook again,@Gautam_anaadi,en,
OBt34myQWZE,Paris as a city is a joke,@sunny1001,en,
OBt34myQWZE,The wanted cow pee in their food.,@kamrandat1,en,
OBt34myQWZE,And we invited their president,@Mohd.Kamran7,en,
OBt34myQWZE,Prestigious west😂,@QuotesWorld987,en,
ga7J87VSW6k,Almost a collision lmfao! The Ethiopian blatantly tried to cheat her way to victory poor form for a so called sports person,@anthonydevany7706,en,cycling
ga7J87VSW6k,"Ithopian girl she wants block  sifan  ,but  sifan  is winner .sifan comes somali but running Netherland viva sifan.",@Sarta100,en,cycling
ga7J87VSW6k,I see no Dutch women,@22grena,en,cycling
ga7J87VSW6k,"You always have to look where you're opponent is running before you take the inner turn. The protest she claimed that sifan was pushing her was a joke. 
Sifan raced a smart marathon didn't take the lead and runned her own speed up hill.",@1977Ruudje,en,cycling
ga7J87VSW6k,"There's always a hectic moment before success look at that crash , had Hassan fallen it will be over. Lesson learnt stay strong to achieve Ur success",@picantomanmontgomery5732,en,cycling
ga7J87VSW6k,The complaint was probably made by the Ethiopian sports league and not by the athlete herself,@vidsonstage,en,cycling
ga7J87VSW6k,❤❤❤,@ArnoDeParno,unknown,cycling
ga7J87VSW6k,"Typical Sifan... the longer she is running, the more she's speeding up 😅👏 Extraordinary this lady👍",@tobiMelka,en,cycling
ga7J87VSW6k,3x a medal. Awesome!,@chezrenes,so,cycling
ga7J87VSW6k,Sifan❤,@TehRunescapeHelp,sw,cycling
TCcBdLIuU7k,Isso é o esporte!,@wendersonmano6026,pt,
TCcBdLIuU7k,"She lying, she just tired and faked injury",@lilzen202,en,
TCcBdLIuU7k,🇧🇷♥️🔥,@gabrielcoelholuiz8473,unknown,
TCcBdLIuU7k,Is the Brazilian girl single….??!!! 💚💛🖤,@Stuff_I_Watch,en,
TCcBdLIuU7k,🆗,@AlexsandroDasilvasantana-yx1jo,unknown,
TCcBdLIuU7k,🇦🇴💜🇧🇷,@jeonjungkook-m6m,unknown,
TCcBdLIuU7k,❤❤❤❤❤❤,@chaichai7534,unknown,
TCcBdLIuU7k,Ése es el Verdadero Espíritu Deportivo..👍👍👍💫💫🙏,@gabrielvasquez4468,es,
TCcBdLIuU7k,Oh dear.,@francisnguyen6349,en,
TCcBdLIuU7k,Wonderful ❤👏👏 These games bringing out the best in people.,@andread4595,en,
Xci7dzk-bFk,He is the only player on earth allowed to dribble into a double team and shoot a 35 footer falling away while leaving KD and Lebron James Open,@dan.m.8614,en,cycling
Xci7dzk-bFk,USA THE BEST OF THE BEST!!!,@vagelisdimka7638,en,cycling
Xci7dzk-bFk,"4 3s in less than 3 minutes, the last one is absolutely incredible! Curry 🔥",@chrismelaworld1543,en,cycling
Xci7dzk-bFk,this is enough to make a grown man cry...,@Wisznuification,en,cycling
Xci7dzk-bFk,USA defines basketball,@safdon2741,no,cycling
Xci7dzk-bFk,"Curry dispenses with that double team like, ""Oh, Curly and Moe -- you two again,"" and makes the 3 pointer right in their faces.",@jadentrez,en,cycling
Xci7dzk-bFk,Number 1 of all times,@vitorlopes744,en,cycling
Xci7dzk-bFk,"Clearly Europeans are surprised about that shot like curry doesn’t do it every game cos they dont follow NBA, if you lot televised NBA then u wont be surprised. Curry took better shots than that, they only saw 2 defenders contested it but not as tight as they do in playoffs. No surprise they gonna win it anyway.",@bervickrose,en,cycling
Xci7dzk-bFk,"Few can stand shoulder to shoulder with Lebron, even on this team. Curry and KD do, simply outstanding. Great tourney from the French.",@TheSelloutCrowd,en,cycling
Xci7dzk-bFk,Afro-Americans beats Afro-French.,@jfkgkgkhkhjgkgjgjg5914,en,cycling
UHPAPkcAlqM,Real feminism,@franciskagergics1474,ro,cycling
UHPAPkcAlqM,🇦🇿🇦🇿🇦🇿,@ysl-k9j,unknown,cycling
UHPAPkcAlqM,Our Yaylagyul❤🇦🇿,@yagmur_li8899,tr,cycling
UHPAPkcAlqM,Honour of Azerbaijan ❤️,@umayyyh,nl,cycling
UHPAPkcAlqM,Azerbaycan qadinina şərait yaradan olsa imkan veren olsa tek başına dağı dağ üstə qoyar..ehsen❤❤❤❤,@huzun4178,tr,cycling
UHPAPkcAlqM,So cool!!,@liak.1642,en,cycling
UHPAPkcAlqM,"A woman with a standard pregnancy can do that with no problem. She could not run or weight lift, but come on…",@isasala9111,en,cycling
UHPAPkcAlqM,Maşallah,@sefikagok578,tr,cycling
UHPAPkcAlqM,Bebé olímpico ❤,@anaccvv99,pt,cycling
UHPAPkcAlqM,Nuts,@vivi-ws9yl,de,cycling
D_I71v3laAE,27 лет я в шоке,@jekaterinanikiforenko7164,ru,cycling
D_I71v3laAE,"*JESUS ​​was crushed on a cross* so that your sin and your filth could be erased; *to save you from the eternal hell* that awaits you, *if you don’t repent.* Get to know your Savior and let Him cleanse and transform your life before it’s too late. There is nothing He can’t do. The One who rose from the dead is God Almighty. Seek Him! *Read the Bible.* 
God loves you.
*THE END IS NEAR.*",@elsamusoy,en,cycling
D_I71v3laAE,🤎 🐐,@lodjurlynx9939,unknown,cycling
D_I71v3laAE,I love It Simone biles,@francescaprivizzini4260,it,cycling
D_I71v3laAE,WHAT A BEAUTY !,@franzsolinas7893,hu,cycling
D_I71v3laAE,Молодец Симона!!!,@Oleg_Sloboda,ru,cycling
D_I71v3laAE,"В 2016 году хакерская группа Fancy Bears Hack Team опубликовала взломанные данные Всемирного антидопингового агентства (WADA), согласно которым в четырёх допинг-тестах Байлз, проведенных с 11 по 16 августа 2016 года во время Олимпийских игр, был обнаружен психостимулятор метилфенидат. После этого Антидопинговое агентство США было вынуждено признать, что Байлз было выдано разрешение на терапевтическое использование (TUE) данного препарата для лечения синдрома дефицита внимания и гиперактивности[7][8]. Сама Байлз написала в Twitter, что не стыдится применения лекарств, которые помогли ей преодолеть трудности концентрации внимания[9].
Одной из причин неудачного выступления Байлз на Олимпийских играх 2020, возможно, являлся запрет на свободный ввоз метилфенидата в Японию [10][11].",@alfiakhabirova9944,ru,cycling
D_I71v3laAE,🌟🌟🌟🌟🌟🌟🌟🌟🌟🌟🌟💛👑!,@AKAndoh,unknown,cycling
D_I71v3laAE,In this disgusting woke game I don't know who is man or woman,@Xxcv-z6m,en,cycling
D_I71v3laAE,"I don't understand it.
Can you please read a good book than doing stupid things like this?!",@DieReichenklauenvondenArmen.,en,cycling
CO4sKL3uFMA,Polonya her onemli macta boyle sacma sapan oynuyor anlamsiz,@gull2173,tr,cycling
CO4sKL3uFMA,skinner my goat,@teejay2132,no,cycling
CO4sKL3uFMA,Straight win for USA. Congrats.. Check TU vs. CN 3-2 match if you want to see something really incredible.,@ozt2275,en,cycling
CO4sKL3uFMA,"Incredible was Poland vs  USA, but MEN teams :  3-2 after the thriller  😁",@jacekboczarski6698,en,cycling
CO4sKL3uFMA,The most beautiful womens in sport! Good job USA 👍🏆🇸🇮,@bostjanhribersek1205,en,cycling
CO4sKL3uFMA,i dont think so. Not even close,@pashha27,en,cycling
CO4sKL3uFMA,Doesn’t seem so incredible but anyways😂😂😂,@Nazk7777,en,cycling
CO4sKL3uFMA,What a rubbish game!,@codingstyle9480,en,cycling
CO4sKL3uFMA,"Polonya'ya üzüldüm. Aslında yenebilirlerdi Amerika'yı....Ama bu oyunla değil, Polonya iyi bir takım...Amerika'yı tebrik ederiz...",@altancengiz7109,tr,cycling
CO4sKL3uFMA,"Right, it was incredible. Indeed we thought to watch a hard fight, instead we did watch one team playing volleyball and the other team watching the opponents playing.
That's really incredible.",@goodbyestranger6824,en,cycling
CO4sKL3uFMA,"La Polonia è la delusione di queste Olimpiadi.
La Wolosz sul viale del tramonto.",@roccoruggiero4728,it,cycling
H3de-HXouDQ,Brittney Griner and  Diana Taurasi are trash,@chriscastillo3842,en,cycling
H3de-HXouDQ,They didn't like that last 3.😂😂😂. Did you hear the Boos?,@cool_cat007smoove3,en,cycling
H3de-HXouDQ,She’s romanian Ionescu 😝 Viva Romania,@mihaivesa7719,ro,cycling
H3de-HXouDQ,Its unfair usa have a man in their team,@spyrosmicha,en,cycling
H3de-HXouDQ,Congratulations to the USA B team,@Woerdoxer,en,cycling
H3de-HXouDQ,"if not for the ref, belgium could have won",@tim99291,en,cycling
H3de-HXouDQ,i see what eurosport did there with that edit on that final usa 3pt shot.,@koopalibrary,en,cycling
H3de-HXouDQ,How boring. Where are the dunks? It looks like they are playing handball. No dribbling. 😂😂😂😂😂,@yannickmatiya907,en,cycling
H3de-HXouDQ,"Let me say something.
How much is there to do with the ""necessary"" victory of a sexualized USA team, with the referees blowing the whistle in their favor? Have you seen the most unfair boxing match in history at this Olympics? 
And now tell me that it is not on the agenda to do well enough to make those teams and athletes win?
Quite suspicious",@jlah3390,en,cycling
H3de-HXouDQ,"DISGUSTING. ONLY TWO WORDS I GONNA TELL YOU. 
CAITLIN CLARK",@jlah3390,en,cycling
vsA6CCOUZ7o,"That's what we want to see , not half dressed hybrids portraying the last supper",@user-mf4jj6le6d,en,cycling
vsA6CCOUZ7o,Better than that trash opening ceremony,@cucuvirgil2976,en,cycling
vsA6CCOUZ7o,She twerk😂😂😂😂😂,@turanserce2344,en,cycling
vsA6CCOUZ7o,Is she twerking?😳,@user-tm8he6yg2q,en,cycling
H3N8uPSVDoI,"Na bro why couldnt they have gotten a middle eastern commentator, these european ones have no enthusiasm, if i was there I WOULD BE SHOUTING?????😂😂😂",@silverlakemotors5184,en,cycling
H3N8uPSVDoI,Armand Raises the bar........,@deedee-tc4fh,en,cycling
H3N8uPSVDoI,"If he hadn't made that third attempt, Paris would have given him another shot.",@VicenzoV,en,cycling
H3N8uPSVDoI,First he won he gold. Then he broke the record.,@klausolekristiansen2960,en,cycling
H3N8uPSVDoI,Die einzig wahre Sensation dieser Olympischen Spiele .,@hartmutthomas989,de,cycling
H3N8uPSVDoI,MadMan,@DrunkRytNow,so,cycling
H3N8uPSVDoI,"I remember Sergi, but this lad is better",@davecoz4227,en,cycling
H3N8uPSVDoI,"But what happened in between kisses, looked like the guy pissed him off or something",@anomalix,en,cycling
H3N8uPSVDoI,It’s his older brother lol prob just releasing adrenaline,@KittenCritters,en,cycling
H3N8uPSVDoI,"@@KittenCritters It didn't look too friendly, even his girlfriend seems chocked, but i guess you could be right",@anomalix,en,cycling
H3N8uPSVDoI,"The man cleared 6.21 with an 8-cm difference, so it's only a matter of time before he clears 6.30.",@Nabuchodonozord,en,cycling
H3N8uPSVDoI,🇸🇪 ❤🇸🇪 Proud Swede!,@nina8888,af,cycling
KP2uBEGo_lc,What have the Olympic become? A f american stage? Revolting...,@secondodiana7528,en,cycling
KP2uBEGo_lc,Kocham Go ❤😊,@aniaru2116,de,cycling
KP2uBEGo_lc,what the heck clowns  has got to do with the 'altius citius fortius'? mercy,@dimkit9714,en,cycling
KP2uBEGo_lc,Does anyone know the dancer's name?,@lena170880,en,cycling
KP2uBEGo_lc,Legends,@Dee-gi4ge,nl,cycling
KP2uBEGo_lc,Paris doesn't have palm trees🤣,@itsakittyting,nl,cycling
KP2uBEGo_lc,😂,@selfMM84,unknown,cycling
KP2uBEGo_lc,Er alle danske kommentatorer sparet væk?,@jonasthomsen8000,da,cycling
KP2uBEGo_lc,W crowd,@dariusanderson8525,pl,cycling
KP2uBEGo_lc,Nice,@Messiedits145,ro,cycling
B0BX7SOTivY,"Fun fact if you are ahead of an opponent by less than approximately 10 centimeters at the finish line, let’s say 5 centimeters, you will clock the exact same time with him in two decimal places. That is why Lyles and Thompson clocked the same time.",@paultvshow,en,
B0BX7SOTivY,It's never over until its over 😂...,@HitFitAhlawat,no,
B0BX7SOTivY,For me thompson won the race,@bablushah1867,en,
B0BX7SOTivY,Noah Lyles PB 100m 9.79 is fast but no where near any world records.,@johnstephanos1128,en,
B0BX7SOTivY,"Beautiful N. Lyles ❤👍👍👍
Grace and style...",@ennediend2865,en,
B0BX7SOTivY,9.58. ---  9.63.  --- 9.69.. BOLT.  FOR EVER THE LEGEND...BOLT.,@bluemondaybluemonday9223,en,
B0BX7SOTivY,Gosti qendis ze shpirt,@user-kx8if4vz9n,sq,
B0BX7SOTivY,Noah would be a a huge problem if he fixed his start,@billarabga1055,en,
B0BX7SOTivY,It should  have been declared   a deadheat..Its happened before.,@user-ks9hs7xl6r,en,
B0BX7SOTivY,No,@user-ks9hs7xl6r,no,
9PUBIxoTyqw,Patron,@Fritz_Beck,it,
9PUBIxoTyqw,"C’est très bien 
!mais ces
2 frères ont sûrement dû faire
Beaucoup de sacrifices dans leur vie",@jeanmarcjegou,fr,
9PUBIxoTyqw,C'est un sport où il faut être pêchu.,@user-tb6hr3fq6g,fr,
9PUBIxoTyqw,"Contrôle, contre-attaques, déplacements, revers, coup-droits, tout y est !!! 👍 Génial Alexis 👏👏👏",@jean-yveslegall2562,fr,
9PUBIxoTyqw,That’s it’s true Bro 👍,@michamitek4030,en,
9PUBIxoTyqw,Les chinois ses les best,@PersonaFF,fr,
9PUBIxoTyqw,Il faut avoir des nerfs d’acier…formidable.,@user-nn9vy2zv8g,fr,
9PUBIxoTyqw,"S’il est célibataire, moi aussi 😝🧔🏻‍♂️",@normanzurich2781,fr,
9PUBIxoTyqw,"Alex, Lebrun, tu veux dire Félix Lebrun😂",@LBxxx397,fr,
9PUBIxoTyqw,Les vacances au camping des Flots Bleus ont payé !,@benjisrl,fr,
9PUBIxoTyqw,Juste magnifique 😊😊😊😊,@laurentbiguet4483,fr,
BQJ1pzOYIQI,😂😂😂😂😂😂😂😂😂😂😂,@Taslim2017,unknown,
BQJ1pzOYIQI,I can beat them without even training,@hayabusa1329,en,
BQJ1pzOYIQI,The audio is wild,@bhanuvanukuri6218,en,
BQJ1pzOYIQI,😂😂😂😂😂😂😂😂😂😂😂😂😂,@BeatriceGarrett-fb3kt,unknown,
BQJ1pzOYIQI,دکتر دو ساله دارم درخواست میکنم مستندکامل سایتیف رو بسازی ولی.......,@seyedyasin2658,fa,
BQJ1pzOYIQI,Humanity at its BEST!!!,@Sbannmarie,en,
BQJ1pzOYIQI,ولدان 🇮🇶🇮🇶🇮🇶🇮🇶😂😂,@user-yj9kv1ng3t,ar,
BQJ1pzOYIQI,😂😂,@Iloveburgerking-hf4oi,unknown,
BQJ1pzOYIQI,No way they posted this with that audio 💀,@user-wv7iw4lk2r,en,
BQJ1pzOYIQI,Lol,@LPandMD,it,
2c-s0kbep7I,Ce mec est imbattable 😅😅😅😅😅😅😅😅😅😅😅,@sistersbourdet,fr,
2c-s0kbep7I,"Le grand Léon, le plus grand champion de tout les temps",@marie-francecusset6451,fr,
2c-s0kbep7I,C normal c un dauphin,@taha-marocain,fr,
2c-s0kbep7I,Superbe athlète notre Leon❤❤❤,@michelputigny4020,fr,
2c-s0kbep7I,Gg Leon,@alicekermel1081,tl,
2c-s0kbep7I,Ressemble à mbappe,@CapyYTB,fr,
2c-s0kbep7I,🤦,@adrienrabiot3624,unknown,
2c-s0kbep7I,On repart pour 4 ans d'anonymat.. les hypocrites regarderont la natation peut être si un français va en finale.... 😂😂,@lherbenestpasplusverteaill1306,fr,
2c-s0kbep7I,Leonnnnn marchanddd est trop fort ❤😊,@MohammedAmine-jm1he,fr,
2c-s0kbep7I,Trop bg,@user-zt8mf5ec1j,vi,
2c-s0kbep7I,Il vit pour les caméras,@Michouirl,fr,
sK3ywCwKbMw,🌟,@_love_cats-889,unknown,
sK3ywCwKbMw,As a non gymnast I will call this “the nutcracker”,@Lego_Master_Yoda,en,
sK3ywCwKbMw,WOW!! My last name is Rivera too😂❤,@K1tt1c4t_47,en,
sK3ywCwKbMw,Essentially this routine got her an Olympic gold medal.,@ArtByDesign80,en,
sK3ywCwKbMw,"Why state her age all the time? 
Shawn was younger and won, and much better at 16. 
Stop focusing on her age, and let her be great at 20, 24, and 28! 
Hezley is very talented.",@PaulineHelmersson-hf5yf,en,
sK3ywCwKbMw,Ꮶの方の顔載せたかな？,@user-nc6sz1xk4h,ja,
sK3ywCwKbMw,Good dismount❤,@lucylovic,en,
sK3ywCwKbMw,She made 3 small mistakes,@lucylovic,et,
sK3ywCwKbMw,My NAME IS ON THERE TWICE,@user-df7lt3uw6h,vi,
sK3ywCwKbMw,Awesome! Inspiring,@franmiller1381,en,
os2Jxr-W_uc,She's a ditz.,@kathymc234,en,
os2Jxr-W_uc,Who built that. How do they not know that this will happen everyday?,@stefansYT,en,
os2Jxr-W_uc,That 👃,@chrismitchell4932,en,
os2Jxr-W_uc,Womp womp,@tildenmonae,pl,
os2Jxr-W_uc,There was haaland,@godlzzalpha2717,so,
os2Jxr-W_uc,"Ian after knocking over the drink: 
""I'm so sorry 🫤""
* 2 seconds later *
""WHO SPILLED IT🤯😶😱""",@a_very_real_human_being,en,
os2Jxr-W_uc,Where's the next Summer Olympics going to be,@lillybook123,en,
os2Jxr-W_uc,She’s laughing I would have been crying 😭✌️,@Yessir22486,en,
os2Jxr-W_uc,Bro needed a magnet,@shesheperson8558,en,
os2Jxr-W_uc,The samething happens to me tk but it was at my moms graduation,@myah_001,en,
xcV6317emqg,Noah won let's go USA,@brentmcmillan9374,en,
xcV6317emqg,This shows that Seville just took out Lyles once in their encounter and was outran more than thrice including the most important race,@terrancenyoni-qj2pw,en,
xcV6317emqg,"😂😂😂😂😂
😂😂😂😂😂😢",@nurammirahusna,unknown,
xcV6317emqg,"😅😅😅😂babi
😂😂😂😂",@nurammirahusna,so,
xcV6317emqg,HELOO,@tuongdavidvuhuenguyennhana2232,vi,
xcV6317emqg,"If they both have the same time, how do they determine the winner?",@MarsorryIckuatuna,en,
xcV6317emqg,Among all incompatible one less incompatible wins😂😂,@allisonburger4972,en,
xcV6317emqg,Noah Lyles. 🎉🎉,@owoyemirichardadedamola2812,id,
xcV6317emqg,"Why are people still talking about if Bolt was in the race🤦🏾‍♀️ Bolt is the record holder and the fastest of all times AAAANNNDDD HE HAS RETIRED!! Stop comparing Noah and Kishane to Bolt and let them have their own identity,  moment and place in Track and Field history.

Also, if you are a novice in the rules of Track and Field please just don't comment 🤦🏾‍♀️",@andreabloom7287,en,
xcV6317emqg,"Say is the same time Is a New way to Steel competitions from USA, way don't show the video?they own guy who was speaking said Jamaica won!",@Marcos-ff3ro,en,
xcV6317emqg,If they both ran the same time why didn’t they both get gold ??,@darraghcollins1374,en,
nSO1T1r4mFI,Non pensavo che i turchi fossero così rosiconi,@pi5553,it,cycling
nSO1T1r4mFI,???,@user-go6wm9zi7r,unknown,cycling
nSO1T1r4mFI,Pallavolo femminile è piu bella di quella maschile😍🥰,@CocacolaBoy83,it,cycling
nSO1T1r4mFI,"Italy was not dominant!!, Türkiye struggled with many injuries and played with the B team. Despite this, it was an extremely even game! You only gave Italy's numbers!!",@tijenguney8289,en,cycling
nSO1T1r4mFI,"It's really strange to see so many Italian olympic teams winning medals like nothing... and seeing our national football team suck so hard that it looks like almost the American Football Team... 🤔😑😮‍💨
Those players are paid too much.",@danielefabbro822,en,cycling
nSO1T1r4mFI,"Brave ragazze! Ci siete quasi alla medaglia d'oro o argento. Coraggio ragazze d'Italia, siate grintose e battete le ragazze degli Stati Uniti D'America! In bocca al lupo e Forza Italia!",@francithepooh,it,cycling
nSO1T1r4mFI,ED È ARRIVATAAA😍😍🇮🇹🇮🇹🥇🥇,@francescacuppari2800,it,cycling
nSO1T1r4mFI,Che bello vedere i commenti dei rosiconi che invocano il purismo di razza perché non sanno a cosa aggrapparsi 😂😂🔥 Silla più italiana di me porco zio,@francesco5254,it,cycling
nSO1T1r4mFI,Vargas you are man!!! Go home!,@herbi4640,en,cycling
nSO1T1r4mFI,Superb Italy winning 2 men- team of Turkey! Shame on you Turkey!!!!!!,@herbi4640,en,cycling
nSO1T1r4mFI,DID WE HEAR ANY EBRAR SCREAMS??? 🤣🤣🤣🤣🤣🤣,@quitx8028,de,cycling
nSO1T1r4mFI,"Entrambe le squadre hanno giocato in modo eccellente.
L'Italia meritava di vincere.
Buona fortuna per la finale.",@ClarkKent-wr3xz,it,cycling
emZDytzNtdo,AAP merathan m race krti ho,@Abhishek-w8u8z,en,
emZDytzNtdo,"I feel so bad for Noah Lyes, he is a very good runner",@colette_equestrian,en,
emZDytzNtdo,Я так и думал . Ещё 2 года назад я предсказал что Tebogo будет бежать как Усэйн Болт! У них одинаковые шаги . ! Думаю что Тебого восходящая звезда спринта!,@igorigor9792,ru,
emZDytzNtdo,People who record themselves reacting are the worst people in the world,@coolinmac,en,
emZDytzNtdo,"Tebogo ,is ❤❤osm runner 🎉🎉",@Nayak_0001,no,
emZDytzNtdo,Everyone around you standing normally. Yet you’re the only one shocked?,@aliyaspahic,en,
emZDytzNtdo,Can't White people compete with the blacks?,@manu-manuel,en,
emZDytzNtdo,Only blacks 😮😮😢😢,@manu-manuel,en,
emZDytzNtdo,When being arrogant doesn’t go your way. Dude lied about having Covid 19 and that’s why he lost. No you lost because you were slower then the other sprinters,@TruCunt,en,
emZDytzNtdo,"Ssssshhhhhhh..........
sileeennnttt.... 😂😂😂😂😂
noah sleeepp....",@nananghidayatul9980,fi,
m9x9PyPsMu0,"Tap on the play button ▶️ to watch me COMPETE in the OLYMPICS! That's right, I competed AND... set a world record 😉 NOW WATCH MY WHOLE VLOG NOW! 🙌🏼",@IanBoggs,en,
m9x9PyPsMu0,Yo Ian I am so happy that a good and positive person got famous and successful like you ❤️,@lucasoliveira8437,en,
m9x9PyPsMu0,W,@ducky-zx5vy,sw,
m9x9PyPsMu0,Good luck😊,@jesusjimenez1039,so,
m9x9PyPsMu0,only 3 replies in 1 day? wow,@randomguy4744,en,
m9x9PyPsMu0,R u European,@ummer14,ro,
m9x9PyPsMu0,Cap,@knowledgewithkanishk,ca,
m9x9PyPsMu0,I hate olimpic,@DebbieSmith-zr3jd,it,
m9x9PyPsMu0,Like swimming running,@gunnergaming13,no,
m9x9PyPsMu0,What are you doing,@gunnergaming13,en,
m9x9PyPsMu0,"I mean, I’m not a athlete still fast and I eat a lot",@ChaseUzumakiBelieveit,en,
m9x9PyPsMu0,Oh please i can eat more but im in Nz and im only 9,@IzobelleBarnett-ns5dq,en,
m9x9PyPsMu0,We do eat all the time,@user-hk4bp7jl8g,en,
m9x9PyPsMu0,1001,@HunterBrown-r5x,unknown,
m9x9PyPsMu0,What does your room at the olympics look like with the😂😂😂😂😂,@ruthborja1678,en,
ge_B4hlkGa0,"If you enjoyed this besties, please subscribe for more content 🫶❤️ (& a Gold medal ☺️🥇) LY! ❤️🏆",@Sussan_Mourad,en,
ge_B4hlkGa0,This is how you do it..,@LionHeartInTheWild,en,
ge_B4hlkGa0,Queens respecting each other ! ❤❤,@oyvehwompwomp,en,
ge_B4hlkGa0,That's not Adele 😮,@EliHank,en,
ge_B4hlkGa0,LOVE YOU ADELE❤❤❤,@loisewatson384,cy,
ge_B4hlkGa0,Man Adele is amazing 😢I love her ❤,@anniereg4500,en,
ge_B4hlkGa0,Congratulations to alfred 💐🎉,@shaneilellis9832,en,
ge_B4hlkGa0,Wowed,@sej5387,pl,
ge_B4hlkGa0,I love Adele supporting other incredible women!,@catmat3686,en,
ge_B4hlkGa0,That's such a sad comment how is her support to the Olympic contestants about their gender ? Don't everyone deserve the same support when they perform at the Olympics ?,@hsd287,en,
ge_B4hlkGa0,Luv ❤️ you Adele,@rainetravels1410,tr,
GjiNiMDNE5U,Les missiles qu’ils s’envoient…,@borugby,fr,
GjiNiMDNE5U,"Plus que ces succès..
Jouer en porte plume.. Même le Chinois ne le font plus.
Un gros 👍 pour Félix ❤",@happyti.g1019,fr,
GjiNiMDNE5U,Ca ping et ça pong.,@dominiquegerault9760,tl,
GjiNiMDNE5U,Il va renverser la planète ping et sera bientôt numéro un mondial devant l'Asie,@user-xg6ub1of7e,fr,
GjiNiMDNE5U,Faudra m'expliquer l'intérêt de montrer en premier la 5e pour ensuite passer les 4 premières et montrer de nouveau la 5e balle de match,@Bien_se_passer_tkt_pas,fr,
GjiNiMDNE5U,Ce gars est incroyable 🤯🤯🤯,@JojoCutrupi,fr,
GjiNiMDNE5U,le plus jeune medaillé olympique de l'histoire du ping le futur goat,@JesseWhite10,fr,
GjiNiMDNE5U,"Les frères Lebrun, nous ont fait rêver de ouf, dans 4 ans, les chinois vont souffrir et c'est bien ... Merci pour ses jeux divin, ils n'ont pas eu la médaille d'or, mais c'est comme ci...",@eleonoremythlya9305,fr,
GjiNiMDNE5U,On se rend pas compte des parpaings qu’il lui envoie,@kevcc_,fr,
GjiNiMDNE5U,Un monstre en puissance notre Félix ❤,@user-uq8rg5ye3l,fr,
rHVI3wOqqrA,0:23 Too bad no men were actually chosen to compete this year…,@hwtvi3466,en,
rHVI3wOqqrA,"WHY GHASTLY, OBNOXIOUS AND EXTREMELY LOUD!!!! MUSIC?!  I COULD NOT HEAR A WORD OF THE PERSON EXPLAINING THE RULES.  THIS MUST BE THE WORST YOUTUBE UPLOAD EVER!!!",@annac9771,en,
rHVI3wOqqrA,"Tanda Comercial RPP Noticias 📰 89.7 FM (Perú, 08/07/2013 📅) (2/4)",@samuraisama6457,pt,
rHVI3wOqqrA,5:03,@samuraisama6457,unknown,
rHVI3wOqqrA,The American Artistic Swimmers are returning to podium in Paris 2024!,@francisnguyen6349,en,
rHVI3wOqqrA,"Tanda Comercial RPP Noticias 📰 89.7 FM (Perú, 08/07/2013 📅) (2/4)",@alanikari6403,pt,
rHVI3wOqqrA,5:03,@alanikari6403,unknown,
rHVI3wOqqrA,So they banned Russia in the olympics but not israel? 😴,@tekilacat1465,en,
rHVI3wOqqrA,"If the Russians were there, no one could beat them.",@wongrichx,en,
rHVI3wOqqrA,"I Saw 'the satanic  simbol, in 1,37 '",@lushenjhonn2466,en,
FHdsCeB2g6w,Non,@lapoule5225,en,
FHdsCeB2g6w,Ah oui une femme décapitée ensanglantée c était vraiment top ????et lez chrétiens bafoués. La honte !!!,@elisabethviviez4460,fr,
FHdsCeB2g6w,Bof..,@mauriceperon3313,en,
FHdsCeB2g6w,Les français arretez de vous voiler la face avec vos cérémonie puantes et sataniques !!!on fait pitié avec nos grandes folles et nos pauvres spectacles 😅allez regarder les autres cérémonieson fait pas le poids,@matal7016,fr,
FHdsCeB2g6w,❤❤❤❤❤on est les meilleurs au monde ❤❤❤❤❤❤la France le plus beau pays au monde ❤❤❤❤❤❤❤❤❤❤❤❤❤❤❤❤❤❤❤❤😂❤❤❤❤❤❤ Paris la plus belle capitale au monde ❤❤❤❤❤❤❤❤❤❤❤❤❤❤❤❤❤nottre ouverture la plus belle du siècle depuis la création des jeux ❤❤❤❤❤❤❤❤❤❤❤❤❤❤❤❤❤❤❤❤❤❤❤❤❤❤❤❤❤❤❤❤❤❤❤❤❤❤❤❤❤❤❤❤❤❤❤❤❤❤❤❤❤❤on domine le toit du monde ❤❤❤❤❤❤❤❤❤❤❤❤❤vive la France vive la république ❤❤❤❤❤❤❤❤❤❤❤❤❤❤❤❤❤❤❤❤❤❤❤❤❤❤❤❤❤❤❤❤❤❤❤❤❤❤❤❤❤❤❤❤❤❤❤❤❤❤❤❤❤❤❤❤❤❤❤❤❤❤❤❤❤❤❤❤❤❤❤❤,@jeanlouismartin2025,fr,
FHdsCeB2g6w,Faut pas exagérer quand même ! Y’avait 2 - 3 trucs un peu naze,@marc6941,fr,
FHdsCeB2g6w,A part nakamura et les travestis le reste super,@floma38,fr,
FHdsCeB2g6w,magnifiquement de la daube,@yoannguillerm6411,fr,
FHdsCeB2g6w,Nul,@jeanmarc6437,ro,
FHdsCeB2g6w,N’on,@GabMaker,et,
dvs2xFatVxo,Shacarri Richardson the fastest ❤,@haanakotta,en,cycling
dvs2xFatVxo,Great gorgeous girl... Keep it up🎉,@TheKhunda,af,cycling
dvs2xFatVxo,Sha 'Carrie Richardson as sweet and powerful ❤❤❤❤,@anamontesmendez2499,en,cycling
dvs2xFatVxo,Oh Sha ❤,@run89run89,so,cycling
dvs2xFatVxo,"Shes the most beautiful , the most sexy the most stunning woman athlete in this 🌍. Respect , Respect , Respect",@kangnal,en,cycling
dvs2xFatVxo,Wow!! What an icon!!,@thedabbinunicorn5432,en,cycling
dvs2xFatVxo,Bellissime bravissime❤❤,@stefanopallini814,it,cycling
dvs2xFatVxo,Lot's of admiration for you!🎉,@nicoletamunteanu4613,en,cycling
dvs2xFatVxo,الهی ❤قربون چشمهای خوشگلت ک اشک هات جاری شده❤,@HamidSoheili-eo4cs,fa,cycling
dvs2xFatVxo,Bravissime❤,@p.i9119,fi,cycling
zzn5LcOhbZs,"Wow,ive seen them do alot with the bowl at Lucas Oil stadium.. i worked the games and events there for 8yrs..
but that pool was epic✨",@annedavis6090,en,
zzn5LcOhbZs,"Such a dark nation of sportsmen people only in America nowhere else are there so many stupid ""people""💩🤡
And it's really sad that Australians don't even make hundreds anymore🙄🤡",@tomnsx5418,en,
zzn5LcOhbZs,Being high fived be Mckeown or any Olympic swimmer would make ur day,@sky2213,en,
zzn5LcOhbZs,How funny!,@dragontamer6631,cy,
zzn5LcOhbZs,Суки аглосак ы,@kubanychmyrzakanov354,ru,
zzn5LcOhbZs,❤❤,@merrybetisty7905,unknown,
zzn5LcOhbZs,so cute im gonna cry❤😢,@saramakesvideos,it,
zzn5LcOhbZs,Austrália from Brasil 😊❤,@FãclubMollieOcallaghan,pt,
zzn5LcOhbZs,HEHE ❤😊,@FãclubMollieOcallaghan,vi,
zzn5LcOhbZs,Winter jacket and gloves???,@___beyondhorizon4664,da,
zzn5LcOhbZs,To keep the body warm as long as possible before swimming.,@manyadiptam5544,en,
eOSxn-j3fRU,Yessssss🎉🎉🎉❤❤❤,@michelevillalba7788,fi,
eOSxn-j3fRU,Pure luck,@saascarlson5597,ro,
eOSxn-j3fRU,Yahhhh Gabby,@tagodard,so,
eOSxn-j3fRU,YAAAAY!!...Olympians!!💥☺️💯,@lorjack562,en,
eOSxn-j3fRU,❤❤❤❤ cool moment,@EbonyAE88,it,
eOSxn-j3fRU,Wowww!!! What a moment🎉🎉🎉,@nicagwinn2002,en,
eOSxn-j3fRU,Wooow,@hillarysantana1133,so,
eOSxn-j3fRU,Luckyyy,@Bremojica,cs,
eOSxn-j3fRU,That’s so cool!,@EveZubelvitskiy,en,
M5LugwmAo3Q,Esaltato,@1010andrea1010,fi,cycling
M5LugwmAo3Q,Un ridicolo,@simonemartinelli5780,it,cycling
M5LugwmAo3Q,Clown,@sirraion9654,en,cycling
M5LugwmAo3Q,That should be a Meme as soon as Trump has lost the election.,@tantemitzi6781,en,cycling
M5LugwmAo3Q,lol what a clown,@s1mphuntr,en,cycling
M5LugwmAo3Q,And then he went on to fall at the 2nd hurdle...,@carlkontermann5637,en,cycling
M5LugwmAo3Q,Until an hour before he was in hospital... a miracle that he participated.,@thearchitect0612,en,cycling
M5LugwmAo3Q,"Ehi ehi questa musica l'ho già sentita,è un classico",@amedeodoni08111,it,cycling
M5LugwmAo3Q,"Don't spoil energy, man!",,no,cycling
M5LugwmAo3Q,Fai troppe mosse.,@leonardo718,it,cycling
M5LugwmAo3Q,"Mi piace tantissimo quando fa il suo lavoro di atleta (fortissimo!),  molto meno quando fa l' attore esaltato.",@fabioz.8187,it,cycling
M5LugwmAo3Q,Mi fa ridere sono d’accordo,@simonemartinelli5780,it,cycling
ARKV196oy_g,Nadal ist einfach Nadal.,@norbertszoke999,de,tennis
ARKV196oy_g,Loved this partnership,@sylviaandreou5350,en,tennis
ARKV196oy_g,Ohhhhhh.,@toitontao,vi,tennis
ARKV196oy_g,Vamosss!!!....a casa!!!!!😂😂😂😂😂😂😂😂😂😂😂😂😂😂😂😂😂😂😂😂😂,@giulianobiaggi213,pt,tennis
ARKV196oy_g,What a man😮👏🏻👏🏻👏🏻👏🏻🥰,@user-rg8jk4mj7i,en,tennis
ARKV196oy_g,Hè does it in his sleep,@yvonnemulder9038,nl,tennis
ARKV196oy_g,"Nadal, ein wirklich super Typ und immer sehr sympathisch gegenüber den Zuschauern und seinen Fans! Alles Gute für Nadal!!!
All the best for Himmel!!!
Bye",@jorgronn1342,de,tennis
XbfraKkipS8,And Liu Xiangs OR remains unbeaten 20 years on,@OtakuLogan2017,en,cycling
XbfraKkipS8,Eurosport you have ruined olympics. Show the damn results.,@asadm9522,en,cycling
XbfraKkipS8,"It is wrong that 3 athlets fr Jamaica, 3 fr USA in the final. 1 fr Asia, 1 european. Other countries have also right to be in the final!",@saulepetersson206,en,cycling
XbfraKkipS8,"Horrible edition of the videos. Some highlights are super short with no results and celebration, while others super long. Copyrights have ruined everything in the long run",@distritodisfruta8201,en,cycling
XbfraKkipS8,00:31 is that a JOJO REFERENCE?,@rindar1,en,cycling
XbfraKkipS8,I love Flamingo's shorts. Congratulations ✨,@ewad8727,en,cycling
XbfraKkipS8,"¡LLOPIS 🇪🇸🏃‍➡️💪 ya estás INSTALADO en la ELITE!
AHORA comienza lo COMPLICADO...¡MANTENERSE!",@franciscosalazarbueno542,es,cycling
XbfraKkipS8,Who is she?,@canbarut8310,en,cycling
XbfraKkipS8,Hey EuroSprts! Wait for the result table at the end!,,en,cycling
XbfraKkipS8,U S A !!! U S A !!! U S A !!!,@teodorsuditu6800,hu,cycling
_Z8vIJ8uvX0,Congratulations 🎉❤🎉❤🎉❤🎉,@KatalinBara-ho3pt,en,cycling
_Z8vIJ8uvX0,Feliz  y  contenta Simone Biles. Bravo❤,@Quator27,es,cycling
RPZASr1LiFA,Oui il y a trois légende du sport et un pauvre type,@Cuisto.breton,fr,
RPZASr1LiFA,"C batum qui salue des fans 
Et pas l'inverse sauf pour Henry",@GuillaumeBresse,fr,
RPZASr1LiFA,"J'aime bien le regard de Thierry Henry. C'est le regard d un joueur, le même quand il était sur le terrain ! Il est resté lui-même! ❤",@ArmelDavid,fr,
RPZASr1LiFA,"Omar  sy je ne peut pas l'encadrer, par contre beaucoup de respect pour Riner et henry!ah mince ils sont de couleur,donc on dit quoi je suis facho ou pas? Arrêtez, avec ca on peu ne pas aimé une personne,sans s'occuper de sa couleur de peau et dénoncé aussi dans ce cas l'anti blanc,alors et vous serez crédible!!",@juan-salvadorlloret7286,fr,
RPZASr1LiFA,Ils auraient pu lui serrer de la main gauche,@romp6441,fr,
RPZASr1LiFA,"La pleurniche des commentaires sur Omar Sy 😂 Les français vous n'aimez pas la critique à votre encontre, mais quand il s'agit des autres... Omar a raison et il est intouchable",@ydsmymusic,fr,
RPZASr1LiFA,Pourquoi il y a un green card au mileu des legende ?,@greyfox623,fr,
RPZASr1LiFA,Six légendes et un homme très riches lol,@socios64,fr,
RPZASr1LiFA,"Nicolas Batum salué par ""des légendes""... Heeeuuu, vous parlez également d'Omar Sy !??? 😂🙄😤",@fred1630,fr,
RPZASr1LiFA,"Tout ses films et series ,boycott et pouce en bas.il va comprendre qu' il faut la fermer .on avait eu l' ingenieur yannick noah avant lui .meme cerveau de moineau que le omar",@gerald6060,fr,
mSuCwvjRzsE,the goat,@MarlonBlackwood-wk4jt,en,
mSuCwvjRzsE,Great commentary 😅,@victorngando2671,en,
mSuCwvjRzsE,Magnificent 👍👍👍,@davidspencer8233,fr,
mSuCwvjRzsE,Congrats to the other athletes for battling it out for the other positions. Number 1 was by default reserved for the GOAT. Congrats legend & heroine Kipyegon.,@dennisny6439,en,
mSuCwvjRzsE,"Well done sister , what a historic moment  but that fall is unAfrican , makes your family especially brothers and father very uncomfortable . Let's not see it again .",@khaya292,en,
mSuCwvjRzsE,Wow.,@francisnguyen6349,pl,
mSuCwvjRzsE,These Kenyans are a special breed ❤,@Rigel-fo4ye,en,
mSuCwvjRzsE,🇰🇪🇰🇪👌🙏,@Moody-qz9zg,unknown,
mSuCwvjRzsE,Her name is FAITH,@errolbailey2308,nl,
mSuCwvjRzsE,The cameraman is a proud Kenyan🇰🇪 too.. Hakuna matata!😅,@otungalarry951,id,
2-0W4qsc3Vw,"Such a great and memorable act! It was my favourite moment of the ceremony! that silver-clad horse and its masked rider galloping swiftly through the darkness of the River Seine to deliver the Olympic flag accompanied by this mesmerising soundtrack and legendary images from previous Olympic Games...

I might have mixed feelings with the other performances of opening ceremony, but this one in specific was so memorable to me, such an unique and iconic performance that I hope, goes down in history as one of the most majestic moments of an Olympic opening ceremony!

Thank you, thank you, thank you so much for uploading this, thank you for all the effort it took you to find, isolate and upload this track, I was looking for it since I heard it for first time during the ceremony",@predatorjunglehunter7332,en,
2-0W4qsc3Vw,"The only way I could upload a verison was through TikTok; the link below. It too was my favorite part of the entire ceremoney, really inspiring and wonderfully captured so many great moments in Olympic history. It does come off a little more frenetic on TikTok but at least it's still up. Enjoy! https://www.tiktok.com/@mrbravo365/video/7398955560965573918",@mrbravo365,en,
2-0W4qsc3Vw,"We like controversies in France, this is how you remember things. The ceremony was a patchwork with so many unforgettable things you won't ever get in a stadium. I had goosebumps and tears during so many parts of the show..rain pouring on us. Magic",@aquamich129,en,
2-0W4qsc3Vw,@@mrbravo365why does this sound like something u play in church,@faiththomas1749,en,
2-0W4qsc3Vw,@@faiththomas1749 coz the usage of organ at the beginning,@predatorjunglehunter7332,en,
2-0W4qsc3Vw,Have you found a video showing that montage from the opening ceremony of the horse with all the past Olympic moments?,@gracecrockett334,en,
2-0W4qsc3Vw,Musique magnifique et magnifique bien adaptée à ces fabuleux jeux olympiques 2024. J'adore ❤❤❤❤,@annefuentes3299,fr,
2-0W4qsc3Vw,"It's not ""Parade"" but ""Higher""",@fabien3672,en,
2-0W4qsc3Vw,Lewis Thomas Lee Larry Williams Thomas,@RebeccaChaney-z5o,en,
2-0W4qsc3Vw,Thank you to France for adding this as motivation music for when I exercise!,@YeetemUpper,en,
2-0W4qsc3Vw,🇨🇵 On est vraiment fière du thème. Merci encore pour ce thème personnellement qui m'a marqué.,@Nirvada,fr,
2-0W4qsc3Vw,I'm sure some people are on their treadmills amping up the speed with this music.,@ariccua6101,en,
2-0W4qsc3Vw,Me too,@kascnef,en,
2-0W4qsc3Vw,I was riding my bike with this song and I felt glorious 🤩 🚲,@-Diana_anaiD-,en,
2-0W4qsc3Vw,"People can say whatever they want but for me it was one of the best ceremony ever, truly innovative et very spectacular",@passllo,en,
2-0W4qsc3Vw,Paris 2024 = meilleurs jeux au monde,@jeandelaunay-hv6kr,fr,
2-0W4qsc3Vw,"J'ai entendu dire que même les Américains ont admis que ""JO France 2024"" avait mis la barre très haute🙋‍♂️😉",@plx1765,fr,
2-0W4qsc3Vw,Temazo,@ezequielar273,hu,
BgsuwbKP52Y,Please next part,@user-oy2yn5tp2h,ro,
BgsuwbKP52Y,"Credit goes to kurtha guys mother❌
Yellow chappal and the kurtha guys face ✅✅✅
Even the 🥇 in yellow colour 😂😂😂😂",@user-le4qw7hb6y,en,
BgsuwbKP52Y,On the first thought I thought you guys on the real Olympic when she is your mother said just bending harvest then I saw that she was throwing a slippery or a chappal I was laughing that and I sure to my brother this video and he sure that can't stop laughing and missile have allowence to record and send you that video I can send you that but I don't have any that I don't have anything no that's why I can't send you anything 😂😂,@user-le4qw7hb6y,en,
BgsuwbKP52Y,Kheekhee,@nagarathna1240,nl,
BgsuwbKP52Y,Hhahahahahaja,@nagarathna1240,so,
BgsuwbKP52Y,Indian son is watching kurta guy,@anamnirmala6976,id,
BgsuwbKP52Y,India is very proud,@shamshi17,en,
BgsuwbKP52Y,The Obsession of yellow slipper never  ends😂,@srivishva2324,en,
BgsuwbKP52Y,😂😂,@srivishva2324,unknown,
BgsuwbKP52Y,When is part 2going to come😢😢😢😢😢,@TheGeeta2606,en,
taw7ZTqVUng,"Mondo e' da 6.35 almeno, e lo sa benissimo. Giustamente avanza di un centimetro alla volta, e fa benissimo!!!!!!!!!!!!!!!",@loutiscrive,it,cycling
taw7ZTqVUng,Duplantis top,@TinaDimaio-d1u,en,cycling
taw7ZTqVUng,Fy,@AntiGod666,no,cycling
taw7ZTqVUng,"Congratulations Mondo! 
From Sweden 🇸🇪",@peterh.1521,en,cycling
taw7ZTqVUng,FY,@AntiGod666,de,cycling
taw7ZTqVUng,"@@AntiGod666 Financial Year, okay, but irrelevant to pole vault.😄",@peterh.1521,en,cycling
taw7ZTqVUng,I russi invece di andare alle olimpiadi è giusto vadano in guerra ringraziando putin,@paolofolletti4049,it,cycling
taw7ZTqVUng,Which is the limits today of Duplantis ? 6.30 😁.. He seems every time effortless,@flowers42195,en,cycling
taw7ZTqVUng,Senza la Russia le olimpiadi NON valgono un cazzo.,@ad8539,it,cycling
taw7ZTqVUng,"Il cio è come l'OMS ed altre organizzazioni simili,per non dire della wada o come minchia di chiama, tutto sotto controllo Usa che peraltro stanno facendo una discreta figura di merda, al pari della sindaca di Parigi....",@stefanocuci6889,it,cycling
taw7ZTqVUng,NICE COLLAGE !!,@teodorsuditu6800,vi,cycling
taw7ZTqVUng,duplantis is a phenomenal guy he did impossible tonight congratulations to sweden 🇸🇪,@pezzandre1973,en,cycling
taw7ZTqVUng,هل هو إبن عمك ؟؟ إنك أرخص من الملح...,@AntiGod666,ar,cycling
taw7ZTqVUng,I was there!,@paultester8672,en,cycling
ufvcbMNixec,Steeple chase - the toughest and riskiest race of all. How often do they break or fracture their wrists and ankles or bruise their ribs after falling at hurdles through fatigue?,@paulgovan3507,en,cycling
ufvcbMNixec,Girma fell in a rather comical fashion 😅😅,@kitcarsonscout7737,en,cycling
ufvcbMNixec,El bakkali manshallah congratulations from somalia 🇸🇴,@mustafaahmed4035,en,cycling
ufvcbMNixec,The American runner was the surprise of the race. He was an underdog and did well to win the silver.Congratulations el bakali🇲🇦,@Aziz888-A,en,cycling
ufvcbMNixec,"I wonder why our Ezekiel Kemboi,C Kipruto aren't in this race ?",@benjaminmumo1492,en,cycling
ufvcbMNixec,The new hicham garouch❤,@MohamedMoussaoui-wg5gq,en,cycling
ufvcbMNixec,الحمد لله,@redouan7806,ar,cycling
ufvcbMNixec,Amazing race,@lucanthunder,hr,cycling
ufvcbMNixec,🎉,@Mohammed_bentaleb94,unknown,cycling
ufvcbMNixec,"Congratulations from Sarajevo,Bosnia and Herzegovina.",@mrgreenclon,en,cycling
NPnZHrunaFI,This video can’t be uploaded in Australia.❤❤,@user-vg3zo7cd1v,en,
NPnZHrunaFI,لئون ماراشاند❤❤❤🎉🎉🎉,@SMood-k3c,fa,
NPnZHrunaFI,🎉🎉🎉❤❤ لعون مارشاند,@SMood-k3c,fa,
NPnZHrunaFI,Love him 💯🤩,@AlmaBlossom-w9d,sq,
NPnZHrunaFI,I admire so much all the athletes no matter where they are from since I was a kids. The Olympics is one of the most joyful things I can enjoy to watch on screen in my whole life.,@manuelcalderon5863,en,
NPnZHrunaFI,"Congratulations to team France winner's,Marchand for his best swimmer's In Paris Olympics swimming arena At Paris 2024 Olympics games🏆🏆🏆🏆🏆🏆🏆🏆🏆🏆🏆🏆🏆🏆👏👏👏👏👏👏👏 👏👏👏👏👏👏👏👏👏👏👏😂!",@AndyTeo-ng1je,en,
NPnZHrunaFI,Leon Marchand notre héros des Jeux Olympiques de Paris 2024 Bravo Leon pour toutes tes médailles remportées quatre médailles d Or et une médaille de Bronze en équipe on t aime Leon Marchand tu es incroyable merci pour le bonheur que tu nous a apporter bravo et MERCI 🙏,@rejanebenguigui2378,fr,
NPnZHrunaFI,Amazing performance! 😎👌,@binoymathew246,it,
NPnZHrunaFI,🎉❤..bravo at felitations.. a Star is born..the making of one time great in the world.. ride 0n bro..,@Ibrashah1959,en,
NPnZHrunaFI,R7hjetndhso,@Mylzfortnite,sq,
TIaBi6DOyq4,We all know what we know😅,@user-ws3hf2xd9r,en,
TIaBi6DOyq4,Patriot Snoop😊,@ennediend2865,en,
TIaBi6DOyq4,AMERICA IS BACK🇺🇲💪,@ennediend2865,en,
TIaBi6DOyq4,Snoop is on drugs❤,@lucylovic,af,
TIaBi6DOyq4,They should of both got a gold ...5/1000s of a second. BS. Some should complain. I thought the Jamacian won.,@lucylovic,en,
TIaBi6DOyq4,"Bhai , wo black shirt wall to noah lyles nikla",@adarshhatai1411,en,
TIaBi6DOyq4,Yesss,@qwerty7761,fi,
TIaBi6DOyq4,Better' is Jamaica runner may be best luck lyes win medal may be this is last gold for lyes😢😢😢😢,@jebasjebas6140,en,
TIaBi6DOyq4,Hepsine madalya verilmeli 😂😂😂😂😂,@Transformation9,tr,
TIaBi6DOyq4,By this technology American will win... because all technical judges are american 🐶,@KaushalKumar-yk9rs,en,
FF6CtDWvEZg,"I just wanna clear up, that the *only* dressage test that’s actually choreographed to music is the freestyle which you have to qualify for - the first test (qualification round) you do is the same for everyone. The free style test is where riders have required movements and they can come up with the format + music, unlike the first test which you follow the chosen movements ie. do a canter half pass from G to M, then do a flying change past M etc etc… 

And unlike figure skating/ dance the music is always added after the choreography is set! Because it’s just to enhance the visuals it’s not actually supposed to be a dance. And also the music is chosen very specifically! We look at the beat of the gait, for example the trot is 2 beats & each horse has a unique BPM so if it’s like 100BPM we search up 100BPM songs and it’ll be almost impossible to be off time with the music!",@johnnyyy1111,en,equestrian
FF6CtDWvEZg,"Also I’m just knit picking because I like yapping but in showjumping (which the height is at 1.60m) you can also get penalties for a foot in the water & a refusal! all you have to do is go clear (avoid all penalties) and you’ll go into the jump off, it’s not really about having ties as there’s usually 10+ people making it into the rounds but the jump off is about going clear and being fast

Also in eventing the goal is to have the lowest possible score - in dressage Laura collett just made a new Olympic record of having JUST 17.5 penalties (each dressage movement is rated from 0-10), showjumping is rated the same and so is cross country (avoid penalties/ go clear. The time doesn’t matter aslong as it’s within the time)",@johnnyyy1111,en,equestrian
FF6CtDWvEZg,Wrong.,@nicolewheeler8076,tl,equestrian
FF6CtDWvEZg,"Wrong how? Genuinely asking here, haha!",@St4r.b4ttz,en,equestrian
FF6CtDWvEZg,"as an equestrian, nothing is wrong",@Lauren_eq,en,equestrian
FF6CtDWvEZg,"@@Lauren_eq oh, okay! I didn’t know and was wondering why they commented that haha- I really want to start lessons when I have enough money and get into show jumping! I love horses <333",@St4r.b4ttz,en,equestrian
FF6CtDWvEZg,Nothing about this is incorrect..,@Crunchyyyy,en,equestrian
FF6CtDWvEZg,No u,@blackkitty420,pt,equestrian
FF6CtDWvEZg,obstical course no we jump over colorful sticks,@jnealet,en,equestrian
uOwV5XL9_jM,She'll do it again❤,@karena3217,en,
uOwV5XL9_jM,"sorry Sha'Carri, no sweat on your forehead to dry this time",@Cervetz,en,
uOwV5XL9_jM,"she's so very humble,,love her❤❤❤❤",@user-fw3ex5tj2c,en,
uOwV5XL9_jM,"Dem der island people are used to being in heavy rain. She powered her way to the win, while giving Richardson an exact dose of her own medicine - their running style is similar. 💯💥💪🏆👍😂",@Mike-z1w9b,en,
uOwV5XL9_jM,"The day Richardson met her match - with those HARD-PULL THIGH POWER MOVE. ... It's like two can play that game, baby. 😂",@Mike-z1w9b,en,
uOwV5XL9_jM,Shacarri does not start well when its wet!!,@mia1291,en,
uOwV5XL9_jM,Marion Jones test her,@sweets3745,en,
uOwV5XL9_jM,Wanna see her crack the world record.,@vernonhendricks867,en,
uOwV5XL9_jM,Duble nerde?,@nefha5306,af,
uOwV5XL9_jM,We are built  with original row material,@PatrickKarisa-qt3yx,en,
S1zbI-d-WMc,Amazing cat!,@mooxjesus,en,
S1zbI-d-WMc,I can fly!,@catnamedcalvin,en,
S1zbI-d-WMc,Haha cute ❤,@chikabiche7192,so,
S1zbI-d-WMc,Thank you!,@catnamedcalvin,tr,
S1zbI-d-WMc,Atleta gattesco,@PietroPedrotti-d3d,it,
S1zbI-d-WMc,😎,@catnamedcalvin,unknown,
S1zbI-d-WMc,"cat ❌
missile ✅",@peaonyt,fr,
S1zbI-d-WMc,Off to space we go!,@catnamedcalvin,en,
S1zbI-d-WMc,Cute cat,@M1ntytea,ro,
S1zbI-d-WMc,Thanks!,@catnamedcalvin,en,
S1zbI-d-WMc,This got me fired up for the olympics,@BigmeechT,en,
S1zbI-d-WMc,I'd watch him on the TV!,@catnamedcalvin,en,
S1zbI-d-WMc,Smart kibty,@multi7021,hu,
S1zbI-d-WMc,Thank you!,@catnamedcalvin,en,
S1zbI-d-WMc,The cat is a person wearing suit!,@austin000hydro200,en,
S1zbI-d-WMc,A disguise!,@catnamedcalvin,af,
S1zbI-d-WMc,Wow,@Jake-b6m,pl,
S1zbI-d-WMc,😎,@catnamedcalvin,unknown,
3ldp-gAyP_Y,"Cest du foot mltn le judo,deux debiles",@capsule35OOO,fr,
3ldp-gAyP_Y,La sanction ???,@robbycollin7822,fr,
3ldp-gAyP_Y,Et l'arbitre qui n'intervient pas !!,@marcassinmarcassin9740,fr,
3ldp-gAyP_Y,Mais Teddy est plus intelligent l'autre c'est juste un raciste.,@aminabalde6274,fr,
3ldp-gAyP_Y,Tu es le meilleur teddy 🇨🇵,@user-qb9hj4br9r,fr,
3ldp-gAyP_Y,"Apparemment ce n'est ni une passion ni vocation le judo chez le géorgien. Il traînera cette image derrière lui pendant longtemps, c'est tout ce qui sera retenu de lui de ces JO de Paris.",@kamilia7583,fr,
3ldp-gAyP_Y,T. D n1,@MOHA-kf8ic,af,
3ldp-gAyP_Y,Surtout que ces Teddy qui a commencer mdrr il y a rien de racistes,@LeRatTesteur,fr,
3ldp-gAyP_Y,Jigoro Kano se retourne dans sa tombe.,@Florian85V,pt,
3ldp-gAyP_Y,Les français vous me faites bien rire vous voyez en 4K 60fps que c’est votre athlète qui provoque mais vous arrivez à le défendre en mettant la cause sur le Georgien c’est normal qu’il soit énervé Teddy n’a Ps a provoqué comme ça si comme disent certains « respectez les valeur de judo » si c’est ça les valeurs de judo revoyez la définition de valeur parce que là vous faites pitié.Le Georgien sa réaction et normal tout humain aurait fait pareil. Teddy gagne et essaye de continuer pour l’humilier je trouve sa honteux encore heureux que le Georgien se laisse pas faire.Bref tout ça pour dire que arrêtez de divulguer de la haine envers le Georgien mettez vous à sa place Teddy et complètement fautif selon moi après c’est vrai que le Georgien aurait pu réagir autrement mais c’est compliqué.,@nika_gr7573,fr,
35vSVEK6CfE,Super fast!!! he doesn't miss a thing!!!,@OlympicShortsStories,en,
35vSVEK6CfE,Stop big  up the gal like that she’s not all that! She’s just all that you got!😊,@altheaarmstrong5853,en,
35vSVEK6CfE,We all love you.(from Nepal),@gita1385,en,
35vSVEK6CfE,Старт слабый...,@Andre-gu7hk,ru,
35vSVEK6CfE,Tiene que sacar el paracaídas para poder frenar 😂😂😂😂,@rodolfocastaneda3920,es,
35vSVEK6CfE,You are my favorite  ❤,@josephtafangepasi6013,fr,
35vSVEK6CfE,"she seems to just increase her speed,  she look like she can go faster",@gabrielleandre5445,en,
35vSVEK6CfE,Great athlete!! J Alfred had to work really hard to beat her in the finals and win the gold...,@bhargabrajmedhi315,en,
35vSVEK6CfE,美人で素敵なアスリート😊,@user-cj3mp3cj8p,ja,
35vSVEK6CfE,How she only wins,@radhakrishnan1476,en,
M2qToZXIULU,I thought he is going to pull another Raygun move. They need to change their uniform.,@AllergictolowIQ,en,
M2qToZXIULU,"When you look at the skill required to do this, it really makes the breakdancing so much more of a farce. Raygun single-handedly ensured it won’t be part of the LA Olympics 🤦🏻‍♀️",@Stuff_I_Watch,en,
M2qToZXIULU,"Seriously, why is everybody spreading this false information ? It was decided before this Olympics that breakdancing wouldn't be in LA28",@luckyluke5527,en,
M2qToZXIULU,It's the same thing that happened to karate which only had one appearance in the Tokyo Olympics,@luckyluke5527,en,
M2qToZXIULU,Beautiful!!,@gracefulkimberella,ro,
M2qToZXIULU,🙌🏽⚡️❤️🥇,@filmadeiraartesvisuais2019,unknown,
M2qToZXIULU,Thps irl,@Jack-x1k,en,
M2qToZXIULU,PARIS 2024🇧🇷🌎🇫🇷🏅🔥🗼,@SILDENIRARAUJO-z7j,de,
M2qToZXIULU,Ele não é brasileiro. Passou vergonha.,@vitorrezende3738,pt,
M2qToZXIULU,Que chido 😮😮,@user-sr1gi4fu4f,pt,
M2qToZXIULU,Dang he makes it looks so easy😅😅,@Prettyinpink222,en,
M2qToZXIULU,what’s the Deep Love Love Love La La La the Love Love love the she‘s like me and love you,@skylerchung9730,en,
M2qToZXIULU,😍✨⭐👌,@supercarimbolo,unknown,
Soz5A_RqlC8,Bro that guy at 0:38 straight up double jumped,@laurikorhonencubes,en,
Soz5A_RqlC8,"Yuji Nishida!!! Look him up, very short hitter, only 6’1, and has a cannon as an arm. You’d enjoy watching his highlights!",@thintellect6103,en,
Soz5A_RqlC8,Best game ever if you have played it,@dibyagurung2142,en,
Soz5A_RqlC8,💯,@vlogermo7897,unknown,
Soz5A_RqlC8,Volleyball is so fun :),@bignoob24,it,
Soz5A_RqlC8,i miss volleyball everyday of my life lol. i do not miss the bruises from being libero,@flower3787,en,
oOUj8WmVHYY,She's so cuteee she follows them even though she doesn't want to bite the medal 😂,@rossellaspoti6624,en,cycling
oOUj8WmVHYY,"In Cina 


Sacrifici  ...per lo stato
.....non altro.....❤",@fabiolo2814,it,cycling
oOUj8WmVHYY,This biting bs is absolutely ridiculous.,@mariusa.5863,en,cycling
oOUj8WmVHYY,We enjoy to enlist this cute chinese girl in our Italian team,@andreadalcortivo747,en,cycling
oOUj8WmVHYY,Troppo carina 😌,@martinzanchetta4521,it,cycling
oOUj8WmVHYY,So cute ❤,@glory4645,ro,cycling
oOUj8WmVHYY,Che tenerezza 😊❤,@leonessanico,it,cycling
oOUj8WmVHYY,Charlie chaplin approva 😊,@881mario,it,cycling
oOUj8WmVHYY,Zhou yaqing will be a legend🎉,@dhwu1619,en,cycling
oOUj8WmVHYY,Sanno solo copiare da sempre 😂,@niccolorasponi1323,it,cycling
zzn5LcOhbZs,"Wow,ive seen them do alot with the bowl at Lucas Oil stadium.. i worked the games and events there for 8yrs..
but that pool was epic✨",@annedavis6090,en,
zzn5LcOhbZs,"Such a dark nation of sportsmen people only in America nowhere else are there so many stupid ""people""💩🤡
And it's really sad that Australians don't even make hundreds anymore🙄🤡",@tomnsx5418,en,
zzn5LcOhbZs,Being high fived be Mckeown or any Olympic swimmer would make ur day,@sky2213,en,
zzn5LcOhbZs,How funny!,@dragontamer6631,cy,
zzn5LcOhbZs,Суки аглосак ы,@kubanychmyrzakanov354,ru,
zzn5LcOhbZs,❤❤,@merrybetisty7905,unknown,
zzn5LcOhbZs,so cute im gonna cry❤😢,@saramakesvideos,it,
zzn5LcOhbZs,Austrália from Brasil 😊❤,@FãclubMollieOcallaghan,pt,
zzn5LcOhbZs,HEHE ❤😊,@FãclubMollieOcallaghan,vi,
zzn5LcOhbZs,Winter jacket and gloves???,@___beyondhorizon4664,da,
zzn5LcOhbZs,To keep the body warm as long as possible before swimming.,@manyadiptam5544,en,
KceuB0qVAZw,🔥,@Jamied121,unknown,
KceuB0qVAZw,Hi.,@FrenchAlliance,sw,
KceuB0qVAZw,Wow here ....😊😅😮😢,@premrajrai9634,en,
KceuB0qVAZw,This song is so beautiful,@cutescallop,en,
KceuB0qVAZw,"BOYCOTT Paralymic Games Paris 2024
This city discriminates against people with disabilities, Paris cannot and should not host the 2024 Paralympic Games",@tomsawyer6750,en,
KceuB0qVAZw,"Whoever disliked this, has just commited treason.",@ankemwigaroa1999,en,
KceuB0qVAZw,BIENVENIDO JUEGOS PARALIMPICOS PARÍS 2024,@danielgamboa7515,de,
KceuB0qVAZw,BIENVENIDO JUEGOS OLIMPICOS PARÍS 2024,@danielgamboa7515,de,
SLljIW5Hxq4,Comme ci ca te lavait les pieds 😂,@coupdetrapeze9791,fr,
SLljIW5Hxq4,"Peut etre que les australiens sont un peu moins crzdes que nous et nont pas besoi  de pediluves...
Franchement quand jen vois certains a la piscine y a de quoi fliper...",@jerzinho92,fr,
SLljIW5Hxq4,Y’a des pluies d’araignées chez eux et ils ont peur de 3 cm d’eau sur les pieds ?,@raphi92i19,fr,
SLljIW5Hxq4,Putain mais ça doit être dégueulasse les piscines en Australie,@petit5773,fr,
SLljIW5Hxq4,Il y a peut-être des australienne qui ont pris les devant et appelé un plombier,@alessiaburgani1496,fr,
SLljIW5Hxq4,Ça sert à partager les mycoses 😂,@monsieurnet,fr,
SLljIW5Hxq4,Compte tenu des risques d'attraper des verues plantaires le pediluve désinfectant est obligatoire et cela devrait l'être dans toutes les piscines du monde.....par hygiene et sécurité.,@genevievetaulier2892,fr,
SLljIW5Hxq4,Je fais comme eux depuis toujours. C'est juste bon pour attraper des verrues.,@mich1212,fr,
SLljIW5Hxq4,Les français ont trouvé plus snobes 🎉🎉🎉,@farilha,fr,
SLljIW5Hxq4,Idem a part avoir un nid a microbes du au passage je vois vraiment pas l'intérêt,@TM-ej5pw,fr,
M5LugwmAo3Q,Esaltato,@1010andrea1010,fi,cycling
M5LugwmAo3Q,Un ridicolo,@simonemartinelli5780,it,cycling
M5LugwmAo3Q,Clown,@sirraion9654,en,cycling
M5LugwmAo3Q,That should be a Meme as soon as Trump has lost the election.,@tantemitzi6781,en,cycling
M5LugwmAo3Q,lol what a clown,@s1mphuntr,en,cycling
M5LugwmAo3Q,And then he went on to fall at the 2nd hurdle...,@carlkontermann5637,en,cycling
M5LugwmAo3Q,Until an hour before he was in hospital... a miracle that he participated.,@thearchitect0612,en,cycling
M5LugwmAo3Q,"Ehi ehi questa musica l'ho già sentita,è un classico",@amedeodoni08111,it,cycling
M5LugwmAo3Q,"Don't spoil energy, man!",,no,cycling
M5LugwmAo3Q,Fai troppe mosse.,@leonardo718,it,cycling
M5LugwmAo3Q,"Mi piace tantissimo quando fa il suo lavoro di atleta (fortissimo!),  molto meno quando fa l' attore esaltato.",@fabioz.8187,it,cycling
M5LugwmAo3Q,Mi fa ridere sono d’accordo,@simonemartinelli5780,it,cycling
S24pTFT7uVw,Wao. What a lift and a beautiful landing!❤😊,@TayekTali,en,
S24pTFT7uVw,it doesn't look like he did anything at all but I bet that's really hard to land,@jimmyhenriquez7537,en,
S24pTFT7uVw,"Ollie 70 blind… really doesn’t look that impressive vs loads of other skills. What makes it hard? Honest question, I really want to understand!",@Stuff_I_Watch,en,
S24pTFT7uVw,"Honestly,  I have seen many local skater do it it's not that amazing also",@overpower..shorts,en,
S24pTFT7uVw,I do it as a warm up..,@HazeEntertainment100,en,
S24pTFT7uVw,It doesn't look so spectacular. does it?,@jkarretero,en,
S24pTFT7uVw,Yeah bcz I have seen such trick on skateboarding channels. They do crazy ones,@Phoenix.219,en,
S24pTFT7uVw,@Olympics the Paralympic games are over,@romagonzales3665,en,
S24pTFT7uVw,I love this channel,@EvidentlyFire,en,
S24pTFT7uVw,Love it!!!!,@jamesaaronmanarang,en,
S24pTFT7uVw,Tennis player with skateboarding as s side sports!😅,@donclaudiobranzuelabsin,en,
S24pTFT7uVw,Hellie pop b nose b,@highrollerdiscs805,af,
S24pTFT7uVw,Superb❤❤❤,@Natureisfunspot4k,id,
EN4CW1ggLsc,Tu es au top tu vas te rattraper,@jocelynerasse597,lv,
EN4CW1ggLsc,"Une bête, il va les broyer la prochaine fois",@pierricklesage3194,fr,
EN4CW1ggLsc,Le blond,@Rhzvfjzvfjz,fr,
EN4CW1ggLsc,T'as 2 médailles de bronze à 17 ans Bravo l'artiste on est fier de toi !,@RAC59000,fr,
EN4CW1ggLsc,Franchement pas cool mais c'est le destin,@lefarmeur50,fr,
EN4CW1ggLsc,قريب يكون اسمه محمد أبو تريكة 😂,@Rayray25000,ar,
EN4CW1ggLsc,C'est  ma discipline préférée  au jo❤❤❤❤❤❤❤,@user-kj2wz4bm1n,fr,
EN4CW1ggLsc,Tu et jeune  ambitieux  t inquiète pas mino tu aura  ta revanche,@leventozturk8684,fr,
EN4CW1ggLsc,"Content de cette défaite,toutes les médailles devraient être Chinoises en ping pongvu l ecart Ve les autres joueurs
En plus toute cette pub pour ces 2 frères alors qu il y a de très bons autres joueurs et dans le passé on a connu b bien meilleur et pas aussi mediatise",@jeanyvescrenn6517,fr,
EN4CW1ggLsc,Non on en a jamais connu des aussi bon justement,@antoinelhomer8262,fr,
EN4CW1ggLsc,Félix à 17 ans 2 médailles de bronze aux JO ! je ne connais pas d'autres,@RAC59000,fr,
EN4CW1ggLsc,Tu nous a fait tellement de bien pendant ces jeux ! merci ✨️,@kenizemo6189,fr,
hBgQX24EuwE,Miller Donald Williams Helen Clark Matthew,@WendySmith-u2t,en,volleyball
hBgQX24EuwE,"I really like Jordan Thompson, she always has a positive spirit about her. Good player, good person!",@mansiondave23,en,volleyball
hBgQX24EuwE,Banyak yang tidak membaca judul dan deskripsi video,@hanahumairoh6409,id,volleyball
hBgQX24EuwE,กองเชียร์โปแลนด์เสียมารยาท,@splprasit1696,th,volleyball
hBgQX24EuwE,pelatih polandia bukanya pelatik korea y?,@nursafe39h,id,volleyball
hBgQX24EuwE,Kode tadi saya sendiri ada cara,@AliAhmad-t8s,id,volleyball
hBgQX24EuwE,"Pertanyaan tergantung ajaran masih2,",@AliAhmad-t8s,id,volleyball
hBgQX24EuwE,Undang undang negara ada undang-undang Allah' uga ada di dunia ya sahabat sedarah seiman ❤❤,@AliAhmad-t8s,id,volleyball
hBgQX24EuwE,❤❤❤❤,@AliAhmad-t8s,unknown,volleyball
hBgQX24EuwE,وحصاني يعلم باني أصول به بمشددي ] وان حال بيننا فلا يشتكي ويترددي ] اردت الخيل فارسها فقالت لشباطل ابعدي ] واذا  الوحوش ضهرو ا لي ولو لا انجدي ],@سعودالعتيبي-ش2ظ,ar,volleyball
DLPRpsDKvnc,"this comment section is literally stupid. yall hating on cis women for being trans? girl literally won, what are you mad about",@sabrinasmyspace,en,cycling
DLPRpsDKvnc,looser,@RodrigoRojasMoraleda,et,cycling
DLPRpsDKvnc,Spero che qualcuno si ribelli quello che abbiamo visto tutti e vergognoso,@B3lZ96,it,cycling
DLPRpsDKvnc,Being trans is fine but making a ex boy fight against a girl is not good male bodys are bigger and stronger,@OctoMerlin,en,cycling
DLPRpsDKvnc,🇩🇿🥇,@Wes-Evans,unknown,cycling
DLPRpsDKvnc,Włoszka się spotkała z nie tą ligą osobiście uważam że rywalka jest kobietą chodź trochę męską ale jest kto najlepiej wziąć do pięściarstwa laleczki czy twarde baby wyglądające jak chłopy ! Widząc to zaczynam myślęc czy nie było tak samo z naszą reprezentantką trafiła na twardą sztukę wyglądającą na faceta ale może sport i pięściarstwo z niej taką osobę zrobiło nie wiemy tego my komentujący napewno więc ja osobiście cofam to co napisałem lecąc za stadem baranów jak baran sorry i gratuluję zwycięstwa,@blady_vip,pl,cycling
DLPRpsDKvnc,"Khelif è  donna ed è  la migliore,infatti ha vinto l'oro. La carini è  una vergogna per l'Italia.",@riccardopavese6306,it,cycling
DLPRpsDKvnc,I hope Imane sues,@taintedmuse6169,fr,cycling
DLPRpsDKvnc,😂😂😂😂,@AboRayan306,unknown,cycling
DLPRpsDKvnc,Italian boxer lost and couldn’t handle it,@dailymeme..1993,en,cycling
OBt34myQWZE,Should have given qatar.. they would have done better,@shireenkhan6387,en,
OBt34myQWZE,Sara paisa to opening ceremony mei dikhayi gayi bakchodiyo mei lag vaya,@ShubhamKumar-sm8ey,tl,
OBt34myQWZE,Whole Paris olympics from the beginning till the end was a joke,@EnoshJohnathan,en,
OBt34myQWZE,Good support to our athletes modi ji 😂,@gks350,en,
OBt34myQWZE,"If this had happened in India,I don't know what the foreigners would be saying,forget about that,even a lot of Indians also",@APVAPF,en,
OBt34myQWZE,Don't let them cook again,@Gautam_anaadi,en,
OBt34myQWZE,Paris as a city is a joke,@sunny1001,en,
OBt34myQWZE,The wanted cow pee in their food.,@kamrandat1,en,
OBt34myQWZE,And we invited their president,@Mohd.Kamran7,en,
OBt34myQWZE,Prestigious west😂,@QuotesWorld987,en,
0tlF_hENnho,Le calme et le sang froid d un tueur a gage ou d un sniper,@zouzoulala2725,fr,
0tlF_hENnho,"Actually SilverFox Hitman (😂) got the best individual score (151), but his teammate made bad shots (145). The Serbians scored 149-149 and won the gold",@mugairkaya5024,en,
0tlF_hENnho,C’est un commandant en chef faut pas oublier ça 😊,@enesmalkoc-jh9qt,fr,
0tlF_hENnho,His posture looks like Talat pasha,@mihaylevcakr8976,et,
0tlF_hENnho,Leon  et encore la il n' est pas sur du tir instinctif sinon ce serait la médaille d'or,@ludoplomberie,fr,
0tlF_hENnho,Ce monsieur et le créateur du tanfoglio,@YahiaBoulaharajem,fr,
0tlF_hENnho,Ce gars est super mais la voix synthétique du commentateur est nulle et fatigante,@frankeinstein2516,fr,
0tlF_hENnho,"pour info, la main dans la poche c'est la position standard au pistolet. Le fait qu'il n'ai ni de lunette de tir ni de cache œil est beaucoup moins commun",@chinchenping,fr,
0tlF_hENnho,En tant que gendarme de profession forcément il a eu des formations pour apprendre à tirer,@colettem9649,fr,
0tlF_hENnho,Médaille d'argent uniquement dûe à son équipe...,@lamarmottedesinternets5134,fr,
sK3ywCwKbMw,🌟,@_love_cats-889,unknown,
sK3ywCwKbMw,As a non gymnast I will call this “the nutcracker”,@Lego_Master_Yoda,en,
sK3ywCwKbMw,WOW!! My last name is Rivera too😂❤,@K1tt1c4t_47,en,
sK3ywCwKbMw,Essentially this routine got her an Olympic gold medal.,@ArtByDesign80,en,
sK3ywCwKbMw,"Why state her age all the time? 
Shawn was younger and won, and much better at 16. 
Stop focusing on her age, and let her be great at 20, 24, and 28! 
Hezley is very talented.",@PaulineHelmersson-hf5yf,en,
sK3ywCwKbMw,Ꮶの方の顔載せたかな？,@user-nc6sz1xk4h,ja,
sK3ywCwKbMw,Good dismount❤,@lucylovic,en,
sK3ywCwKbMw,She made 3 small mistakes,@lucylovic,et,
sK3ywCwKbMw,My NAME IS ON THERE TWICE,@user-df7lt3uw6h,vi,
sK3ywCwKbMw,Awesome! Inspiring,@franmiller1381,en,
8oxmJl5Uu20,"Boxing is often about taking hard, knockout punches, but it seems like the Italian boxer thinks it's putting on a cinematic show instead of competing in an Olympic event!😅",@marryakhaleel5966,en,shooting
8oxmJl5Uu20,She is a biological female stop spreading misinformation,@asmosm7173,en,shooting
8oxmJl5Uu20,"The boxer is actually a female with some medical condition causing her to produce more testoron.
Hence she has all the advantages the transwoman (a man!)would have against a female. Is it fair? Well, she didnt cause the extra testoron. But I think if she wants to keep competing she should learn how to punch less because she might actually hurt her oponent, if she is not truly careful.",@maearcher4721,en,shooting
8oxmJl5Uu20,"I've heard that this is competition were one of the 2 emale boxers needs to win, not were you heve to punch less. The Algerien women was bullied becouse of her apperence and the Italian women shouldn't have to go to the olympics becouse she had the same accident 2 years ago witha Turkish women.
There is no ""irregular"" cromosome so no bad rumors please!!!",@user-zp6ni2ic8k,en,shooting
8oxmJl5Uu20,"@@user-zp6ni2ic8k I hasnt said anything about irregular male chromosome. I was explaining her apperance and extra strenght is from her body producing more testostone. You do not need to have extra chromosome for that, female body naturally produces a bit of testorone too. But in her case more than is typical in majority of women. 
Also my comment about controling her strenght is genuine worry, because her oponents describe her punches as something they never felt before.

These boxer women are used to beating each other. They know how to take a punch. 
Meaning she punches very very strongly.
Admitably that is her major advantage, but it also comes with a massive danger of her hitting too hard in heat of the moment.
Boxing in general is one of the most dangerous sports, and fatal blows are known to happen.",@maearcher4721,en,shooting
8oxmJl5Uu20,"thank you for your opinion, I just wanted to tell mine to every one not specificaly refered to just  you ☺",@user-zp6ni2ic8k,en,shooting
8oxmJl5Uu20,"@@user-zp6ni2ic8k Well, you put it as reply under my comment.",@maearcher4721,en,shooting
8oxmJl5Uu20,"STOP 🛑 spreading false information 🤚🤚🤚🛑🛑 Iman Kelif aka the Algerian boxer is biologically female, she is a FEMALE  . End of story.",@Sam-rr1qz,en,shooting
8oxmJl5Uu20,"She isn’t trans, she’s biologically a woman",@whynobodygaf,en,shooting
8oxmJl5Uu20,There's no way to continue to hear what you say after your first fake news right on the start....,@luanhenriquerebellodacunha,en,shooting
8oxmJl5Uu20,she is a gril,@mooshakou5444,en,shooting
8oxmJl5Uu20,"Her Opponent is not male or trans.  She is a biological male.  This video is spreading hate. 

her opponent dropped out because she realised she couldn't compete and starting crying because she was unable to fulfil promise she made a promise she made her late father",@TheMetadude,en,shooting
8oxmJl5Uu20,"I think you meant biological female? But yeah, true. Conservatives just spun the story",@otakunightcorers8158,en,shooting
8oxmJl5Uu20,She has a mediacal condition that gives her higher testosterone levels than most women. She is not trans nor a biological male. There are many medical conditions that can cause higher testosterone levels like pcos.,@emmatuohy8657,en,shooting
8oxmJl5Uu20,We love to spread misinformation and therefore hatred ❤️🥰 yayy,@m_6nus,en,shooting
os2Jxr-W_uc,She's a ditz.,@kathymc234,en,
os2Jxr-W_uc,Who built that. How do they not know that this will happen everyday?,@stefansYT,en,
os2Jxr-W_uc,That 👃,@chrismitchell4932,en,
os2Jxr-W_uc,Womp womp,@tildenmonae,pl,
os2Jxr-W_uc,There was haaland,@godlzzalpha2717,en,
os2Jxr-W_uc,"Ian after knocking over the drink: 
""I'm so sorry 🫤""
* 2 seconds later *
""WHO SPILLED IT🤯😶😱""",@a_very_real_human_being,en,
os2Jxr-W_uc,Where's the next Summer Olympics going to be,@lillybook123,en,
os2Jxr-W_uc,She’s laughing I would have been crying 😭✌️,@Yessir22486,en,
os2Jxr-W_uc,Bro needed a magnet,@shesheperson8558,en,
os2Jxr-W_uc,The samething happens to me tk but it was at my moms graduation,@myah_001,en,
ntu6ukmnOHo,"Tap on the play button ▶️ to watch me COMPETE in the OLYMPICS! That's right, I competed AND... set a world record 😉 NOW WATCH MY WHOLE VLOG NOW! 🙌🏼",@IanBoggs,en,
ntu6ukmnOHo,Ok,@luismontejo9004,af,
ntu6ukmnOHo,Hi Ian,@willwynn6141,id,
ntu6ukmnOHo,"see how you open ,outb
h as eve you are in heaven",@jenniferdaregeorge2621,en,
ntu6ukmnOHo,Man... I could die for that amazing view,@AimRealBagbagCaballes,en,
ntu6ukmnOHo,Volleyball my favorite sport,@newlifestyle7922,it,
ntu6ukmnOHo,The girl next to you is owsome you should date her❤,@user-bw1sy4fl2r,en,
ntu6ukmnOHo,That is france 🥖,@AndrejaVerbanovaiteLTU,en,
ntu6ukmnOHo,Guys the cloud like something that like a door,@JustinVictore,en,
ntu6ukmnOHo,I SAW YOU THERE,@ebonybanks2403,id,
ntu6ukmnOHo,May be beautiful but Ifykyk…..,@pai-edits3,en,
ntu6ukmnOHo,"Everyone else: *watches olypmics normally*
Ian: :OOOOOOOOOO",@PlushiesKingdom-nu9on,en,
ntu6ukmnOHo,"Everyone:talking about Ian's shocked face

Me:Syndey Morgan?!",@AnnikaCryBaby,en,
SvGMSrYcsjk,So this is what they replaced karate with?,@dusansumonja1797,en,cycling
SvGMSrYcsjk,I like her energy! Raygun,@afrikansamurai,no,cycling
SvGMSrYcsjk,ลูกเราก็นอนกลิ้งแบบนี้เลยเดียวสางไปโอลิมปิกบ้าง,@parichayakoestner4471,th,cycling
SvGMSrYcsjk,It’s giving me second hand embarrassment 🤦‍♀️,@jessicarobinson3268,en,cycling
SvGMSrYcsjk,"No wonder she scored 0. Well, that gives me hope one day I’ll get into Olympics 😂",@eDn_7,en,cycling
SvGMSrYcsjk,This is what happens when you introduce breakdance as an Olympic sport.,@illkickyouinthenuts,en,cycling
SvGMSrYcsjk,Professional epilepsy,@jfowler.01,en,cycling
SvGMSrYcsjk,omg I feel ashamed for her,@GameGuidesandReviews-zy2ob,en,cycling
SvGMSrYcsjk,I don't know what that is but i know it's not breakdance,@ellenmillqvist7977,en,cycling
SvGMSrYcsjk,Is this olympics or paralympics?,@charliedadude,en,cycling
AdEKHNIEDxY,can you be any YouTuber or celebrity or can I just be like everyone that or not,@ayeshachaudhri32,en,
AdEKHNIEDxY,I literally went there few days ago😮😮,@Kittiepaw,en,
AdEKHNIEDxY,Slay! I was there too!,@user-kv4bx5xu5p,en,
AdEKHNIEDxY,Carter kench was there,@sandyholland5482,en,
AdEKHNIEDxY,Me belonging in the Louvre for book week cuz I was the mins Lisa😭,@SaraHill-eo2uk,en,
AdEKHNIEDxY,You are so lucky,@Alexia.maugle,ro,
AdEKHNIEDxY,Not LeBron smile😂😂😂😂,@wweeeeeeooooo,en,
AdEKHNIEDxY,Ur so lucky,@sioframaxwell5450,cs,
AdEKHNIEDxY,IM SO EXCITED MY DAD SAID HE WILL TAKE ME TO THE OLYMPICS IN 4 YEARS,@SecretlifeofSSLB,en,
AdEKHNIEDxY,I'm a dancer,@gemmmanisar9524,pt,
1qkZBnL1Fqc,"Aya Nakamura...

Ferme la porte y'a la pookie dans le sas
Blah, blah, blah, d'la pookie
Ferme la porte t'a la pookie dans le side
Blah, blah, blah, d'la pookie
Ferme la porte y'a la pookie dans le sas

Pookie, pook- pook- pookie
Fe- Ferme la porte t'a la pookie dans le side
Pookie, pookie, pookie, pookie
Ferme la porte y'a la pookie dans le sas

Bye bye, j'ai pas besoin d'badboy
J't'ai barré fort, là j'ai pas l'time pour toi
J't'ai barré fort, là tu fais trop d'efforts
Ces bails-là, c'еst pour les mecs comme toi
Taclеr pour des pépètes, ça va claquer
Pour des pipelettes, ça va claquer, crac
Pour les bons bails, ça va grave quer-cra
J'crois qu'c'est l'heure, ding dong

Je ferais mieux, d'aller choisir mon vocabulaire
Pour te plaire dans la langue de Molière
Toi, tes eyes, ton nose, tes lips adorables
Tu n'as pas compris? Tant pis
Ne t'en fait pas et vient dans mes bras
Darling I, Love you, love you, Darling I want you
Et puis le reste on s'en fou
You're the one, for me, for me, for me, formidable

J'suis gang, hors-game
Boy ne joue pas bang bang bang
J'suis gang, hors-game
Boy ne joue pas bang bang bang

Oh Djadja, (Oh djadja)
Y'a pas moyen, Djadja (Y'a pas moyen Djadja)
J'suis pas t'a catin, Djadja genre
En catchana baby tu dead ça
Oh Djadja, (Djadja)
Y'a pas moyen, Djadja (Djadja)
J'suis pas t'a catin, Djadja genre
En catchana baby tu dead ça (Sale)

Tu parle sur moi y'a R (Y'a R!)
Crache encore y'a R (Y'a R)
Tu voulais m'avoir tu savais pas comment faire
Tu jouais un role tu finira aux enfers
Putain mais tu déconne
C'est pas comme ça qu'on fait les choses
Putain mais tu déconne
C'est pas comme ça qu'on fait les choses

Oh Djadja, (Oh djadja)
Y'a pas moyen, Djadja
J'suis pas t'a catin, Djadja genre
En catchana baby tu dead ça
Oh Djadja, (Oh djadja)
Y'a pas moyen, Djadja
J'suis pas t'a catin, Djadja genre
En catchana baby tu dead ça
(Oh djadja)
Y'a pas moyen, Djadja",@geanortiz2159,fr,
1qkZBnL1Fqc,What song is the second verse from?,@antonytsai6611,en,
1qkZBnL1Fqc,Wsh tu mérite un like tu as mis du temps ❤,@lindapiwu3853,fr,
1qkZBnL1Fqc,​@@antonytsai6611DJADJA,@Clemso96,fi,
1qkZBnL1Fqc,"Voici ton texte corrigé, n'hésite pas à mettre à jour ton commentaire et je supprimerai le mien ;) 

Aya Nakamura...
Ferme la porte y'a la pookie dans le sas
Blah, blah, blah, d'la pookie
Ferme la porte t'as la pookie dans le side
Blah, blah, blah, d'la pookie
Ferme la porte y'a la pookie dans le sas
Pookie, pook- pook- pookie
Fe- Ferme la porte t'as la pookie dans le side
Pookie, pookie, pookie, pookie
Ferme la porte y'a la pookie dans le sas
Bye bye, j'ai pas besoin d'badboy
J't'ai barré fort, là j'ai pas l'time pour toi
J't'ai barré fort, là tu fais trop d'efforts
Ces bails-là, c'еst pour les mecs comme toi
Taclеr pour des pépètes, ça va claquer
Pour des pipelettes, ça va claquer, crac
Pour les bons bails, ça va grave quer-cra
J'crois qu'c'est l'heure, ding dong
Je ferais mieux, d'aller choisir mon vocabulaire
Pour te plaire dans la langue de Molière
Toi, tes eyes, ton nose, tes lips adorables
Tu n'as pas compris? Tant pis
Ne t'en fais pas et viens dans mes bras
Darling I, Love you, love you, Darling I want you
Et puis le reste on s'en fout
You're the one, for me, for me, for me, formidable
J'suis gang, hors-game
Boy ne joue pas bang bang bang
J'suis gang, hors-game
Boy ne joue pas bang bang bang
Oh Djadja, (Oh djadja)
Y'a pas moyen, Djadja (Y'a pas moyen Djadja)
J'suis pas ta catin, Djadja genre
En catchana baby tu dead ça
Oh Djadja, (Djadja)
Y'a pas moyen, Djadja (Djadja)
J'suis pas ta catin, Djadja genre
En catchana baby tu dead ça (Sale)
Tu parles sur moi y'a R (Y'a R!)
Crache encore y'a R (Y'a R)
Tu voulais m'avoir tu savais pas comment faire
Tu jouais un rôle tu finira aux enfers
Putain mais tu déconnes
C'est pas comme ça qu'on fait les choses
Putain mais tu déconnes
C'est pas comme ça qu'on fait les choses
Oh Djadja, (Oh djadja)
Y'a pas moyen, Djadja
J'suis pas ta catin, Djadja genre
En catchana baby tu dead ça
Oh Djadja, (Oh djadja)
Y'a pas moyen, Djadja
J'suis pas ta catin, Djadja genre
En catchana baby tu dead ça
(Oh djadja)
Y'a pas moyen, Djadja",@nad3359,fr,
1qkZBnL1Fqc,@@nad3359 👏❤️,@justlutra,tl,
1qkZBnL1Fqc,"Plusieurs semaines se sont écoulées depuis sa présentation, mais je me souviendrai toujours d'elle, elle a été sans aucun doute le clou de la cérémonie d'ouverture, elle était excellente❤️",@user-jg3fd3rc3t,fr,
1qkZBnL1Fqc,je savais quelle allait tout peter.....comment jadore aya tu dechires,@Wavescott18,fr,
1qkZBnL1Fqc,Aya elle a grave gérer parcontre,@gloriapavec6315,fr,
1qkZBnL1Fqc,Pokipoki,@javierperezbarreto4229,pl,
1qkZBnL1Fqc,0:58,@clipscript5395,unknown,
1qkZBnL1Fqc,0:39,@clipscript5395,unknown,
1qkZBnL1Fqc,❤❤❤,@sheej_25,unknown,
1qkZBnL1Fqc,I listen to this daily,@MB-hv6hw,en,
1qkZBnL1Fqc,"Big moment in París 2024 olimpic games,aya and they guard francés historic mix.",@richardbrookstand,en,
JjsVGxOSN1o,Thank you for doing Rythmic gymnastics!❤😊,@MaddieYT_playz,en,
JjsVGxOSN1o,Volleyball🏐❤,@MYWORDE,tr,
JjsVGxOSN1o,Gymnastic,@Storytimeshorts-ro9ps,sk,
JjsVGxOSN1o,Linda❤,@user-biabibiafofalove,tr,
JjsVGxOSN1o,Wait which sport do you do?,@Samantha-el9cy,en,
JjsVGxOSN1o,Figure skating ⛸️ ❤,@user-re3vl6wi6n,sv,
JjsVGxOSN1o,Oh! ❤ that’s seems like a cool sport!,@Samantha-el9cy,en,
JjsVGxOSN1o,You’re so pretty!,@Rebeccathesportygirl,en,
VQmiUJ0QhTI,Curry did French fries,@Abelson-vo5ly,en,cycling
VQmiUJ0QhTI,"Funny how all your other videos have the comments turned on but none of your one about the Algerian boxing match are turned on.     Actions speak louder than words, a wise man once said.",@Yonkerssssssss,en,cycling
VQmiUJ0QhTI,...duh.,@CorporationSKY,id,cycling
VQmiUJ0QhTI,😂 refre can't save you from USA 😅,@Kingdavidl10,en,cycling
VQmiUJ0QhTI,that french guy made kd look 5ft😗,@kousha103,en,cycling
VQmiUJ0QhTI,adrenaline,@Luxebarbie,it,cycling
VQmiUJ0QhTI,what on earth is a CLUTCH?,@DrAdamAckerman,en,cycling
VQmiUJ0QhTI,"Like football, basketball should be only 23 years of age.  This not fair teams like Porto Rico and south Sudan to lose to NBA teams",@mmani3620,en,cycling
VQmiUJ0QhTI,"I'd be a little worried for the USA. Some of these countries are getting super close and a lot of those Americans are getting pretty old to be honest. I'm not sure James, Curry and Durant have another Olympics in them.",@seanq5223,en,cycling
VQmiUJ0QhTI,Not France losing football and basketball final in the same Olympics they hosted 😂,@Yoonhoon123,en,cycling
r070jOrMm3I,Jolie sourires,@alaintobal456,fr,
r070jOrMm3I,Le sourire de la canadienne est magnifique...et tout redescend 👍🤗,@enzolocca,fr,
r070jOrMm3I,but what was the problem?,@marekbanton3714,en,
r070jOrMm3I,Imaginen un mundo en PAZ.😅,@JoseLozano-im7sh,es,
r070jOrMm3I,Elles sont belles ces canadiennes,@jacquesnicolas9650,fr,
r070jOrMm3I,J'adore le beach volley... enfin plutôt  les belles filles,@gillesplat9071,fr,
r070jOrMm3I,"Elles sont remontées purée !!
Sûrement les hormones mélangés avec la rage.
Le cul à l'air n'aura cette fois pas suffi pour amadouer l'adversaire !",@MasterJZ67,fr,
r070jOrMm3I,J'ai vu tes fesses et crois moi que ce n'est pas l'endroit pour les montrer....Oui mais moi j'ai un short pas comme toi...espèce de .............sifflet de l'arbitre...,@user-lt4rf1kn3g,fr,
r070jOrMm3I,Par contre le public bresilien🤢🤮,@shomarigwad2151,fr,
r070jOrMm3I,"du génie meme, j'avais raté ce moment incroyable",@lNIESTA34,fr,
jdE12JQGA54,"Comment below what's your favourite sport in Paris Olympics😇

If you didn't subscribe to knowledge  pill yet, Please subscribe!!!!",@KnowledgePill,en,
jdE12JQGA54,FOOTBALL,@emilyking4609,de,
jdE12JQGA54,Basket soccer one❤,@lukmanafrija128,da,
jdE12JQGA54,😊😊😊😊,@indiananimaltv9803,unknown,
jdE12JQGA54,Go team usa if LeBron wasn't on the team but archery is fun to watch and cycling.,@linkrules32,en,
jdE12JQGA54,Artistic Gymnastics❤,@Siya-iq5ed,en,
jdE12JQGA54,I am try for taekwondo,@SandeepMaduriya,en,
jdE12JQGA54,Their Should Be Every Sport In OYLAMPICS ☻🙌,@satyajityadav8636,en,
jdE12JQGA54,Where is Jawline Through??,@health_hustle.,en,
jdE12JQGA54,Javeline Throw is event under Athletics.,@KnowledgePill,en,
jdE12JQGA54,Why kabbaddi isn't in,@adityateotia4369,so,
jdE12JQGA54,What about Karate 🥋?? 😢,@hashim019,en,
jdE12JQGA54,Very good information sir thank you.I am from India,@CompetitionVijeta,en,
jdE12JQGA54,Breakdancing over baseball,@camtymoschuk7665,en,
jdE12JQGA54,Where is Judo,@montyshekhar4005,en,
jdE12JQGA54,Bodybuilding,@ponpandian135,lt,
9PUBIxoTyqw,Patron,@Fritz_Beck,it,
9PUBIxoTyqw,"C’est très bien 
!mais ces
2 frères ont sûrement dû faire
Beaucoup de sacrifices dans leur vie",@jeanmarcjegou,fr,
9PUBIxoTyqw,C'est un sport où il faut être pêchu.,@user-tb6hr3fq6g,fr,
9PUBIxoTyqw,"Contrôle, contre-attaques, déplacements, revers, coup-droits, tout y est !!! 👍 Génial Alexis 👏👏👏",@jean-yveslegall2562,fr,
9PUBIxoTyqw,That’s it’s true Bro 👍,@michamitek4030,en,
9PUBIxoTyqw,Les chinois ses les best,@PersonaFF,fr,
9PUBIxoTyqw,Il faut avoir des nerfs d’acier…formidable.,@user-nn9vy2zv8g,fr,
9PUBIxoTyqw,"S’il est célibataire, moi aussi 😝🧔🏻‍♂️",@normanzurich2781,fr,
9PUBIxoTyqw,"Alex, Lebrun, tu veux dire Félix Lebrun😂",@LBxxx397,fr,
9PUBIxoTyqw,Les vacances au camping des Flots Bleus ont payé !,@benjisrl,fr,
9PUBIxoTyqw,Juste magnifique 😊😊😊😊,@laurentbiguet4483,fr,
vfrFn2GtFwg,VΜιλτοοοοοοοο!!!!!,@user-yj9jq7cq6u,el,
vfrFn2GtFwg,"Tentoglou is the no 1 athlete in the world.
What an athlete!!",@user-nc8oy7mk4t,en,
vfrFn2GtFwg,His teeth are giving hills have eyes,@babygirl88.,en,
vfrFn2GtFwg,Nice❤🎉,@merrybetisty7905,ro,
vfrFn2GtFwg,This athlete from which country,@HassanAhmed-cf2mn,en,
vfrFn2GtFwg,GREECE,@leoparduswiedii8714,de,
vfrFn2GtFwg,Turkiye,@jjhrkel,tr,
vfrFn2GtFwg,Miltos is simply the best!,@siriphone,en,
vfrFn2GtFwg,Love it!!❤,@jamesaaronmanarang,en,
vfrFn2GtFwg,It was his biceps they propelled him like a launch pad,@a_leaf,en,
vfrFn2GtFwg,Phryge 🥺,@user-sr1gi4fu4f,cy,
vfrFn2GtFwg,Awesome now he can buy a toothbrush,@concretenmyveins8403,en,
vfrFn2GtFwg,You need braces,@thebeatles1227,en,
vfrFn2GtFwg,😂😂😂😂😂,@sinanaldoori9829,unknown,
vfrFn2GtFwg,Fr,@Bjisamazing,nl,
vfrFn2GtFwg,​@@thebeatles1227un commentino malevolo ci voleva!!!,@auroracarloni3721,it,
vfrFn2GtFwg,"he can buy a toothbrush anytime,
but you can't buy a personality and that is a pity because you really need one.",@kangelidis,en,
0rCqC1ZabEk,"我々の知っている柔道は恐らく、死んだ、
リネールや柔道を知らない似非指導者が和や武の心を殺し、知らない哀れな者たちがいつか報いを受ける事を願う。",@setuka-rh4re5cg6y,ja,
0rCqC1ZabEk,🙌🌚🥂🌝,@denismandi8945,unknown,
0rCqC1ZabEk,Bro is taller and heavier than his opponent,@Cheddar_96,en,
0rCqC1ZabEk,Boddy movements very surprising. ✨,@gnostichkdum,en,
0rCqC1ZabEk,Chiamassi RISPETTO X L'AVVERSARIO,@user-bd4sk5pv2y,it,
0rCqC1ZabEk,Go away Coka Cola,@alistairmills7608,so,
0rCqC1ZabEk,Our French teddy bear !,@agathacccc2710,en,
0rCqC1ZabEk,And saw a boxing match between male and female,@AyushSinghpaliwal0007,en,
0rCqC1ZabEk,Cry harder,@elyaselyas9444,en,
0rCqC1ZabEk,"He is the perfect example of judo, sportsmanship and Olympic spirit but Japanese fans hate Riner for some reason...",@TokyoQuaSaR,en,
0rCqC1ZabEk,"Humm, maybe they hate him because he is a winner and they're not 😆😂.. typical 🤭",@treeb304,en,
0rCqC1ZabEk,@@treeb304 I thought Japanese weren't sore losers until I saw their reactions on the Japanese internet. When they think no foreigner can read them they show their true self.,@TokyoQuaSaR,en,
0rCqC1ZabEk,@@treeb304 Teddy Winner 🏆🥇 The one and only ❤️,@TokyoQuaSaR,en,
0rCqC1ZabEk,"@@TokyoQuaSaRどうもそのテディさん含めて現代柔道を嫌ってる日本人の者です。
事情を知らない貴方の為に教えます。
まず日本人は、テディさん個人には強い嫌悪感は余り有りません。しかし現代柔道や今回の2024大会に対して嫌悪感を示している人が多いいです。
理由柔道の本質を理解していない点主に礼をする前のガッツポーズや抱き合う姿など次に団体最後の代表戦でのデジタルルーレットです。日本人はこの件をイカサマだと考えています。特にデジタルである点でありデータをいじるだけで好きに結果を変えれてしまう点などで日本人は怒っています。また不可思議な審判による判定行為は余計に日本人を怒らせました。

最後に私の意見ですが。
審判が待てをしていたのに締め技を外さないなどの危険行為が行われた点や反則技が一本になってしまう判定などは、決して許しては行けないと考えます。
また日本の柔道はスポーツでは、有りません。本来の姿は相手を殺す技でありそれの練習という意味合いです。ですので礼で初めて礼で終わるようになっています。
日本には剣道と言う物がありそれには残心という相手を斬っても油断しない背中を見せないと言う物があります。何故なら相手を斬り損ねた場合には自分が斬られてしまうからです。
命と命のやり取りをしている場でガッツポーズを行う人間は、例えばチャンピオンでも認められるべき存在では無いと私は考えます。",@setuka-rh4re5cg6y,ja,
0rCqC1ZabEk,"@@treeb304勘違いしないで欲しい我々は決して敗者の嫉みなどで避難しているわけではない。柔道とは、本来スポーツでは無く武道であり武道とは、殺しの技術なんです。それなのに彼は畳の上ではしゃぎガッツポーズをするなど相手に対して礼がない。
日本の武道の代表的な物で剣道が有ります剣道ではガッツポーズをすると一本が取り消されます。
例え試合が終わっても油断せずに畳を降りてから好きにすればいい",@setuka-rh4re5cg6y,ja,
0rCqC1ZabEk,A teddybear vs little Buddha ✊😜✊,@danielangom,en,
-kMiJ41ZdSM,"I think I'm better than Myakumyaku, the mascot character of the Expo, which isn't doing well. By the way, I live somewhere in Japan.",@Apt-tk7yb,en,
-kMiJ41ZdSM,Okay imagine if red was brown...,@simontaylor9425,en,
-kMiJ41ZdSM,I thought it was an emoshit😅,@isabellerobitaille5915,en,
-kMiJ41ZdSM,Do they not remember the reign of terror?!  🤔,@sandraelder1101,en,
-kMiJ41ZdSM,Freedom cap,@svenbruder9977,en,
-kMiJ41ZdSM,BAN ISRAEL and RUSSIA from the games. The Olympics should only allow participants from nations supporting the cause of peace.,@OCIncognito,en,
-kMiJ41ZdSM,Awwww me dan ganas de comerlos a besos estás linduras o angelitos franceses que cayeron del cielo,@jihyo-hz7lb,es,
-kMiJ41ZdSM,Best mascot ever,@AliciaInNevada,en,
-kMiJ41ZdSM,Some people are saying this is a cli tori's... More like a foie gras!,@danieldipalma704,en,
-kMiJ41ZdSM,Looks like something from the Angry Birds game.,@felixalbion,en,
QVjnVJLuoic,Ksi won silver,@Over9000XZ,af,
6IX7SZaMtG0,IMPORTANT: the data is for still existing countries only 🧠,@maxklymenko,en,
6IX7SZaMtG0,so no israel?,@sogga_fan,it,
6IX7SZaMtG0,​@@sogga_fan Israel never existed,@magicpanda-07,no,
6IX7SZaMtG0,Almost,@lukegamer557,pt,
6IX7SZaMtG0,@@sogga_fanno like the USSR,@AtlasM8,no,
6IX7SZaMtG0,Which Olympics did Australia miss?,@jasonl122,en,
6IX7SZaMtG0,India 😂🎉❤😊,@amrutaghatge9736,id,
6IX7SZaMtG0,9 = Russia?,@Alaedious,fi,
6IX7SZaMtG0,Russia?,@HaiNguyenNgoc-zk9vi,fi,
6IX7SZaMtG0,India,@vidyakulkarni3181,id,
6IX7SZaMtG0,Australia has a gold in every olympics so they can’t have missed one,@Oscar-gm4kr,en,
6IX7SZaMtG0,USSR,@CharlieCodd-f3x,sw,
6IX7SZaMtG0,"Greece:Why am I not on the list I was the one who created the olympic games

Note:IK he refers fo the modern olympic games because I'm refering too Ancient Greece where only greece and The Holy Roman Empire was the only two countries/empires who competed",@Magnificentage,en,
6IX7SZaMtG0,Russia,@user-do7yl7pp2k,fi,
6IX7SZaMtG0,Netherlands?,@Jaaman54,en,
obWcfHYfKeA,"Alhamdulillah, Indonesia juaranya.",@danieffendi1364,id,
obWcfHYfKeA,Viva Paulino y la República Dominicana....😮,@alexpinzon3734,es,
obWcfHYfKeA,"Desde Colombia creemos que Marileidy, tiene todo el talento para bajar la barrera delos 47 segundos y tumbar ese récord, le deseo toda la fuerza para que lo logre, así será. Felicitaciones",@alexanderzapata-x5f,es,
obWcfHYfKeA,She has such beautiful stide 😊,@22anamae,en,
obWcfHYfKeA,Sydney will eventually beat you Paulino,@drone4higher,en,
obWcfHYfKeA,Got 👥 to be become a 400 meters champion 🏆™®🦇,@sandrarichardson4639,en,
obWcfHYfKeA,Dominican Republic 🇩🇴,@mayor1governor817,ro,
obWcfHYfKeA,Paulino es hembra o macho .......,@jessicapaccha300,pt,
obWcfHYfKeA,Nunca falta el hijueputa para ofender las personas,@alexanderzapata-x5f,es,
obWcfHYfKeA,Big up Nasser?,@abcdefg7435,de,
obWcfHYfKeA,Fastest time ever by a non doper.,@footballvidshd5421,en,
AwgDhsT-FH0,Los juegos olímpicos han perdido mucho😂😂😂,@hectorcosta7951,es,gymnastics
AwgDhsT-FH0,This must be one of those OF olympians 😍,@ThePeteSandoval,en,gymnastics
AwgDhsT-FH0,Desde un principio supe que era loca de closet,@juliodepalma5817,es,gymnastics
AwgDhsT-FH0,What a homosexual,@Bacabrazzers,en,gymnastics
AwgDhsT-FH0,$exual.,@ryansaldanha,ca,gymnastics
AwgDhsT-FH0,What`s his name?,@reuterromain1054,en,gymnastics
AwgDhsT-FH0,Me vuelve loco❤️‍🔥,@ai_que_delicia,es,gymnastics
AwgDhsT-FH0,Then people get mad at me when I say beauty is power,@user-du4ku9vo1g,en,gymnastics
AwgDhsT-FH0,👀,@1Kent,unknown,gymnastics
AwgDhsT-FH0,Alguien sabe el nombre de la melodía de fondo.?,@juanantoniorodriguezsuarez3082,es,gymnastics
Tm_d_ULL2ew,"Ça me fait marrer cet engouement pour cette position de tir , j'ai toujours vu faire ça au stand , le moniteur de tir , tire d'ailleurs comme ça depuis toujours , y compris  des tireurs à la poudre noire que je vois régulièrement tirer avec la main gauche dans la poche , il paraît qu'il veut déposer un brevet sur "" sa "" méthode.... Ça me semble difficile au vu du nombre de gens qui vont faire valoir une antériorité.🙄",@user-bm9nd6yk5h,fr,shooting
Tm_d_ULL2ew,Perdió A Proposito😮,@user-iv1tr9jd1j,es,shooting
Tm_d_ULL2ew,Sniper👍,@emreyagc8730,id,shooting
Tm_d_ULL2ew,Escuché hablar más de yusuf que de la chica coreana que creí que el había ganado el oro,@Musashi889,es,shooting
Tm_d_ULL2ew,Такое ощущение как будто он в тир пришел а не на олимпиаду😊,@user-hx2xd7vs3z,bg,shooting
Tm_d_ULL2ew,Handsome 🤣,@rohmatjr6585,da,shooting
Tm_d_ULL2ew,O cara simplesmente  conseguiu fazer uma medalha de prata ser extremamente mais respeitada e lembrada que a de ouro numa edição de olimpiada  na modalidade que ele participa kk,@guilhermeandrade9972,pt,shooting
Tm_d_ULL2ew,Necesito esa skin en warzone!,@Stivenparrado88,pl,shooting
Tm_d_ULL2ew,"We Turks know each other well, he deliberately misses and shows that he did this by hitting the number 8 above. All Turks are soldiers🇹🇷",@huseyincetin9352,en,shooting
Tm_d_ULL2ew,That guy is the real big deal.,@prof.eurico,en,shooting
MvZhqjKOkw4,Waiting for IPhone 3G results 😊,@unsurprisable,en,cycling
MvZhqjKOkw4,super emocionada la mama,@chrisv3138,es,cycling
dVayGhKRssA,Harry Callahan!!!,@jozsefantal4769,so,cycling
dVayGhKRssA,man,@norif.5570,tl,cycling
dVayGhKRssA,"У него очки с лазерной оптикой,подарок от тесла😂",@BLR1987,ru,cycling
dVayGhKRssA,the femenine 4x400 british team also did it in th olympics before the race when they get introduced,@koberamone1989,en,cycling
dVayGhKRssA,Nah even razgatioglu do that 😅,@Person29854,en,cycling
dVayGhKRssA,"Dikec, coolest guy ever 🥰",@selnuratasever4154,en,cycling
dVayGhKRssA,He has really set a new trend 😂😅,@tatjanaarandelovic9555,en,cycling
dVayGhKRssA,"Ok, the oroginal was cool, but this is getting boring now.",@mvibes5926,en,cycling
dVayGhKRssA,Real Turkish HitMan,@ilqarbakidan6438,en,cycling
dVayGhKRssA,copycats.  kinda lame,@puntvandekomma9498,ca,cycling
RPZASr1LiFA,Oui il y a trois légende du sport et un pauvre type,@Cuisto.breton,fr,
RPZASr1LiFA,"C batum qui salue des fans 
Et pas l'inverse sauf pour Henry",@GuillaumeBresse,fr,
RPZASr1LiFA,"J'aime bien le regard de Thierry Henry. C'est le regard d un joueur, le même quand il était sur le terrain ! Il est resté lui-même! ❤",@ArmelDavid,fr,
RPZASr1LiFA,"Omar  sy je ne peut pas l'encadrer, par contre beaucoup de respect pour Riner et henry!ah mince ils sont de couleur,donc on dit quoi je suis facho ou pas? Arrêtez, avec ca on peu ne pas aimé une personne,sans s'occuper de sa couleur de peau et dénoncé aussi dans ce cas l'anti blanc,alors et vous serez crédible!!",@juan-salvadorlloret7286,fr,
RPZASr1LiFA,Ils auraient pu lui serrer de la main gauche,@romp6441,fr,
RPZASr1LiFA,"La pleurniche des commentaires sur Omar Sy 😂 Les français vous n'aimez pas la critique à votre encontre, mais quand il s'agit des autres... Omar a raison et il est intouchable",@ydsmymusic,fr,
RPZASr1LiFA,Pourquoi il y a un green card au mileu des legende ?,@greyfox623,fr,
RPZASr1LiFA,Six légendes et un homme très riches lol,@socios64,fr,
RPZASr1LiFA,"Nicolas Batum salué par ""des légendes""... Heeeuuu, vous parlez également d'Omar Sy !??? 😂🙄😤",@fred1630,fr,
RPZASr1LiFA,"Tout ses films et series ,boycott et pouce en bas.il va comprendre qu' il faut la fermer .on avait eu l' ingenieur yannick noah avant lui .meme cerveau de moineau que le omar",@gerald6060,fr,
vsA6CCOUZ7o,"That's what we want to see , not half dressed hybrids portraying the last supper",@user-mf4jj6le6d,en,cycling
vsA6CCOUZ7o,Better than that trash opening ceremony,@cucuvirgil2976,en,cycling
vsA6CCOUZ7o,She twerk😂😂😂😂😂,@turanserce2344,en,cycling
vsA6CCOUZ7o,Is she twerking?😳,@user-tm8he6yg2q,en,cycling
W3BQlyPuTiQ,What a King,@michelemaio8399,en,cycling
W3BQlyPuTiQ,Well done my brother,@danighere4180,en,cycling
W3BQlyPuTiQ,Congratulations Ethiopia 🎉🎉🎉🎉🎉 you are the Winner you are the gold,@SamiEyob-nk8of,en,cycling
W3BQlyPuTiQ,Congratulations and also our neighbour from Belgium 🇧🇪 with your silver. Greetings from Holland 🇳🇱.,@166Bertje,en,cycling
W3BQlyPuTiQ,Congratulations Ethiopia 🎉🎉🎉🎉🎉 gold to Ethiopia,@SamiEyob-nk8of,en,cycling
W3BQlyPuTiQ,Bravo 👏,@carlobrotto7132,sk,cycling
W3BQlyPuTiQ,Viva Ethiopa ❤❤❤❤,@ahmedjemal6362,fi,cycling
W3BQlyPuTiQ,🎉🎉🎉🎉🎉🎉,@SamijSamu,unknown,cycling
W3BQlyPuTiQ,Congratulations all Ethiopians,@onelove-dh9ow,en,cycling
W3BQlyPuTiQ,The beligum guy is 100% European.,@MB-le1mk,en,cycling
W3BQlyPuTiQ,Europe needs runners not clour 😂😂,@alimabdirahman,en,cycling
W3BQlyPuTiQ,Abdi Bashir weldone,@TOTYY77,cy,cycling
BgsuwbKP52Y,Please next part,@user-oy2yn5tp2h,ro,
BgsuwbKP52Y,"Credit goes to kurtha guys mother❌
Yellow chappal and the kurtha guys face ✅✅✅
Even the 🥇 in yellow colour 😂😂😂😂",@user-le4qw7hb6y,en,
BgsuwbKP52Y,On the first thought I thought you guys on the real Olympic when she is your mother said just bending harvest then I saw that she was throwing a slippery or a chappal I was laughing that and I sure to my brother this video and he sure that can't stop laughing and missile have allowence to record and send you that video I can send you that but I don't have any that I don't have anything no that's why I can't send you anything 😂😂,@user-le4qw7hb6y,en,
BgsuwbKP52Y,Kheekhee,@nagarathna1240,nl,
BgsuwbKP52Y,Hhahahahahaja,@nagarathna1240,so,
BgsuwbKP52Y,Indian son is watching kurta guy,@anamnirmala6976,en,
BgsuwbKP52Y,India is very proud,@shamshi17,en,
BgsuwbKP52Y,The Obsession of yellow slipper never  ends😂,@srivishva2324,en,
BgsuwbKP52Y,😂😂,@srivishva2324,unknown,
BgsuwbKP52Y,When is part 2going to come😢😢😢😢😢,@TheGeeta2606,en,
s1HpBC0MZfw,Yulo 🇵🇭,@jesseleemata5181,so,
s1HpBC0MZfw,STEPHEN I ❤ U SO VERY MUCH AND BE MY PARTNER IN LIFE ❤❤❤,@MatthewGuarino-bi7hx,de,
s1HpBC0MZfw,fred was like light work no reaction,@SupremeFrozy,en,
s1HpBC0MZfw,I love how humble Fred is,@CrystalCantrell-w9z,en,
s1HpBC0MZfw,What a team!  🇺🇸,@chadnga8,en,
s1HpBC0MZfw,They all did so great. But did you guys see Paul’s mom? She I think had the best reaction.,@feline.equation,en,
s1HpBC0MZfw,Esses atletas tem que raspar o sovaco,@marcelmarq,pt,
s1HpBC0MZfw,❤🇺🇲,@cristiancharles3583,unknown,
s1HpBC0MZfw,"After that physically draining ring routine, bro didn't have the energy left to raise his arms up in victory.",@le_th_,en,
s1HpBC0MZfw,Male gymnasts are such hot little muscle muffins!😍,@Jamesxavier-v4x,en,
_eWwBUSpgBo,"If you guys love celebrity news, please subscribe 🥹 it means the world to me",@flynnwest,en,
_eWwBUSpgBo,"Is she doing a knock off?Marilyn monroe and madonna , it's unbelievable , but okay",@PatriciaMoore-os9pr,en,
_eWwBUSpgBo,Yor gay right?,@dariusssss85,en,
_eWwBUSpgBo,You have 5500 followers calm down there guy,@letscheckitout1985,en,
_eWwBUSpgBo,Французы поющие уже перевелись?,@sailor88ful,ru,
_eWwBUSpgBo,"Why is Lady Gaga performing in the Paris Olympics anyways, she’s not from Paris, shes not French, she doesn’t speak French, she has no French/France heritage. What a joke.",@trevorbayers2175,en,
_eWwBUSpgBo,"Celine Dion ain’t from Paris nor she’s French, but Canadian. Just leave it, why do people have to nitpick on everything",@flyamislv,en,
_eWwBUSpgBo,@@flyamislv But she does speak French and has French heritage right?,@HorWangZaaa,en,
_eWwBUSpgBo,"@@trevorbayers2175 music is music, stop  thinking so much and just enjoy it.
You mean What a joker 2? It’s coming out on 4th October.:)",@ayuwyn,en,
_eWwBUSpgBo,@@HorWangZaaaso does lady g dummy,@Channel24377,so,
_eWwBUSpgBo,Because Gaga is a legend,@Sapphire901,de,
_eWwBUSpgBo,"Lady Gaga has become embarrassing over the last several years. Stick to dance/pop music gurl. That’s ALL you’re good at. And even not that good, since only 2 out of 4 of her mainstream dance/pop albums were any good whatsoever, (The Fame Monster, Born This Way).  (ArtPop & Chromatica were flops)",@trevorbayers2175,en,
_eWwBUSpgBo,Lmao.,@elizabethmurigi1131,sw,
_eWwBUSpgBo,I smell Katy Floperry fan…,@ayuwyn,en,
_eWwBUSpgBo,"Lady gaga literally has one of the best voices on the planet, currently. If you don’t like her music, don’t listen to it. You’re acting as though you can do better. Which I’m sure you can’t. Learn to respect people.",@chickenwingzzzzzz,en,
_eWwBUSpgBo,@@chickenwingzzzzzzpeople have become so hateful or the old hags just come out of there closer to hate,@Channel24377,en,
_eWwBUSpgBo,serving french flamingo realness 🦩,@YouTube,en,
_eWwBUSpgBo,Ariana what are you doing here?,@AtlasGalore,en,
_eWwBUSpgBo,Lady gaga slayed that performance,@eeee8489,en,
_eWwBUSpgBo,Love you YouTube ❤,@flynnwest,en,
_eWwBUSpgBo,Just saw her perform on tv,@enguunei,en,
_eWwBUSpgBo,Lady gaga always doing her things since 20years,@riskyrame7339,en,
_eWwBUSpgBo,"Yes?
 She's mimicking Marilyn, Monroe and Madonna at this point, but she does it well.😊",@PatriciaMoore-os9pr,en,
fltR0iPeX0E,Gonzalez Karen Jones Steven Lopez Betty,@ParkerLena-q7q,de,volleyball
fltR0iPeX0E,NEXT PLEASE TURKEY ANG BRAZIL BATTLE FOR BRONZE,@wanderwithalbert,en,volleyball
fltR0iPeX0E,Awesome Volleyball Game,@rahnlloydiliscupidez5994,en,volleyball
fltR0iPeX0E,"Why did you post a fake video? Still hurts 😂😂😂 it, is SPORT ,THE BEST WIN. ITALY333,USA 000  SORRY",@giuseppecuffari7678,en,volleyball
fltR0iPeX0E,Sorry l did not read Qualification SORRY FOR MY COMMENT,@giuseppecuffari7678,en,volleyball
fltR0iPeX0E,Is it Final Match?? (Bu final maçı mı? ),@saltok1834,tr,volleyball
fltR0iPeX0E,i'm a fan of US team. i like their spirits in the match.,@farzadalimoradian6316,en,volleyball
fltR0iPeX0E,USA 🎉,@BhomlaBhomlu,sv,volleyball
fltR0iPeX0E,Tahan di tergorok asap,@AliAhmad-t8s,id,volleyball
fltR0iPeX0E,Kunci untuk kendali hisap subu kuat untuk tentara Israel,@AliAhmad-t8s,id,volleyball
fltR0iPeX0E,"Jujur saya sedih melihat anak Israel masih membutuhkan kasih sayang dari orang tua nya,kadang masih bayi udah Yatin piatu",@AliAhmad-t8s,id,volleyball
f2rdSWJd0Uc,"Djokovic is no GOAT. A GOAT must win the golden GS in the same year and break all records made by Nadal und Federer. And he first must win 110 titles at least. It's it! So, everything is only relative.",@franklincreatorstudio7029,en,tennis
f2rdSWJd0Uc,"Don't worry, he will break that records also. Now,go to sleep! 😛😛😛",@askeasim,en,tennis
f2rdSWJd0Uc,"Game Over
Credits: Himself and family",@vosa88vosa,en,tennis
f2rdSWJd0Uc,"Meinen Glückwunsch zum Erreichen des Tennis-Throns!
Bester Spieler aller Zeiten!",@egondietz3426,de,tennis
f2rdSWJd0Uc,"Pessimo highlights,scusate ma potevate mettere i punti chiave di Novak,ma avete messo solo quelli di Alcatraz",@danijelamikic5363,it,tennis
f2rdSWJd0Uc,"Honestly these highlights are completely biased towards Alcaraz, it's all about his points. The put only Set and Match point from Novak because they had too. Am I the only one thinking that?",@lorenzogumier7646,en,tennis
f2rdSWJd0Uc,"Novak is 37 YEARS OLD, and still beats Alcaraz in the best match that Carlos has ever played. Let that sink in. Novak is mad strong.",@draganamadjarac8325,en,tennis
f2rdSWJd0Uc,He achieved Platin trophy in Tennis,@VvV---,en,tennis
f2rdSWJd0Uc,Alla faccia di Burioni,@fabioocchiocupo4597,it,tennis
f2rdSWJd0Uc,"Felice per Nole, grande uomo serbo, immenso tennista. Ti vogliamo a San Siro, Milanista fra Milanisti.",@antoniovassallo9273,it,tennis
f2rdSWJd0Uc,"Djokovic oggi ha dimostrato di essere il più grande tennista di tutti i tempi .Solo Alcaraz e Sinner possono al momento batterlo ma devono trovarsi nella loro migliore condizione 
psico fisica😂",@giuseppeanatriello3678,it,tennis
H5h6ZwbRMVs,Lol,@LucienGoma,it,
H5h6ZwbRMVs,Elle et le Turk ont fait sensation,@stephanedumaisne4502,fr,
H5h6ZwbRMVs,Elle a bcp trop de charisme cette meuf,@PinkHeadRadioFloyd,fr,
H5h6ZwbRMVs,"Le style,le talent, le sang froid 👌👏🇨🇵🌬️🩵🇰🇷",@claudieberthet8479,fr,
H5h6ZwbRMVs,Alalal les égo...,@AtlasGaia83,fr,
H5h6ZwbRMVs,"Sur une année il y a x tournoi 😅
On se croirait au rayon vinicole avec les autocollant medaille d'or a tel endroit, medaille d'argent a tel salon (payé par le producteur.",@alexandrentm6860,fr,
H5h6ZwbRMVs,"Ouais elle a copié le turc quoi, sauf que le turc lui était plus classe et était vraiment arrivé en mode touriste",@lostet8728,fr,
H5h6ZwbRMVs,L'enfant 🥰,@nellysuburuhomaidan8898,ca,
H5h6ZwbRMVs,"Et si on faisait un vrai tir, avec un vrai flingue dont la crosse n'est pas moulée à la forme de la main, sans lunette etc...
Parce que le tir sportif à la 22 LR c'est devenu n'importe quoi. Et c'est encore pire à la carabine.",@trolldegeek3807,fr,
H5h6ZwbRMVs,"Il y a un homme qui a fait mieux et sans équipement oculaire à part ses lunettes de vue 😂😂😂😂😂.
En fait la Corée du sud sont de grand pervers dégueulasses et ont fantasmer sur elle 😂😂😂.
En plus elle se prenait pour John Wick alors que lui il fait sans équipements 😂😂😂😂",@katakurimochimochinomi131,fr,
9inp1nTWTDs,Omg je t’aimmmmmmeeeee❤,@Elma_110,nl,
9inp1nTWTDs,Juste le speaker français a fait l erreur,@blanches3252,fr,
9inp1nTWTDs,Marchand tellement fort qu'il réussit à gagner l'or et l'argent en une seule course mdr,@Whoeverthatis-g5t,fr,
9inp1nTWTDs,"""Medaille d or et 3 eme place ""😂😂😂😂😂",@mbkbenn4442,fr,
9inp1nTWTDs,La médaille d'or il a changé 😂,@satenikzakaryan3736,fr,
9inp1nTWTDs,"Il avait fait un pari avec des potes : il disait ça, sinon c'était une coloration des cheveux en blond platine.",@jeandeblaize4175,fr,
9inp1nTWTDs,Petite pensée à la gamine à qui le grand marchand a refusé un autographe.,@meditaranes8385,fr,
9inp1nTWTDs,"Vous n'avez pas suivi ? Tout est rentré dans l'ordre, la petite Apolline à eu non seulement un appel de Leon marchand mais aussi un livre dédicacé et un bonnet de bain du nageur donc tout va bien",@julie6509,fr,
9inp1nTWTDs,@@julie6509 Merci aux caméras et bad buzz mais on a bien vu comment il pensait.,@meditaranes8385,fr,
9inp1nTWTDs,C'est ouf d'être aussi débilos et de pouvoir travailler au JO 😂,@AutisticWorldl,fr,
9inp1nTWTDs,Leo tu écris ta légende,@jeromeleo5567,fr,
9inp1nTWTDs,Léon est un extraterrestre   Bravo  champion,@JuJu-ml3rf,fr,
b1rlRl8raeQ,Merci,@revaherematerouru6999,es,
b1rlRl8raeQ,Déjà il a dit teunnis et il sait pas dire fauteuil,@pol_osto4501,fr,
b1rlRl8raeQ,"Tu peux comprendre pourquoi il y a beaucoup moins de téléspectateurs comparer au JO pour les valides d'autant plus que l'on n'est plus en période de vacances scolaires, j'aurais tendance à penser qu'il devrait commencer par les paralympiques et ensuite continuer avec les valides au moins l'engouement redescendrai moins.",@MrSebio26,fr,
b1rlRl8raeQ,"En para natation, les hommes tronc on droit au protèse",@Legobriques,fr,
b1rlRl8raeQ,Règles plates..règles Graduées...réglet......réglettes....,@user-lt4rf1kn3g,fr,
b1rlRl8raeQ,"Concernant les guides, il arrive souvent que les guides s emballent trop et passent devant l athlètes. Cela annule la médaille du coup,c est con😂",@franckm2382,fr,
b1rlRl8raeQ,"""Fauteil""",@Antoxication,de,
b1rlRl8raeQ,Pourquoi avoir mis des roues au fauteuil de l'escrime fauteuil si il ne bouge pas? À moins que ce ne soit un fauteuil clipsable,@llp10,fr,
b1rlRl8raeQ,"Je pense que c'est pour le confort du participant, comme ça il prend le sien qui est déjà formé a son corps",@bartholomewkuma467,fr,
b1rlRl8raeQ,J'ai entendu pas mal d'athlètes dire que même un rebond suffirait en fauteuil,@Tony56000,fr,
b1rlRl8raeQ,C’est un triste spectacle quand même,@FermeTonRebElMic,fr,
b1rlRl8raeQ,"C’est ce que je me dis pour certains handicapés. 
Ça fait un peu pathétique parfois.",@Roolax17,fr,
b1rlRl8raeQ,​@@Roolax17En quoi c'est pathétique? Je vois pas le problème,@Sady845,fr,
b1rlRl8raeQ,"De voir des gens comme toi tenir ce genre de propos ? Oui effectivement c'est assez triste, je te le confirme.",@almamater9566,fr,
b1rlRl8raeQ,": *C’est exactement ça, pathétique, j’ai l’impression qu’on affiche des handicapés dans un cirque des années 1900 comme des bêtes de foire 🙁*
*_Et c’est ce que n’ont pas compris les 2 fonds de capotes juste au-dessus !_*
_Alors y’a une dindasse c’est « nianiania j’te confirme » c’est du « ayouyou biss biss à la galette », mongolienne, ça reste dans le thème du handicap comme ça…_
_Et l’autre putois alors lui il ne comprend rien il le dit lui-même lui c’est carrément « Erreur 404 »…_
*Bon ils ont écrit ça un samedi matin on sait que le vendredi soir c’est youhou ceci explique peut-être cela* 🥳
Et tu vas voir ils vont revenir rager dans mon potager 😁",@FermeTonRebElMic,fr,
b1rlRl8raeQ,Disons que c cool de voir des gens faire du sport malgré leurs handicaps mais que c'est parfois troublant car certains sports n'ont plus grand chose à voir...,@salomebouzerand9395,fr,
49u3TrRwpOE,🖐️🖐️👍❤️❤️❤️👏👏👏👏👏,@tanjarajic6680,unknown,cycling
49u3TrRwpOE,It's sad that mayor of Paris had to gave away the flag. Long live Paris 2024.,@MajValek,en,cycling
49u3TrRwpOE,"Michael Johnson,one of the greatest of all time!!",@dimitarpetrov1999,en,cycling
49u3TrRwpOE,No no not the Botox. Not Tommy boy! 😒,@4IndieForever,en,cycling
49u3TrRwpOE,Coolest olympic flag handover ever!,@BennyFrank-m7t,no,cycling
49u3TrRwpOE,"People, please help me find the music you hear from 0.00 – 1.44 minutes. Who knows?",@crpodcast1080,en,cycling
49u3TrRwpOE,Is that song from Top Gun Maverick because it does sound like it?,@AeroHybrid,en,cycling
49u3TrRwpOE,LA28🔥,@DaniloLuketic-by4go,hu,cycling
49u3TrRwpOE,"Tom Cruise have to be the biggest actor right now huh? After this I think it brought him to a new level. He was the biggest before this, but now? Can't think of anyone that even come close in comparison. He is the GOAT of Hollywood right now. The biggest of the biggest. And the whole ""making his own stunts"" thing combined with him flying for real in the new Top Gun movie and being a perfectionist beyond anyone else I mean.. Who is this man??? He is just larger then life right now❤",@13joel37,en,cycling
49u3TrRwpOE,"was tom basically in control of how fast he fell with that device on his lower leg?, if so that would mean if not aplied properly then he could drop like a stone?",@christasmith6004,en,cycling
_bd2fzFi6Qg,"Leon, 22 ans, amène le bonheur partout 😍",@BatshevaASSUIED-dc2gd,fr,
_bd2fzFi6Qg,"Oh les frissons que ça donne ....
Quand les gens sont en mode "" neutre "" le monde va bien c'est dingue 😊",@mariogasparini7473,fr,
_bd2fzFi6Qg,QUELLE COURSE !!! ENORME !,@YvesDurand,vi,
_bd2fzFi6Qg,"LeBron jouait et il a cru que les gens criaient son nom ""LeBron avec l'accent français"" alors que tout le monde criait Léon 😁😂🤣 Véridique, c'est LeBron qui l'a dit dans une interview 😂 😂🤣 ils sont fous ces français 😁🤟",@olivd3406,fr,
_bd2fzFi6Qg,une dinguerie  !!! quelle chance d'avoir vécu ce moment - merci la vie et Merci Léon pour tes courses de folie durant les JO de PARIS 2024 !!! je n'ai jamais autant crié devant ma télé pour t'encourager !!! PROFITE et MILLE BISOUS !!! Sylvie  💙🤍❤️,@davidquintao8172,fr,
_bd2fzFi6Qg,Honteux,@akeccunkaq,fr,
_bd2fzFi6Qg,Bravo Léon.  Merci beaucoup !!!,@lolaab9,fr,
_bd2fzFi6Qg,C'était une véritable soirée de folie !!! Le public français était au rendez-vous,@davidmalfoy9626,fr,
_bd2fzFi6Qg,Il ne fait pas beau à voir le garçon,@margueritte21,fr,
_bd2fzFi6Qg,Ça y est les Français ont Léon😂😂😂😂😂 faut pas oublier Manu😂 😂😂😂😂 pays de merde,@zou6492,fr,
CwzjlmBLfrQ,"Performing his work, but not a single mention of Vangelis",@ahd9084,en,
CwzjlmBLfrQ,12 years and this guy still tickles my funny bones.,@zoolander7201,en,
CwzjlmBLfrQ,"Excelente humorista inglés, Mr. Bean.
Soy una admiradora de su talento .😅😅😅",@CristnaGeier,es,
CwzjlmBLfrQ,Mr Bean is the Goat,@TheChosen2216,en,
CwzjlmBLfrQ,Anyone in 2024,@Ashdonnyandkiki,tl,
CwzjlmBLfrQ,Is anyone there 2024,@renjijoyy,en,
CwzjlmBLfrQ,NAHHH,@harrisonhercock20134,vi,
CwzjlmBLfrQ,He is the only who carry the legacy of charlin Chaplin ❤❤,@UtkarshNarayan-mo2ux,en,
CwzjlmBLfrQ,The story MrBean's grandfather:,@user-tl7jp6pm1s,en,
CwzjlmBLfrQ,vjoNjchjto 🇹🇩🇲🇩🇪🇺😭 😭😭😭😭😭😭😭😭😭😭😭😭😭😭😭😭😭😭😭😭😭😭😭😭😭😭😭😭😭😭😭😭😭😭😭😭😭😭😭😭😭😭😭😭😭😭😭😭😭😭😭😭😭😭😭😭😭😭😭😭😭😭😭😭😭😭😭😭😭,@ViorelNebunu,unknown,
DnYfylAnMl4,Hall Jennifer Moore Margaret Martinez Donald,@DeangeloLutz,de,
DnYfylAnMl4,"I’m in my post Olympics and Paralympics slump. This music before, during and after the medal ceremonies was so special. I love how it was timed beautifully each time the gold medalist was announced. Now I want to cry again! Hoping I can find this on Spotify!!",@ThePolished,en,
DnYfylAnMl4,Thompson Larry Williams Steven Walker Donald,@LillianJackson-z1q,en,
DnYfylAnMl4,"And I am already missing it soo bad 😢😢😢😭😭😭😭😭😭 can't wait for LA, I only hope that LA surpass Paris now",@viktorull,en,
DnYfylAnMl4,"I am french but i Hope la will surpass  , it will mean that WE are gonna have so much émotions in LA",@arnaudmahu8996,en,
DnYfylAnMl4,Make this Permanent Olympic Medal Ceremony Song,@KshitijBhambri1,en,
DnYfylAnMl4,Acabou 😢😢😢😢😢,@user-kj5ol4zt6w,pt,
DnYfylAnMl4,Man this is so sad now that the Olympics and Paralympics are over. Going to miss Paris a lot. Best games of all time,@Jackosaurus117,en,
DnYfylAnMl4,goodbye olympics and paralympics paris 2024 😢😢,@nialee4233,en,
DnYfylAnMl4,"Muito obrigado, jogos olímpicos de paris 2024 e até 2026 nos jogos olímpicos de inverno, em milão! 🎉🇧🇷 🇫🇷 🇮🇹🎉",@MuriloSouza624,pt,
DnYfylAnMl4,O tema dos medalhistas olímpicos e paralimpicos de 2024🇧🇷🇧🇷🇧🇷🇧🇷,@edivandrobarbosa2809,pt,
HnlFanYXFMU,Ça dépend aussi de la légende qui là remporte,@Justedinonga2622,fr,
HnlFanYXFMU,"Quand je pense que les primes versées aux médaillés sont payées avec mes impôts, ça fait mal au cœur.",@louislaser7182,fr,
HnlFanYXFMU,C'est pour ça qu'elles rouillent 😂,@Payns83,fr,
HnlFanYXFMU,Plaqué or 😂😂,@faresfaba3591,fr,
HnlFanYXFMU,Certaines ce sont détériorées,@adelinemorel4839,fr,
HnlFanYXFMU,En chocolats sa aurait été mieux,@PatriceQuehen,fr,
HnlFanYXFMU,Je trouve celles des JO de Paris sont vraiment belles. + Le petit morceau de tour Eiffel 👌👌,@Rodolf62,fr,
HnlFanYXFMU,Indigne de leur medaille quoi,@juste_kylian,fr,
HnlFanYXFMU,"Les JO de 1936 hien.
Les heures sombres 😅",@edoudjossa9648,fr,
HnlFanYXFMU,Jessy owens qui a dit il me semble que son pays était plus raciste que l’Allemagne nazi mais ca on ne le dira pas …,@taraji59,fr,
XS717oc_8T4,Harris Donna Young Anthony Lopez Cynthia,@DonaldParrino-r5m,en,
XS717oc_8T4,The worst Olympics Ceremony in the History of the Games!,@St.MichaelPrayforus,en,
XS717oc_8T4,"The opening ceremony was great ! Lot of french history, french arts. Foreign tv had memos to explain each scene but they preferred not to even read those. Sorry for you",@brigittelacour5055,en,
XS717oc_8T4,Huehue louuuuuvre,@J.beenhim_,fi,
XS717oc_8T4,Got the Chicago derozan jersey when he’s not on the team anymore😂,@GoldenGreatnessHD,en,
XS717oc_8T4,28:51 Lilo just woke up my dogs. Now they are looking for this 3rd invisible dog.,@Dragon-ue9ze,en,
XS717oc_8T4,1:21,@hamza-chaudhry,unknown,
XS717oc_8T4,I'm so jealous,@hamza-chaudhry,sl,
XS717oc_8T4,Nice!,@derekmagoc6639,ro,
XS717oc_8T4,Says his travelling alone to share a room with his wife 😂,@adamlee96,en,
qGDkwIf5oDg,La motivatrice est géniale !,@jeanvaljean9998,fr,
qGDkwIf5oDg,Succès accomplissement et protection à toi par la grâce d'Allah l'excellent Kayla !,@jeanvaljean9998,fr,
qGDkwIf5oDg,Le corps humain est une machine de guerre,@clementognier7502,fr,
qGDkwIf5oDg,Superbe et bravo ! Le mental incroyable.,@benoitv.3552,fr,
qGDkwIf5oDg,Ma chaa allah 🤲,@anoscotesesh8393,so,
qGDkwIf5oDg,"Ahhhhhhhhhhhhhhhhhhh ❤ ma vie ❤elle est trop forte 💪🏼 et en plus ……
RÉCEPTION PARFAITE 🤩",@Inaya-l9r,fr,
qGDkwIf5oDg,Vraiment si jeune et avoir un mental comme elle c’est incroyable. J’espère qu’elle en gagnera encore elle le mérite.,@Demontada56,fr,
qGDkwIf5oDg,Quand elle sera en fauteuil roulant il lui servira a quoi sont titre?,@arnaudmalbos6921,fr,
qGDkwIf5oDg,"❤What a scandalous dress 
May God help her, may God guide her and set her mind right",@mariyakraouche3075,en,
qGDkwIf5oDg,"la traitresse à la nation, qu'elle aille vivre la bas maintenant",@kurhooni5924,fr,
z2SSW8youn4,BG for me slay,@alechuckin5728,da,
z2SSW8youn4,Italia ❤❤❤,@brawl.stars.shorts100,it,
z2SSW8youn4,U seriously couldn’t do Australia it is one of the worlds most common countries,@2023Handle,en,
z2SSW8youn4,🇬🇪💀☠️,@dianapiolia9239,unknown,
z2SSW8youn4,America!!!!🇺🇸🇺🇸🦅,@Portcrazzy-tf8fq,en,
z2SSW8youn4,ENGLAND,@EvieWalton-lo1me,es,
z2SSW8youn4,Indonesian pliss😊😊,@rahmatzulkarnaen2056,id,
z2SSW8youn4,🇨🇵France🇨🇵,@LedouxChristophe,fr,
z2SSW8youn4,Italy 🇮🇹 ❤❤❤❤,@NehalelsayedmostafaMohamed,en,
z2SSW8youn4,"Hungary💪🇭🇺 team
👇",@baloghreka882,id,
Ar60iROFgK0,How is it possible that he was not pricked with a needle and is still alive? :),@anonanon4631,en,tennis
Ar60iROFgK0,Glückwunsch Musetti 🥉👍,@user-sz4th4sm5l,de,tennis
Ar60iROFgK0,Glückwunsch Alcaraz 🥈👍,@user-sz4th4sm5l,de,tennis
Ar60iROFgK0,Jawohl Djokovic 😊👍🏆🥇,@user-sz4th4sm5l,cs,tennis
Ar60iROFgK0,Hate Djokovic!!!,@Dankesehr67,sl,tennis
Ar60iROFgK0,Djokovic is the greatest of all time. No one in Tennis history will be better than him ever again.,@asusasussusussu3166,en,tennis
Ar60iROFgK0,He won 🏆,@v.v.m.8517,nl,tennis
Ar60iROFgK0,Gratulation Djokovic Respekt 👍👍👍,@nicoroland1442,sl,tennis
Ar60iROFgK0,Idemo Nole,@dragicapreradovic4619,pt,tennis
Ar60iROFgK0,I used to be a rafa fan but after cvid I m a Nole fan admiring his strength of character!,@johnjohnpana,en,tennis
Rs9o7lXBX4k,This guy will break usains 200meter record possibly..only 0.3 seconds he has to improve and he has 5 years or so time to improve it before he starts to decline,@hemulinkulli,en,cycling
Rs9o7lXBX4k,"Only 0,3 seconds? Than a very long way my friend, i personally don't think he is going to break this records. Yes, he will improve, but not 0,3 seconds.",@triekps4821,en,cycling
Rs9o7lXBX4k,@@triekps4821 yeah but he has 5years or so time to improve..we'll see..,@hemulinkulli,en,cycling
Rs9o7lXBX4k,Well done Tebogo. Had NLyles been fully fit it would have been a different story,@mriyefa2196,en,cycling
Rs9o7lXBX4k,With the little that I had… he didn’t had so little it seemed 😂😂,@HeyPaulhasopinions,en,cycling
Rs9o7lXBX4k,Why are people easing off before they finish? Weird,@bhamdan85,en,cycling
Rs9o7lXBX4k,He could have beat the OR then if he'd pushed.,@jakehammond12345,en,cycling
Rs9o7lXBX4k,"I know him in Botswana
(Formerly BECHUANALAND)
❤🎉❤",@graemeyetts3465,en,cycling
Rs9o7lXBX4k,Congratulations tebogo 🥳🥳🥳,@myra9907,en,cycling
Rs9o7lXBX4k,“Running away from the Field” is crazy work 😂,@yashanepinnock6398,en,cycling
Rs9o7lXBX4k,No white people in the finals,@georgeazeh5375,en,cycling
Rs9o7lXBX4k,I wonder why?,@LisaCulton,en,cycling
Rs9o7lXBX4k,Nice to see a humble winner unlike the 100 metres 👌,@stevesansom7044,en,cycling
S24pTFT7uVw,Wao. What a lift and a beautiful landing!❤😊,@TayekTali,en,
S24pTFT7uVw,it doesn't look like he did anything at all but I bet that's really hard to land,@jimmyhenriquez7537,en,
S24pTFT7uVw,"Ollie 70 blind… really doesn’t look that impressive vs loads of other skills. What makes it hard? Honest question, I really want to understand!",@Stuff_I_Watch,en,
S24pTFT7uVw,"Honestly,  I have seen many local skater do it it's not that amazing also",@overpower..shorts,en,
S24pTFT7uVw,I do it as a warm up..,@HazeEntertainment100,en,
S24pTFT7uVw,It doesn't look so spectacular. does it?,@jkarretero,en,
S24pTFT7uVw,Yeah bcz I have seen such trick on skateboarding channels. They do crazy ones,@Phoenix.219,en,
S24pTFT7uVw,@Olympics the Paralympic games are over,@romagonzales3665,en,
S24pTFT7uVw,I love this channel,@EvidentlyFire,en,
S24pTFT7uVw,Love it!!!!,@jamesaaronmanarang,en,
S24pTFT7uVw,Tennis player with skateboarding as s side sports!😅,@donclaudiobranzuelabsin,en,
S24pTFT7uVw,Hellie pop b nose b,@highrollerdiscs805,af,
S24pTFT7uVw,Superb❤❤❤,@Natureisfunspot4k,id,
mHT1WrNm-IE,Muchas Felicidades 🏅,@maria7133,es,cycling
mHT1WrNm-IE,"I pass this Olympics, too much hate against Christians and too much Gender Ideology!",@a.l.7712,en,cycling
mHT1WrNm-IE,people forget how rich is korean archery history,@datutturugang666,en,cycling
mHT1WrNm-IE,Bravi🎉!!!!!,@loredanavisconti5824,hr,cycling
mHT1WrNm-IE,Something is going on with Korea and Archery.... The BEST in the World !,@bobrik335,en,cycling
mHT1WrNm-IE,Referees have made mistakes or support France in semi final match with Turkey… They helped France and it was not fair. An injustice was done to Turkey for points and even they have same point They decided to give win to France… Always being enemy to Türkiye 🇹🇷 is unfair.. also in euro 2024 Türkiye 🇹🇷- Nederland match… They had big mistakes and unfair to Türkiye 🇹🇷,@caglar1905,en,cycling
mHT1WrNm-IE,"yaw buralara gelip saçmalıklarınızı yazmayın bari. bizim ekipten bir hoca geldi, o atışı dibinden inceledi. karar doğruydu. okçuluktan bir skm anlamayanlar yaygara koparıyor, hayatı okçulukla geçmiş hocalar, oyuncular bu konuyla ilgili tek bir kelime bile etmiyor. onlar bilmiyor, siz biliyorsunuz awk.",@ruhumvaros,tr,cycling
mHT1WrNm-IE,I don't like stupid France. They don't know North Korea or South Korea. Just Stupid.,@user-km2ll5xm1z,en,cycling
mHT1WrNm-IE,South Korea 🇰🇷 is very strong with archery👏👏,@pezzandre1973,en,cycling
mHT1WrNm-IE,"South Korea in archery is on another level! Congrats to them for the gold medal, but also to all the other competitors, it was a beautiful competition!",@xaiko182x,en,cycling
mHT1WrNm-IE,Au revoir,@n.m.5744,fr,cycling
1qkZBnL1Fqc,"Aya Nakamura...

Ferme la porte y'a la pookie dans le sas
Blah, blah, blah, d'la pookie
Ferme la porte t'a la pookie dans le side
Blah, blah, blah, d'la pookie
Ferme la porte y'a la pookie dans le sas

Pookie, pook- pook- pookie
Fe- Ferme la porte t'a la pookie dans le side
Pookie, pookie, pookie, pookie
Ferme la porte y'a la pookie dans le sas

Bye bye, j'ai pas besoin d'badboy
J't'ai barré fort, là j'ai pas l'time pour toi
J't'ai barré fort, là tu fais trop d'efforts
Ces bails-là, c'еst pour les mecs comme toi
Taclеr pour des pépètes, ça va claquer
Pour des pipelettes, ça va claquer, crac
Pour les bons bails, ça va grave quer-cra
J'crois qu'c'est l'heure, ding dong

Je ferais mieux, d'aller choisir mon vocabulaire
Pour te plaire dans la langue de Molière
Toi, tes eyes, ton nose, tes lips adorables
Tu n'as pas compris? Tant pis
Ne t'en fait pas et vient dans mes bras
Darling I, Love you, love you, Darling I want you
Et puis le reste on s'en fou
You're the one, for me, for me, for me, formidable

J'suis gang, hors-game
Boy ne joue pas bang bang bang
J'suis gang, hors-game
Boy ne joue pas bang bang bang

Oh Djadja, (Oh djadja)
Y'a pas moyen, Djadja (Y'a pas moyen Djadja)
J'suis pas t'a catin, Djadja genre
En catchana baby tu dead ça
Oh Djadja, (Djadja)
Y'a pas moyen, Djadja (Djadja)
J'suis pas t'a catin, Djadja genre
En catchana baby tu dead ça (Sale)

Tu parle sur moi y'a R (Y'a R!)
Crache encore y'a R (Y'a R)
Tu voulais m'avoir tu savais pas comment faire
Tu jouais un role tu finira aux enfers
Putain mais tu déconne
C'est pas comme ça qu'on fait les choses
Putain mais tu déconne
C'est pas comme ça qu'on fait les choses

Oh Djadja, (Oh djadja)
Y'a pas moyen, Djadja
J'suis pas t'a catin, Djadja genre
En catchana baby tu dead ça
Oh Djadja, (Oh djadja)
Y'a pas moyen, Djadja
J'suis pas t'a catin, Djadja genre
En catchana baby tu dead ça
(Oh djadja)
Y'a pas moyen, Djadja",@geanortiz2159,fr,
1qkZBnL1Fqc,What song is the second verse from?,@antonytsai6611,en,
1qkZBnL1Fqc,Wsh tu mérite un like tu as mis du temps ❤,@lindapiwu3853,fr,
1qkZBnL1Fqc,​@@antonytsai6611DJADJA,@Clemso96,fi,
1qkZBnL1Fqc,"Voici ton texte corrigé, n'hésite pas à mettre à jour ton commentaire et je supprimerai le mien ;) 

Aya Nakamura...
Ferme la porte y'a la pookie dans le sas
Blah, blah, blah, d'la pookie
Ferme la porte t'as la pookie dans le side
Blah, blah, blah, d'la pookie
Ferme la porte y'a la pookie dans le sas
Pookie, pook- pook- pookie
Fe- Ferme la porte t'as la pookie dans le side
Pookie, pookie, pookie, pookie
Ferme la porte y'a la pookie dans le sas
Bye bye, j'ai pas besoin d'badboy
J't'ai barré fort, là j'ai pas l'time pour toi
J't'ai barré fort, là tu fais trop d'efforts
Ces bails-là, c'еst pour les mecs comme toi
Taclеr pour des pépètes, ça va claquer
Pour des pipelettes, ça va claquer, crac
Pour les bons bails, ça va grave quer-cra
J'crois qu'c'est l'heure, ding dong
Je ferais mieux, d'aller choisir mon vocabulaire
Pour te plaire dans la langue de Molière
Toi, tes eyes, ton nose, tes lips adorables
Tu n'as pas compris? Tant pis
Ne t'en fais pas et viens dans mes bras
Darling I, Love you, love you, Darling I want you
Et puis le reste on s'en fout
You're the one, for me, for me, for me, formidable
J'suis gang, hors-game
Boy ne joue pas bang bang bang
J'suis gang, hors-game
Boy ne joue pas bang bang bang
Oh Djadja, (Oh djadja)
Y'a pas moyen, Djadja (Y'a pas moyen Djadja)
J'suis pas ta catin, Djadja genre
En catchana baby tu dead ça
Oh Djadja, (Djadja)
Y'a pas moyen, Djadja (Djadja)
J'suis pas ta catin, Djadja genre
En catchana baby tu dead ça (Sale)
Tu parles sur moi y'a R (Y'a R!)
Crache encore y'a R (Y'a R)
Tu voulais m'avoir tu savais pas comment faire
Tu jouais un rôle tu finira aux enfers
Putain mais tu déconnes
C'est pas comme ça qu'on fait les choses
Putain mais tu déconnes
C'est pas comme ça qu'on fait les choses
Oh Djadja, (Oh djadja)
Y'a pas moyen, Djadja
J'suis pas ta catin, Djadja genre
En catchana baby tu dead ça
Oh Djadja, (Oh djadja)
Y'a pas moyen, Djadja
J'suis pas ta catin, Djadja genre
En catchana baby tu dead ça
(Oh djadja)
Y'a pas moyen, Djadja",@nad3359,fr,
1qkZBnL1Fqc,@@nad3359 👏❤️,@justlutra,tl,
1qkZBnL1Fqc,"Plusieurs semaines se sont écoulées depuis sa présentation, mais je me souviendrai toujours d'elle, elle a été sans aucun doute le clou de la cérémonie d'ouverture, elle était excellente❤️",@user-jg3fd3rc3t,fr,
1qkZBnL1Fqc,je savais quelle allait tout peter.....comment jadore aya tu dechires,@Wavescott18,fr,
1qkZBnL1Fqc,Aya elle a grave gérer parcontre,@gloriapavec6315,fr,
1qkZBnL1Fqc,Pokipoki,@javierperezbarreto4229,sl,
1qkZBnL1Fqc,0:58,@clipscript5395,unknown,
1qkZBnL1Fqc,0:39,@clipscript5395,unknown,
1qkZBnL1Fqc,❤❤❤,@sheej_25,unknown,
1qkZBnL1Fqc,I listen to this daily,@MB-hv6hw,en,
1qkZBnL1Fqc,"Big moment in París 2024 olimpic games,aya and they guard francés historic mix.",@richardbrookstand,ca,
sWMREf3mk50,"Great video, I love how fake your life is! Please keep sharing!",@royw9522,en,
sWMREf3mk50,❤❤❤❤❤❤❤😊😊😊💯🇺🇸👏🖖,@cjp592,unknown,
sWMREf3mk50,I guess They don’t start gymnasts forever…,@markb6158,en,
sWMREf3mk50,Love y’all’s channel!! God bless you and your family!! Thanks for all the positivity!!!!! 💛💛💛💛💛💛💛💛,@autumnthiergart1146,en,
sWMREf3mk50,❤❤❤,@user-ws4tg7ov1q,unknown,
sWMREf3mk50,Awesomeness 👍🏽👍🏽,@donnaworley5076,de,
sWMREf3mk50,My favourite family on this planet ❤❤❤,@virapiddubna9802,en,
sWMREf3mk50,"I watched the Olympics practally 24/7. During the gymnastics' I  fully expected to see you somewhere, in the stands or on the interview parts. Why were you not shown or interviewed? That would have been a highlight o see. I would have loved. I follow you as much as health allows. God bless you and your family. ❤",@merrisexton9590,en,
sWMREf3mk50,I unsubscribe to you because you both are on TikTok!!!,@maureencallanan7439,en,
sWMREf3mk50,❤❤❤awesome,@sandralee6714,af,
ksfEKn4HUvc,Haaa,@UmaTyagi-by4yd,so,javelin throw
ksfEKn4HUvc,Bharat and pakistan is best ❤❤❤❤❤❤❤❤❤❤❤❤❤❤❤❤❤❤❤❤❤❤❤❤❤❤❤❤❤❤❤❤❤❤❤❤❤❤❤❤❤❤❤❤❤❤❤❤❤❤❤❤❤❤❤❤❤❤❤❤❤❤❤❤❤❤❤❤❤❤❤❤❤❤❤❤❤❤❤❤❤❤❤❤❤❤❤❤❤❤❤❤❤❤❤❤❤❤❤❤😊😊😊😊😊😊😊😊😊😊😊😊😊😊😊😊😊😊😊😊😊😊😊❤❤❤❤❤❤❤❤❤❤❤❤❤❤❤❤😂❤❤❤❤❤❤😂😂❤❤❤❤❤❤❤,@user-lm9qn3ie3i,unknown,javelin throw
ksfEKn4HUvc,Hai,@ishfaqahmadwar4431,fi,javelin throw
ksfEKn4HUvc,No,@AbdulNafey-zo2vn,no,javelin throw
ksfEKn4HUvc,No😂😂😂😂😂😂😂😂😂😂😂😂😂😂😂😂😂,@R.GYT-c3r,unknown,javelin throw
ksfEKn4HUvc,Only file mother ❤❤😊,@m.usmanedits3,en,javelin throw
ksfEKn4HUvc,No😢😢😢😢😢😢😢😢,@mdyasin2292,unknown,javelin throw
ksfEKn4HUvc,Yes,@DeepaMakuri-og4kq,tr,javelin throw
ksfEKn4HUvc,Yes 😈😈😈😈😈🥺🥺🥺,@anshuyadav1069,unknown,javelin throw
ksfEKn4HUvc,Bilkul,@NawazAhmad-p5p,tr,javelin throw
Uwiiy4ITgYA,🇷🇸 SRBIJA 🇷🇸,@vladimirtrifunovic9367,hu,tennis
Uwiiy4ITgYA,🇬🇷 🇷🇸 Orthodox Brothers,@CharalambosApostolou-me5pu,en,tennis
Uwiiy4ITgYA,He was not desperate. He earned it.,@Gogillyable,en,tennis
Uwiiy4ITgYA,I watch this video at least once a day 🇷🇸🫶🏼,@Gmhfseyhb,en,tennis
Uwiiy4ITgYA,Bravooop de mii de ori,@cetatoiunicula7871,nl,tennis
Uwiiy4ITgYA,Felicitar și multă sănătate,@cetatoiunicula7871,ro,tennis
Uwiiy4ITgYA,"BRAVOOOO
NOOOLLLLLEEEEE",@vojkanmiladinovic9798,vi,tennis
Uwiiy4ITgYA,Nole ne ide tako lako kad su ovi decaci poterali treba napraviti uspomene i slike,@veljkopetrovic3207,hr,tennis
Uwiiy4ITgYA,Ceo teniski zivot za krunu i ovu medalju,@veljkopetrovic3207,hr,tennis
Uwiiy4ITgYA,"Boze dragi ti sto spase 
Od propasti do sad nas
Cuj i od sad nase glase i od sad nam budi spas
Mocnom rukom vodi brani 
Buducnosti srpske brod
Boze spasi boze hrani 
Srpske zemlje srpski rod
Srbiju nam boze brani
Moli ti se sav nas rod",@dzeremajakurdi1958,hr,tennis
Uwiiy4ITgYA,God bless the champion and the awardees! Congratulations! ✌️🫶🌞,@ildikonyilas4870,en,tennis
bnb6uANj8cI,Super intéressant,@oldschoolbudapestworkout2105,fr,
bnb6uANj8cI,Je me suis toujours demandé si les athlètes feraient exactement les mêmes performances en courant dans le sens des aiguilles d’une montre.,@TheJeannot74,fr,
bnb6uANj8cI,"Les blancs maintenant vous savez comment gagner la médaille d'or, allez y 😂.",@jastyl,fr,
bnb6uANj8cI,On n'a rien compris,@MrAms2012,fr,
bnb6uANj8cI,La force centrifuge  n'est pas  suggestive,@franckyceuverg5057,fr,
bnb6uANj8cI,"Moi mon pépé a toujours le corps penché, pas sur le côté mais vers l'avant, dans les virages et aussi en ligne droite ! C'est pour ça qu'il a une canne pour ne pas tomber en avant !",@IA_Information_Paris,fr,
bnb6uANj8cI,Le corps est penché parce que la Terre est sphérique !,@IA_Information_Paris,fr,
bnb6uANj8cI,"Ce point de vue de pro est précieux, merci !
Cela dit, ne serait-ce pas le lieu de rappeler que la PSEUDO-force centrifuge n'est que la sensation subjective ressentie par le sujet qui subit deux forces réelles : l'inertie et la centripète ?",@michelkuhne5787,fr,
bnb6uANj8cI,"C'est bien de rappeler que la force centrifuge n'est pas une force ""réelle"" (mais une construction mathématique pour étudier les mouvements circulaires).
Ceci dit l'inertie n'est pas une force non plus.
La force centripète ici correspond à la composante transversale au mouvement de la force de résistance du sol (qui a aussi une composante verticale). 
Les forces réelles appliquées aux coureurs sont donc la gravité, la résistance du sol et les frottements avec l'air.
La résistance du sol va dépendre de la gravité, de l'orientation du coureur (d'où leur inclinaison) et de la force exercée par leurs muscles. La force des muscles est difficile à étudier parce qu'il faut considérer le corps comme différents morceaux, le plus simple pour étudier l'inclinaison est de supposer que le coureur a une vitesse constante et qu'il peut être comparé à une roue (càd un objet rigide avec presque pas de frottements au sol)",@ccrouzet,fr,
bnb6uANj8cI,"@@ccrouzet Juste, merci de cette pertinente correction ! 
J'aurais pu faire aussi court en disant ""... est soumis à deux contraintes réelles : l'inertie et la force centripète.""
Cela dit, la force centrifuge est plus qu'un ""truc de matheux"" ; elle est certes purement subjective, mais bien réelle pour le sujet, précisément.
Si je me souviens bien, coriolis est aussi une pseudo-force et l'usure asymétrique des rails Nord-Sud est pourtant bien réelle, non ?",@michelkuhne5787,fr,
bnb6uANj8cI,"@@michelkuhne5787  oui en fait tout ce dont on parle (centrifuge, centripète, cariolis) correspond bien à des choses réelles d'une manière ou d'une autre (sinon on n'en parlerait pas 😆), mathématique ne veut pas dire fictif.
J'avais pensé que ""force élémentaire"" serait plus adapté pour faire la distinction entre forces ""elementaires"" et pseudo-forces, sauf que ce terme correspond déjà à autre chose en physique ! (les 4 interactions élémentaires)",@ccrouzet,fr,
bnb6uANj8cI,"@@ccrouzet Comme je comprends ce souci du mot juste !
J'espère que, là, de bonnes idées sont passés...
Cordialement !",@michelkuhne5787,fr,
bnb6uANj8cI,Encore un qui a séché les cours de physiques au lycée,@tyrael280,fr,
bnb6uANj8cI,MERLENE OTTEY,@samihhawili9861,vi,
FxHh_OhrbtM,"Unfortunately this isn't the Olympics Fashion week. Attention is given to the number of medals you win, not how you dressed.",@arabesque2222,en,
FxHh_OhrbtM,"Mongolia's uniforms were beautiful.  I saw a brief news report and interview where they talked about how they designed the uniforms to be breathable, talked to the athletes about what they wanted, and worked in so many gorgeous cultural touches that made them unique.",@jenniferhanses,en,
FxHh_OhrbtM,I am Mongolian.❤,@TsogtdashNomuun,cy,
FxHh_OhrbtM,The Mongolians thought Olympic was a fashion competition.,@slumerville,en,
FxHh_OhrbtM,China going for the Austrian Air uniform 🇦🇹🇦🇹,@stevenr.rodriguez9997,en,
FxHh_OhrbtM,"try to search via google for  ”women dress style of qing dynasty“, guess what your can find?",@brettliu8131,en,
FxHh_OhrbtM,"I personally don't dislike the Chinese's.
I would put it mid-tier. Nothing special but at least it has a traditional accent.

Many others were worse, just plain track-looking suits.",@c342thedroid2,en,
FxHh_OhrbtM,"Just for the fact that indian 
Malaysian 
And Chinese uniform were designed by fashion designers I bet they were not the one😅",@Notsoinnocent-baji,en,
FxHh_OhrbtM,Hahah malaysia uniform will be remembered forever. thank to the bad design. at least someone recognised malaysia,@cyprian93,en,
FxHh_OhrbtM,It was wow. Superrrr awesomeness.,@ronron1388,en,
msJID0ymvMQ,He had a motor .... wanted to get a clean bike,@ivanciuvalentin543,en,cycling
msJID0ymvMQ,Bien joué les gars!,@stevenhagimont4204,fr,cycling
msJID0ymvMQ,The english comment is just 🎉🎉🎉 grz frm 🇧🇪🇧🇪🇧🇪❤❤❤😊,@PM.68,en,cycling
msJID0ymvMQ,❤❤❤ so proud of belgium. My country,@luisinhocuenta9496,en,cycling
msJID0ymvMQ,Superstar 🤩🤩,@amandalofts131,sv,cycling
msJID0ymvMQ,"imagine how Remco must’ve felt.. that finish, the pose, the cheers.. goosebumps",@mmmmmmmmmmmmmmmm4663,en,cycling
msJID0ymvMQ,"Notre Remco le meilleur dans son domaine, ont a pas fini d'en parler ❤❤",@josebara9155,fr,cycling
msJID0ymvMQ,change the bike at the end... classic from ebike trick.,@pratnama,en,cycling
msJID0ymvMQ,🎉🙌👏🏼👏🏼👏🏼,@sunnyventura1603,unknown,cycling
msJID0ymvMQ,"_ De la sauce piquante avec ça, Remco ?
_ Ouais, tu as raison.
Mais c'est qu'ils parlent français les bougres 😄😄",@The.R-EV18,fr,cycling
msJID0ymvMQ,"Mais c'est qu'ils sont aussi très forts, ces multilingues britanniques ! Cela les rend encore plus attachants. Très honnêtement parlant, même si l'ambiance est très humour et bon enfant comme chez Eurosport France, je préfère largement Eurosport GB pour le Cyclisme. Ces commentateurs, journalistes et consultants sont des diamants !",@tonybaihao4178,fr,cycling
AbzWblxXU7Y,"""Im bi-""",@pinkangelan57292,tr,
AbzWblxXU7Y,Episode?,@marvinthemaniac7698,ca,
AbzWblxXU7Y,It’s more like Milano-Cortina d’Ampezzo 2026,@pokemondragon4253,it,
AbzWblxXU7Y,Man I wanted to see the jeep,@Greninja1974,en,
AbzWblxXU7Y,Peter broke his balls on it,@artbox_7553,en,
AbzWblxXU7Y,Why a sniper,@krystalunderwood1839,en,
AbzWblxXU7Y,Who’s meg,@Im-Mr-America,en,
AbzWblxXU7Y,I dont know why meg really want her family to join,@koko_sponge,en,
AbzWblxXU7Y,What people don’t know is this is from the South Korea episode where Peter gets saved by Meg so nice try dumbass,@soap4340,en,
AbzWblxXU7Y,What episode is this?,@dontcallmeimkindabusy,en,
AbzWblxXU7Y,"Bro, they got it from the first episode holy",@CJL2012,en,
rZpUG_-SIn4,"Thank you guys from around the world..🙌😭
Really Appreciate it.🤜🤛😊",@user-vq1ys6rc7v,en,
rZpUG_-SIn4,ЭТО СУПЕР НО ПИАФ НИКТО И НИКОГДА ЛУЧШЕ НЕ СПОЕТ,@АНТОХА-л8ь,ru,
rZpUG_-SIn4,👏🏻 😘……,@kimhansen1888,unknown,
rZpUG_-SIn4,Perez Kevin Perez Robert Taylor Linda,@BejikParul,de,
rZpUG_-SIn4,Young Donna Jones Susan Clark Amy,@KimberlyTran-u9d,id,
rZpUG_-SIn4,💕💕💕,@ShkelqimBejko-dd9xi,unknown,
rZpUG_-SIn4,Mind blowing song and performance.  Bless you Celine.,@steffigavin9152,en,
rZpUG_-SIn4,What a terribly sad song,@dt6822,en,
rZpUG_-SIn4,❤❤🎉what a perfomance best everxx 1:51,@barbaracookson6944,en,
rZpUG_-SIn4,❤❤🎉what a lady exce 1:51,@barbaracookson6944,en,
3vFa2yzg7zA,Arshad didn't even look like he was trying hard😂. Bro didn't even run that fast and didnt even bend his body before and after throwing the javelin😂 That guy is something else.,@marim8798,en,rowing
3vFa2yzg7zA,That doesn't matter. If the javelin needs to go far beyond then velocity of Arshad with respect to ground should add up. That is the horizontal component of projectile motion. Arshad's javelin went far because it was thrown very close to 45 degree,@hihu7489,en,rowing
3vFa2yzg7zA,Arshad Nadeem did not break the world record...I believe he broke the Olympic record.,@dodoraptor8387,en,rowing
3vFa2yzg7zA,Neeraj ❤❤❤😊,@Divya-ws2lf,nl,rowing
3vFa2yzg7zA,1 billion plus ppl and not 1 gold 😂😂😂😂,@BlahNish,en,rowing
3vFa2yzg7zA,Nadeem broke the Olympics record only. Not world record.,@dineshkarthick8037,en,rowing
3vFa2yzg7zA,Neeraj Chopra looks like Winter Soldier.,@hussainaziz5587,af,rowing
3vFa2yzg7zA,The paki brought the gold…. India salty lmao,@afgcapoafgcapo4676,en,rowing
3vFa2yzg7zA,Congrats to all medal winners,@ajsuraj,en,rowing
3vFa2yzg7zA,Over confidence,@akashiyer1305,es,rowing
3vFa2yzg7zA,India's only hope for Gold also gone - Arshad Nadeem sets Olympics Record placed 6th Longest Throw in the History of World Record - When will Neeraj Chopra gain this popularity & Hope India must focus on Olympics rather Cricket or Bollywood. Pakistan leads India in an Paris Olympics Medal Tally.,@fitsports5464,en,rowing
ZVTshYPtbKw,🎉🎉🎉❤🤗,@user-gw9ls4fo3i,unknown,volleyball
ZVTshYPtbKw,I want to watch match germany men team he is the champ of the group how long broo ?,@nattakitrattana593,en,volleyball
ZVTshYPtbKw,"Sağlık olsun japonlar güzel oynadı, bizde 3.setteki performansımızı keşke başta gösterebilseydik o zaman belki sonuçlar farklı olabilirdi❤🇹🇷🇹🇷🖤",@busraisk9514,tr,volleyball
ZVTshYPtbKw,"I remember the Turkish team from 20 - 25 years ago, so sorry to see that this team is a shadow of what it used to be.",@sebnemb935,en,volleyball
ZVTshYPtbKw,"It's interesting the announcer was careful to try and give the native pronunciation for Turkey, but not Japan.",@zacharykithoran4058,en,volleyball
ZVTshYPtbKw,"Erkekler kızlar kadar olamıyor,kalıbınıza yazık",@Kadir34mr,tr,volleyball
ZVTshYPtbKw,Rezalet ötesi,@kaanpolat4031,hu,volleyball
ZVTshYPtbKw,2:41 Rui watching this :!,@fallenazrael5291,en,volleyball
ZVTshYPtbKw,"When Japan scored, the spectators were:🎉 Spectators when Türkiye scored:🤫🔇",@asy_mm,en,volleyball
ZVTshYPtbKw,I congratulate Japan from Turkey,@Yelkovan58209,en,volleyball
ZVTshYPtbKw,Turkey  sensin lan   hain,@kaanpolat4031,fi,volleyball
e7i9xAHZqd4,Hes hot I definitely would,@dtupaea4128,en,gymnastics
e7i9xAHZqd4,"Just, wow!!!!",@Pamflute1,en,gymnastics
e7i9xAHZqd4,❤,@user-hy8lc1hk9o,unknown,gymnastics
e7i9xAHZqd4,"He’s that nerd in the movie that becomes a hottie when he takes his glasses off, but in real life.",@GKFF9872,en,gymnastics
e7i9xAHZqd4,"This is why he was made for this sport. He treats it like a problem to solve, he is consistent and persistent.",@fairytale143,en,gymnastics
e7i9xAHZqd4,I was unaware of pommel horse. Thank you! Congratulations 🎉 ( Although I did get carpal tunnel of the shoulders watching you!!) 💪🌹,@user-mw2nh4ys4l,en,gymnastics
e7i9xAHZqd4,So many daddies,@aeroTnz,so,gymnastics
e7i9xAHZqd4,More he knows to add more difficulty for the 2028 Olympics,@OoOMonkeyCoFreakOoO,en,gymnastics
e7i9xAHZqd4,Stephen is a precious cutie patootie. America’s sweetheart ❤,@prettygirlpandora,en,gymnastics
e7i9xAHZqd4,"I love his double personality
So cute and adorable
And so focused and badass",@serenitynow85,en,gymnastics
OpPs55m0elA,Moi sur tekken quand je mets le joystick trop vers le haut,@P0weredGames,fr,
OpPs55m0elA,C'est en faisant n'importe quoi quand devient n'importe qui,@Xcalius987,fr,
OpPs55m0elA,"Avec S. Patrice, c'est pas triste ! 😁👍",@midaro99da99,ro,
OpPs55m0elA,Il a trop joué à Fortnite.,@Rhinochoc_production,fr,
OpPs55m0elA,"La joie simple de bondir avec son sabre à la main, comme dans les vieux films d'aventure qu'on imitait à la récré.",@gengis737,fr,
OpPs55m0elA,Si nos ancêtres chevaliers pouvait voir ça …. Je sais pas si ils rigoleraient ou bien ils pourfendraient ce maraude … 😅,@Alex-rl2gi,fr,
OpPs55m0elA,La différence c'est que les chevaliers se tuaient entre eux. Là c'est du sport on le fait pour s'amuser.,@Lafence,fr,
OpPs55m0elA,Ridicule,@indilove28,ro,
OpPs55m0elA,« Le petit oiseau »,@user-je8yv2sj3u,fr,
OpPs55m0elA,mdr le bunny hopping des jeux vidéos,@dart_,fr,
OpPs55m0elA,"Quand tu as envie de pisser rapidement mais que tu le montres de manière à gagner rapidement 😂🎉

Si tu es d'accord bombarde moi ce pouces.

👇",@LudoMediaTeam,fr,
EG-RT5bbS0Y,Eurosport vous êtes des pipes,@capucin1987,fr,
EG-RT5bbS0Y,Noob japan noob 😂😂😂😂😂,@katakurimochimochinomi131,tl,
EG-RT5bbS0Y,Eurosport est à la presse sportive ce que Closer est à la presse généraliste,@thucydidesse,fr,
EG-RT5bbS0Y,Pour ceux qui se cachent derrière une rafale de vent.... Aucun drapeau ne bouge.,@RamOuch-ty3ub,fr,
EG-RT5bbS0Y,Elle était sûrement entrain de penser à son planning pour aller à la tour Eiffel.,@user-hp9oy1tu2o,fr,
EG-RT5bbS0Y,Peut être qu'elle a été payée pour ça,@rachidmessaoudi7339,fr,
EG-RT5bbS0Y,oublie ? n'importe quoi,@Stuntm4n,fr,
EG-RT5bbS0Y,La meuf a oublié pourquoi elle etait la 😂,@FitnesscoachingBeggen,fr,
EG-RT5bbS0Y,"Vent ou pas, y a un moment faut quand même tirer.
Vaut mieux un peut être 0 qu'un 0 garantie",@Melpheos1er,fr,
EG-RT5bbS0Y,"Elle n'oublie pas,elle se rend compte qu'elle n'aura pas le temps de tirer ,si flèche tiré hors temps on enlève la meilleure flèche de la volée",@marcperol9706,fr,
EG-RT5bbS0Y,"Merci pour cette précision qui manquait, car effectivement, on se dit qu'il vaut mieux qu'elle lâche sa flèche au dernier moment même pour faire un 5, mais comme elle attend vraiment le dernier moment, si elle est juste hors temps en faisant un 5, elle perdrait 4 points (5+9 contre 9+9)",@jeromeauclair-ping5015,fr,
4BPJrtb8JrM,Enchanté avec cursed 8,@AMFUGO09,fr,
4BPJrtb8JrM,😂😅,@CelineHildenbrand,unknown,
4BPJrtb8JrM,concourir en sport en essayant de faire rire au lieu de faire parler le talent... typiquement Français...,@Thomas-ht2px,fr,
4BPJrtb8JrM,L' apertura dei giochi è stata un incubo!!!!.davvero.di.cattivo gusto.!,@maddadegiorgio,it,
4BPJrtb8JrM,Mais pkoi tout se que fait la France en ce moment est aussi dégueulasse ???,@warlolequilibriste5863,fr,
4BPJrtb8JrM,La honte encore une fois !!!!!!,@agthify,fr,
4BPJrtb8JrM,C'est moi où un bébé pleure à la fin ?,@docteurwoul2070,fr,
4BPJrtb8JrM,"Ça se veut créatif… ben c’est raté !
C’est tellement laid… alors qu on attend justement de la grâce et de la beauté…. Faut pas concourir si c’est pour présenter ce genre de programme.
Il ne faut pas se montrer aux yeux du monde!
Encore un de ces chorégraphes pour qui le laid est une religion.",@marypoppins9717,fr,
4BPJrtb8JrM,Très laid.,@marypoppins9717,ca,
4BPJrtb8JrM,flippant !,@remydius,fr,
JDpnCWRS6QI,This costume speaks nothing,@manishamaran2075,en,
JDpnCWRS6QI,Bore,@hindurajkharabe6076,en,
JDpnCWRS6QI,Sala hum pahari logo ka issa atcha dress hai😂😂😂😂😂😂😂😂😂,@Bikashsharma5677,tl,
JDpnCWRS6QI,Itna bada designer aur designs itne basic. It looks like costumes from a rental shop.,@thecolorpurple8655,en,
JDpnCWRS6QI,So the designer jst took a pen nd notebook nd designed it ....wt an effort 😂😂😂 rubbish,@Krsna12897,en,
JDpnCWRS6QI,Pakistan se bhi peeche medal tally me,@Look73689,id,
JDpnCWRS6QI,500 crore kharach karne ke baad bhi 1 Gold medal nahin la paaye.,@naveenbhardwaj3462,so,
JDpnCWRS6QI,Humein sharam aani chahiye 140 crore logon ka desh aur ek bhi gold medal nahin Jeet paye.,@naveenbhardwaj3462,id,
JDpnCWRS6QI,"Humein nhi chaiye bro system ko aano chaiye, gareebo ko roti toh mil nhi rhi medal kha se aayenge aur athletes ke saath treatment toh dekha he tha sbne",@Look73689,en,
JDpnCWRS6QI,"Not good in sports
Not good in designing clothes
Not good in olympics
Not good in maths or science Olympiad 
Not good in world cup cricket match
Good in hyping ambanis",@5-june,en,
JDpnCWRS6QI,Sports cloths should look like sports ..it's look like traditional diwali kurta dress...😮,@vikrampatil3380,en,
VM1RhvTdAxM,To have enough greens for thwir diets you need more land than for cows. How ironic.,@lauracastillo8733,en,
VM1RhvTdAxM,Embarrassing 😂😂,@simonmatthews3695,tl,
VM1RhvTdAxM,Everything was the worst NO AC HARD BEDS NO FOOD AND A DRaG SHOW! lol,@atthismoment3006,en,
VM1RhvTdAxM,I went to a university in France for 5 months the food in the Cafeteria was pitiful!  One day a wk they had beef tongue disgusting 😟 can u believe it?  How dare they do this to students,@monicaford5106,en,
VM1RhvTdAxM,Everything that Paris did is just to disrespect the athletes that worked their whole lives for this moment.,@justbecause3754,en,
VM1RhvTdAxM,For the people in the comments claiming plant protein will provide olympians with enough protein to sustain their excertion: name one olympian that is vegan. And no Raygun doesnt count.,@jedrzejowskia,en,
VM1RhvTdAxM,Potlucklympics,@classicclassi6146,en,
VM1RhvTdAxM,"They had enough money for demonic ceremonies, but can't clean the river or feed those people",@FerdinandFake,en,
VM1RhvTdAxM,French being french...,@liberide2192,de,
VM1RhvTdAxM,Simply save cost.,@HdHa-os3dn,en,
KMW1t1mvCHA,"Les journalistes me semblent de mauvaise foi, on voit clairement le gars faire une queue de poisson et gêner les autres coureurs.",@patrice2,fr,
KMW1t1mvCHA,Ils racontent n'importe quoi 😂😂😂,@Marseille13016,fr,
KMW1t1mvCHA,Quel esprit de merde de ce sportif. Je ne regarderai plus ces compétitions. Elles sont effectuées par des enfoirés. Aucun intérêt,@user-wg3id2sg4r,fr,
KMW1t1mvCHA,Un si beau moment 😂😂,@4420pitch,fr,
KMW1t1mvCHA,Mais quand c comme sa celui qui a pousser est éliminé non.  ?,@Hylona-kimora,fr,
KMW1t1mvCHA,Le rêve de Macron tout les soirs entrain de repousse la lfi 😮,@user-pi4sz2uc4e,fr,
KMW1t1mvCHA,Il est en tort a 100%,@senovillesenoville4194,fr,
KMW1t1mvCHA,"Oui mais il coupe devant ses adversaires, comment eviter le contacte !?!",@yacoubakamagate8881,fr,
KMW1t1mvCHA,"L adversaire a eu raison
 T as voulu jouer mon gars tu perds",@rayoflightshines,fr,
KMW1t1mvCHA,Il lui repasse devant comme un vier aussi ...,@syssou83136,fr,
vfrFn2GtFwg,VΜιλτοοοοοοοο!!!!!,@user-yj9jq7cq6u,el,
vfrFn2GtFwg,"Tentoglou is the no 1 athlete in the world.
What an athlete!!",@user-nc8oy7mk4t,en,
vfrFn2GtFwg,His teeth are giving hills have eyes,@babygirl88.,en,
vfrFn2GtFwg,Nice❤🎉,@merrybetisty7905,ro,
vfrFn2GtFwg,This athlete from which country,@HassanAhmed-cf2mn,en,
vfrFn2GtFwg,GREECE,@leoparduswiedii8714,de,
vfrFn2GtFwg,Turkiye,@jjhrkel,tr,
vfrFn2GtFwg,Miltos is simply the best!,@siriphone,en,
vfrFn2GtFwg,Love it!!❤,@jamesaaronmanarang,en,
vfrFn2GtFwg,It was his biceps they propelled him like a launch pad,@a_leaf,en,
vfrFn2GtFwg,Phryge 🥺,@user-sr1gi4fu4f,cy,
vfrFn2GtFwg,Awesome now he can buy a toothbrush,@concretenmyveins8403,en,
vfrFn2GtFwg,You need braces,@thebeatles1227,en,
vfrFn2GtFwg,😂😂😂😂😂,@sinanaldoori9829,unknown,
vfrFn2GtFwg,Fr,@Bjisamazing,nl,
vfrFn2GtFwg,​@@thebeatles1227un commentino malevolo ci voleva!!!,@auroracarloni3721,it,
vfrFn2GtFwg,"he can buy a toothbrush anytime,
but you can't buy a personality and that is a pity because you really need one.",@kangelidis,en,
-kMiJ41ZdSM,"I think I'm better than Myakumyaku, the mascot character of the Expo, which isn't doing well. By the way, I live somewhere in Japan.",@Apt-tk7yb,en,
-kMiJ41ZdSM,Okay imagine if red was brown...,@simontaylor9425,en,
-kMiJ41ZdSM,I thought it was an emoshit😅,@isabellerobitaille5915,en,
-kMiJ41ZdSM,Do they not remember the reign of terror?!  🤔,@sandraelder1101,en,
-kMiJ41ZdSM,Freedom cap,@svenbruder9977,en,
-kMiJ41ZdSM,BAN ISRAEL and RUSSIA from the games. The Olympics should only allow participants from nations supporting the cause of peace.,@OCIncognito,en,
-kMiJ41ZdSM,Awwww me dan ganas de comerlos a besos estás linduras o angelitos franceses que cayeron del cielo,@jihyo-hz7lb,es,
-kMiJ41ZdSM,Best mascot ever,@AliciaInNevada,nl,
-kMiJ41ZdSM,Some people are saying this is a cli tori's... More like a foie gras!,@danieldipalma704,en,
-kMiJ41ZdSM,Looks like something from the Angry Birds game.,@felixalbion,en,
WLbXkLYQrv4,Idk if this is true but now a days they take metal or silver and wrap it in gold leaf but it is real gold🤭,@Ur_pookiewookie,en,
WLbXkLYQrv4,"Ola amigo te mandei email para retirada do pedido de direitos autorais , já foi excluído seu vídeo! Agradeço demais , mais se não poder retirar o pedido ! Peço perdão pelo acontecido , te passei até email , pois you tube me passou para falar com vc, estou sem chão , eu preciso do meu canal, minha fonte de renda e diversão, mais uma vez perdão , seu vídeo já foi excluído , obrigado! E serei sempre seu inscrito!",@thomasmacedoamorim,pt,
WLbXkLYQrv4,🥇 I call BS. I don’t think someone can tell the difference between 4 g when you’re comparing two items that each way over 500 g.,@iMatti00,en,
WLbXkLYQrv4,It’s only 4 grams. I could see how someone would think they felt the same weight.,@Monica-ds8dc,en,
WLbXkLYQrv4,Maybe is not the weight but that we have a weaker arm that we use less so is less strong (and other people have same strength on both arms or can't notice the difference),@ivylol6378,en,
WLbXkLYQrv4,... Why is someone dressed as a tree?,@daveyg34,en,
WLbXkLYQrv4,Torri Huske is cute!,@freewillness,en,
WLbXkLYQrv4,OMG TORRI I LOVE UUU❤❤❤,@PrincessReddd,en,
WLbXkLYQrv4,Hold on so they ain't full gold it gold plate hell nahhh these people give their lives for them medals only for it to be gold plate,@charlievalentine2220,en,
WLbXkLYQrv4,Oii,@IzzydizzyYT,fi,
CRQ1UKd9u6g,This is truly unbelievable 😂😂😂,@johnthompson5497,en,
CRQ1UKd9u6g,Earthworm on salt.,@Killersushiofficial,en,
CRQ1UKd9u6g,"I see white people power , this is white power ,so fight the power this shit is scary.😮",@RochaeHolly,en,
CRQ1UKd9u6g,So let’s be clear and I’m speaking to the true dedicated Breakdancers of Australia 🇦🇺 men male and female of all ages can you please honestly say she is the best in your entire country?,@richarddavis17,en,
CRQ1UKd9u6g,"Shes doing the seizure routine. I can see why thwy turned away actual good dancers, they couldn't do the bunny hop, the fish on the floor outta water, or the seizure moves.",@Silenced23,en,
CRQ1UKd9u6g,Clown show,@rossi461,en,
CRQ1UKd9u6g,Im left with more questions than answers..,@ArnieJames666,en,
CRQ1UKd9u6g,Her competitor did 1000 better with more skill. she didnt finish her moves and flailed her arms around like a dead fish. totally rigges competition. she shouldnt have beat the other girl with this crap.,@Nekobaby,en,
CRQ1UKd9u6g,"Also, look up Molly Chapman and see who they bypassed for this crap.",@Nekobaby,en,
CRQ1UKd9u6g,I think she fixed for her to go to the Olympics,@RB-zs5gq,en,
CRQ1UKd9u6g,really........Australia must be. desperate,@RB-zs5gq,en,
uQu5Hxd9k1w,Tokyo❤❤,@user-ev6wq9td9o,sw,
uQu5Hxd9k1w,"Bhla ho para atheletes ka, jo yeh medal hamari country me bhi aaye wrna normal atheletes ne toh duba hi Diya tha..",@Danish_khan12392,en,
uQu5Hxd9k1w,Are these Ryan Murphys medals,@PP-3b2ox,en,
uQu5Hxd9k1w,❤❤❤❤❤❤,@freeformcklok9862,unknown,
uQu5Hxd9k1w,It looks delicious 🤤,@Dont_check_description.,en,
uQu5Hxd9k1w,La peor medalla es la de parís 😮,@anacruzlugomagallanes6155,es,
uQu5Hxd9k1w,Yuwan ke medal,@Bittu-ce9ou,id,
uQu5Hxd9k1w,And rust tooo.,@ecotech2991,et,
uQu5Hxd9k1w,OLYMPIC CHAMPION 🥇🇺🇸,@Glare469,pt,
uQu5Hxd9k1w,See you on the podium in 2032,@aeshavasani3291,en,
O7CYbDkhhoY,Steyr vs Morini,@baiadassurpresas4537,sv,cycling
O7CYbDkhhoY,"Perfino lo ""sputo in lungo"" sarebbe più sport di questo.",@robbinud9555,it,cycling
O7CYbDkhhoY,OMG only 1 shot ? why ?,@mishapah,en,cycling
O7CYbDkhhoY,"Tan sólo han mostrado el disparo final, estaban empatados antes de este último disparo",@lupas1143,es,cycling
O7CYbDkhhoY,❤中国🇨🇳👍🏻👏,@helenyinau-yeung3837,zh-cn,cycling
O7CYbDkhhoY,Es ist ebend kein Uwe Potteck mehr da .... aber Glückwunsch an die Sieger,@Raknieb49,de,cycling
O7CYbDkhhoY,Gold für Reitz Tokyo 2020 mit OSP?,@mrb771,de,cycling
O7CYbDkhhoY,Doping - China in front! You like hamburgers?,@paulpanther5030,en,cycling
O7CYbDkhhoY,ur m0m is a 304,@bjolsen1992,lt,cycling
O7CYbDkhhoY,@@bjolsen1992 ur mom is 0815,@paulpanther5030,no,cycling
O7CYbDkhhoY,Doping? in air pistol? Lmao what,@yellowcactustvz4929,tl,cycling
O7CYbDkhhoY,"@@yellowcactustvz4929 and what is them, who shots? China and Russia, great nations of doping!
I have rest of the soup over, that the swimmers allegedly got 2021 in the hotel, they are never been in.",@paulpanther5030,en,cycling
O7CYbDkhhoY,@@yellowcactustvz4929 What is about the shooter? Russia and China! The greatest nations in doping!,@paulpanther5030,en,cycling
O7CYbDkhhoY,"""italy"" WHAT A JOKE!!!! CHINA IS THE BEST!!!!!!!!!!!!!",@tomziom3642,en,cycling
O7CYbDkhhoY,"Look at Italy's or Serbia's size compared to China, they're 20 Times smaller but smoke China with the air pistol.",@mrb771,en,cycling
O7CYbDkhhoY,CHINA IS THE GOAT!!!!! GOGOGOGO CHINA!!!!!!!!!!!!!!!!!!,@tomziom3642,en,cycling
O7CYbDkhhoY,We want pistol duelling back:D,@stavrosdenbeagel5676,en,cycling
O7CYbDkhhoY,Bravo!,@n.m.5744,sk,cycling
tkHWkvRr7Ac,Congrats to all the winners,@SableHubTV,en,athletics
tkHWkvRr7Ac,Sifen  must  totaly disqualified  !!!!!!....,@SiyoumTessfa,en,athletics
tkHWkvRr7Ac,She got cut off. You cant block someone's path of running. Her opponent should've given her a little space.,@RS-zp1we,en,athletics
tkHWkvRr7Ac,Bye Felicia,@rayfactor1236,es,athletics
PYSLYZBm5u8,It's  giving kallmekris vibes,@GabrielleHarris-m9u,da,heptathlon
PYSLYZBm5u8,"As soon as she done this throw, she should have done the brake dancing as well and won gold😂",@erikscrase579,en,heptathlon
PYSLYZBm5u8,Now im curious how far she threw. It didnt look very powerful.,@wvonk9636,en,heptathlon
PYSLYZBm5u8,😂😂😂😂,@onaona.,unknown,heptathlon
PYSLYZBm5u8,10/10,@sebastian-mn6vt,unknown,heptathlon
PYSLYZBm5u8,why women earn less,@SixDasher,en,heptathlon
PYSLYZBm5u8,You should be DJ-ing for the Olympics 2028 ....,@wamboieverlynewanjiru240,en,heptathlon
PYSLYZBm5u8,"""Javelin Jack Spearo""
""There should be a captain in there somewhere""",@jollyturtles1444,en,heptathlon
PYSLYZBm5u8,Don't copy others video sh*t,@Lana-t1y,en,heptathlon
PYSLYZBm5u8,I love it😂🙏,@sagarpawar132,sl,heptathlon
y8j5fQzxwM8,Ur my inspiration for high jump,@Ejejjfke24wkek2ii3,en,
y8j5fQzxwM8,"Fly Stefan fly
Show us a spirit
That burns so bright",@jjhrkel,en,
y8j5fQzxwM8,феномен,@user-vb4su6ds7y,ru,
y8j5fQzxwM8,😳. Unbelievable!,@jolofreebird3475,da,
y8j5fQzxwM8,"Totaly one and only Stefan Holm ❤ Love this performance. I respect him for his unwavering character, his self-confidence. He told the whole world with his jumping: Yes I can!❤🎉",@HaloZiemia365,en,
y8j5fQzxwM8,Dude that is crazy WOW,@TonyJenny-yy2qm,en,
y8j5fQzxwM8,"Olimpiade Tokyo medalinya berbagi,antara atlet Qatar dan Itali",@juniartoponur2908,id,
y8j5fQzxwM8,I cannot comprehend how a Swedish dude managed to be too short for any sport at all😂,@saptarshimukherjee6717,en,
y8j5fQzxwM8,Nice,@merrybetisty7905,ro,
y8j5fQzxwM8,Wow,@souravgope6726,pl,
USIts9Isa_I,Did anyone see in the other short she asked jenny hoyos where the entrance was?,@cats_and_dogs_of_Nauiyu,en,
USIts9Isa_I,What the sigma 😂,@Zoey-d7s,en,
USIts9Isa_I,the ad that i like to see ❤❤,@ShailiSavior,en,
USIts9Isa_I,Love the outfit,@BaileeHadden,en,
USIts9Isa_I,😂,@harinderkumardhiman6832,unknown,
USIts9Isa_I,Not her eating her lip gloss while putting it on,@Macimoo122,en,
USIts9Isa_I,"hey 
did you know someone married with eifell tower 
her name is Erika labrie",@savannahfeliciano,en,
USIts9Isa_I,Do you lev inn Frans 😊,@ArneSkulstad,fr,
USIts9Isa_I,I'm not trying to be mean but you are just bragging,@annasteegriffith1348,en,
USIts9Isa_I,Gurl u need to do ur skincare got me rolling on the flloor,@SanSatter,en,
mGttK_X4mJY,"la estatura no tiene nada que ver incluso hay enanos que ganaron talla mas alta en paralimpicos .si dices que no puedes estas restrigiendo lo que puedes hacer o haras""  , acepten su estatura y no por ello se deben comparar velo como una meta a seguir y veras resultados en tu procesos",@vintripu6000patupamu,es,volleyball
mGttK_X4mJY,"Así es la nueva generación les vale poco ganar, solo fueron a pasearse, Cecilia Tait tiene razón estaban gordas de no hacer los ejercicios pa q estén en forma. Muy triste",@patriciablackmon6764,es,volleyball
mGttK_X4mJY,Nombre de la chinita peruana 18?❤,@humbertovilcaatamari8802,es,volleyball
mGttK_X4mJY,Brasil el mejor de todos,@yurilinero6402,es,volleyball
mGttK_X4mJY,En el peru hay tanto talento para el voley pero no buscan en todos los rincones del peru sino nadamas en lima 😅😅por eso estamos asiii,@BrandoHuamani,es,volleyball
mGttK_X4mJY,Спасибо вам огромное за эту трансляцию по волейболу. Я конечно же болел за Перу. Но после второй партии я уже понял что девочки проиграют. А так они все большие умнички. 🥈🥉🗿😙😚😗😘🥰😍😇😎👄👁️🌹🚲🌍🏖️🍇👏💛❤️🧡🩵💚🩷💙💜💖,@user-dl8pi7mj7q,ru,volleyball
mGttK_X4mJY,As peruanas tem caras de india 🇵🇪👩🏾,@ronysp875,pt,volleyball
mGttK_X4mJY,Falta talla 1.90 M promedio buena alimentación coordinación se debe mejorar en 15 años arriba Perú!,@Rodo-z6f,es,volleyball
mGttK_X4mJY,6 brasil TRans ---- ?,@ocramxillo7,pt,volleyball
mGttK_X4mJY,As peruanas tem caras de india 🇵🇪👩🏾,@ronysp875,pt,volleyball
mGttK_X4mJY,El Perú de Natalia Malaga fue uno de los mejores! Este si da pena ajena 😢😢😢,@ayleenfiorella813,es,volleyball
0KLFyI6byIM,She looks like Hollywood actresses cubbie samulders very much,@teamcr7ff523,en,
0KLFyI6byIM,Хохлобандэра,@user-hl9jt1vu4p,ru,
0KLFyI6byIM,عجب دخترایی ❤❤❤❤❤❤❤❤❤❤❤❤,@زهیر-د3ش,fa,
0KLFyI6byIM,Mahuchikh My Hero 🥇🥇🙏🇱🇰🌩🌦,@milroynishantha3216,de,
0KLFyI6byIM,Weltrekord wurde in Paris beim Diamond League Meeting 3 Wochen vor Olympia 2024 gesprungen!🤔,@WernerWinkler-yj5ci,de,
0KLFyI6byIM,hermosa 😘,@jhonyhbfan1283,hu,
0KLFyI6byIM,А красавица какая!❤❤❤,@jannaerlich6544,ru,
0KLFyI6byIM,Knew it would happen one day. She is one amazing athlete.,@andrewsarmiento1523,en,
0KLFyI6byIM,... beautiful in many ways :),@ScottCompton-qh4rr,en,
0KLFyI6byIM,She is nice sexy how is it name and family?,@HamedYari,en,
m13E6Nv6QdE,Go girls,@666like.Hi.com.B,tr,cycling
m13E6Nv6QdE,😂😂😂dal pal ragas,@ALLENPERSIAGIL42,id,cycling
v5Pb81YYMMo,"On s'en fiche, on est champions olympiques pour la 2e fois 😬",@fanijuloo4244,fr,
v5Pb81YYMMo,"Les doubles touches en reception sont maintenant autorisées au volley (triple je ne l ai jamais vu et ce n est pas prevu dans le reglement) et il n y a pas de penetration si une partie du pied est sur ou au dessus de la ligne centrale, à condition de ne pas gener l adversaire ( là c est le cas).",@davidleclerc9106,fr,
v5Pb81YYMMo,"Évidemment comme c’est la France, c’est de la triche 😂😂",@jacquesnicolas9650,fr,
v5Pb81YYMMo,Pas faute sur réception (1ere touche d equipe) ok. Perso moi la passe du 16 (le passeur a priori) je siffle porté... Mais bon y a pas scandale,@olivierbernard3498,fr,
v5Pb81YYMMo,Sa fait polémique car c'est l'équipe de france ça aurait été une autre équipe on en entendrait pas parlé autant...,@nonomacdonoob9436,fr,
v5Pb81YYMMo,Pourquoi scandale aux volley j'ai rien vu de photos bonne soirée à tous,@mariedoloresandujar6214,fr,
v5Pb81YYMMo,"l'allenatore Giani è una persona onesta, che avrebbe concesso il punto in caso contrario",@Benito-on2we,it,
v5Pb81YYMMo,Strictement rien compris a cette video,@geraldlgq9436,fr,
v5Pb81YYMMo,"En tant qu'italien, je vous assure la dernière fois que j'ai vu ça se passer ç'a été quand j'avais 11 ans entre amis 😲",@tm75_88,fr,
v5Pb81YYMMo,Et qu'est-ce qui s'est passé?,@InDaGreen,fr,
v5Pb81YYMMo,"C’est pas du tout, un scandale, c’est tout à fait normal, c’est le règlement la même faute a été sifflée en demi-finale contre les Français",@kikidubinks67donoxthug16,fr,
p80NGGjLz7E,Умница счастья успехов ❤,@user-nl3kt6pw8z,ru,
p80NGGjLz7E,Ofarin singlim🎉🎉🎉🎉🎉,@LyxxylyxlxylxFkjfhfu,tl,
p80NGGjLz7E,Зур гап йук❤,@temurabdullayev629,uk,
p80NGGjLz7E,❤❤❤❤❤❤❤❤❤❤❤❤❤❤❤❤❤❤❤❤❤❤❤❤❤❤,@GayratKiliav,unknown,
p80NGGjLz7E,😮😮😮😮😮😮😮😮😮😮😮😮😮😮😮,@GayratKiliav,unknown,
p80NGGjLz7E,Ажойиб. Яна бундан да баланд марраларни кутиб коламан,@МаликаХакназарова,bg,
p80NGGjLz7E,Девонавор. Мухлисш хастам❤❤,@Сабрина-щ7н,ru,
p80NGGjLz7E,❤❤❤,@QoziboyToshqulov,unknown,
p80NGGjLz7E,Маладес диёра узбек сило 🇺🇿🇺🇿🇺🇿 олга перёд,@AsjsjshshJajsjssjs,bg,
p80NGGjLz7E,👍👍👍👍👍,@xamzaabdukarimov,unknown,
GjiNiMDNE5U,Les missiles qu’ils s’envoient…,@borugby,fr,
GjiNiMDNE5U,"Plus que ces succès..
Jouer en porte plume.. Même le Chinois ne le font plus.
Un gros 👍 pour Félix ❤",@happyti.g1019,fr,
GjiNiMDNE5U,Ca ping et ça pong.,@dominiquegerault9760,tl,
GjiNiMDNE5U,Il va renverser la planète ping et sera bientôt numéro un mondial devant l'Asie,@user-xg6ub1of7e,fr,
GjiNiMDNE5U,Faudra m'expliquer l'intérêt de montrer en premier la 5e pour ensuite passer les 4 premières et montrer de nouveau la 5e balle de match,@Bien_se_passer_tkt_pas,fr,
GjiNiMDNE5U,Ce gars est incroyable 🤯🤯🤯,@JojoCutrupi,fr,
GjiNiMDNE5U,le plus jeune medaillé olympique de l'histoire du ping le futur goat,@JesseWhite10,fr,
GjiNiMDNE5U,"Les frères Lebrun, nous ont fait rêver de ouf, dans 4 ans, les chinois vont souffrir et c'est bien ... Merci pour ses jeux divin, ils n'ont pas eu la médaille d'or, mais c'est comme ci...",@eleonoremythlya9305,fr,
GjiNiMDNE5U,On se rend pas compte des parpaings qu’il lui envoie,@kevcc_,fr,
GjiNiMDNE5U,Un monstre en puissance notre Félix ❤,@user-uq8rg5ye3l,fr,
m13E6Nv6QdE,Go girls,@666like.Hi.com.B,tr,cycling
m13E6Nv6QdE,😂😂😂dal pal ragas,@ALLENPERSIAGIL42,id,cycling
tfevLUYOxoY,❤❤❤❤😊😊😊😊,@xafizaabdullaeva8371,unknown,
tfevLUYOxoY,alhamdulilah sembuh 💪💪💪💪,@antohoeds304,id,
tfevLUYOxoY,"They love you ,",@patricialacroix1645,en,
tfevLUYOxoY,I love your songs 🎵 ❤️ 💕 ♥️ ❤❤❤❤❤❤❤❤❤❤❤❤❤❤❤❤❤,@PaulineKinrade-br5wg,en,
tfevLUYOxoY,"Až se podepíše, vraťte ji zpátky do sarkofágu. Děkuji. 🙄",@joseflesov1128,cs,
tfevLUYOxoY,Wownhallelujah God is love forever your life you are good.peoples not dedtroyed other other jesusndislife your bad person jesus hear your voice now? Gods giving joy  your heart no peoples destroyed your life' are you hear your voice from jesus?,@caringslowly8016,en,
tfevLUYOxoY,Thanks for filming hairs,@SimonFrieling,en,
tfevLUYOxoY,"神は💫彼女の戦う力を信じ、祝福を与えてくれました⛪🙏
godの力を💫感じました🙏
尊く、清らかな✨歌姫💫🌻💐
お帰りなさい😃💓
thank god for today🌻
beautiful voice🎼
we love you forever(""⌒∇⌒"")💐",@user-bb5qv6zq8y,en,
tfevLUYOxoY,she changed ma vie,@a0b0,en,
tfevLUYOxoY,La gentillesse même 😊❤,@rodolphealaux6168,fr,
SVAi-yxvdEw,Pakistan won it,@KhizarHayat-m5h,tl,
SVAi-yxvdEw,❤❤❤❤😂,@babyyoda1081,unknown,
SVAi-yxvdEw,Congratulations !!!!!!!!!!!!!,@AidenLiao,en,
SVAi-yxvdEw,"Olympics should be banned from being held western cities 
what about holding Olympics in poorer countries  - cities with money pooled  by the “ richer” ones 
Each Olympics will boost infrastructure there",@maheshm5463,en,
SVAi-yxvdEw,Unboxing an olympics gold medal💀,@ZulquarPlays0207,en,
SVAi-yxvdEw,How the eivel tower looked like now: 🧀,@mr_rblx_shrts,en,
SVAi-yxvdEw,At least he did not annoy me with a sponsorship,@georgiaram1465,en,
SVAi-yxvdEw,THAT SHITS GOATED WOW WHAT WHAT WOW WTF!!!!,@MurderHornetGD,de,
SVAi-yxvdEw,Thats A NICE Secret,@MurderHornetGD,en,
SVAi-yxvdEw,Gold medal isn't gold anymore,@piotrk3911,cy,
XS717oc_8T4,Harris Donna Young Anthony Lopez Cynthia,@DonaldParrino-r5m,en,
XS717oc_8T4,The worst Olympics Ceremony in the History of the Games!,@St.MichaelPrayforus,en,
XS717oc_8T4,"The opening ceremony was great ! Lot of french history, french arts. Foreign tv had memos to explain each scene but they preferred not to even read those. Sorry for you",@brigittelacour5055,en,
XS717oc_8T4,Huehue louuuuuvre,@J.beenhim_,fi,
XS717oc_8T4,Got the Chicago derozan jersey when he’s not on the team anymore😂,@GoldenGreatnessHD,en,
XS717oc_8T4,28:51 Lilo just woke up my dogs. Now they are looking for this 3rd invisible dog.,@Dragon-ue9ze,en,
XS717oc_8T4,1:21,@hamza-chaudhry,unknown,
XS717oc_8T4,I'm so jealous,@hamza-chaudhry,sl,
XS717oc_8T4,Nice!,@derekmagoc6639,ro,
XS717oc_8T4,Says his travelling alone to share a room with his wife 😂,@adamlee96,en,
Oq69OR1hVqY,Orange are fresh in real life,@isaacsturgess,en,boxing
Oq69OR1hVqY,"the orange ones, NO!  Grey, they're ok.",@Andre.Dirrell,en,boxing
Oq69OR1hVqY,They are indeed ugly af,@jesush.montero8332,en,boxing
Oq69OR1hVqY,"Ew, what the heck is that? That orange design does not look good at all. The grey design is better than the orange, but still bad imo...maybe if they made the sole all black, instead of black/orange. Anyways, what are they thinking?",@AniWho268,en,boxing
Oq69OR1hVqY,I rather wear socks,@iaido01,en,boxing
Oq69OR1hVqY,I second that.,@AniWho268,en,boxing
y8j5fQzxwM8,Ur my inspiration for high jump,@Ejejjfke24wkek2ii3,en,
y8j5fQzxwM8,"Fly Stefan fly
Show us a spirit
That burns so bright",@jjhrkel,en,
y8j5fQzxwM8,феномен,@user-vb4su6ds7y,ru,
y8j5fQzxwM8,😳. Unbelievable!,@jolofreebird3475,da,
y8j5fQzxwM8,"Totaly one and only Stefan Holm ❤ Love this performance. I respect him for his unwavering character, his self-confidence. He told the whole world with his jumping: Yes I can!❤🎉",@HaloZiemia365,en,
y8j5fQzxwM8,Dude that is crazy WOW,@TonyJenny-yy2qm,en,
y8j5fQzxwM8,"Olimpiade Tokyo medalinya berbagi,antara atlet Qatar dan Itali",@juniartoponur2908,id,
y8j5fQzxwM8,I cannot comprehend how a Swedish dude managed to be too short for any sport at all😂,@saptarshimukherjee6717,en,
y8j5fQzxwM8,Nice,@merrybetisty7905,ro,
y8j5fQzxwM8,Wow,@souravgope6726,pl,
euBbP3B4_k4,This is delicious Gaga,@MsShellectable,en,
euBbP3B4_k4,"Aya Nakamura was just 🥵🥵🥵…. MWAH CHEFFS KISS 😚👌🏽👌🏽👌🏽👌🏽

would love to see you do more of her style breakdown (music vids interviews red carpet, ANYTHHNG tbh) !!! she’s always so stunningly dressed",@desigirl567,en,
euBbP3B4_k4,Bio pic does not rhyme with myopic.,@lpeterson2336,en,
euBbP3B4_k4,##freepalestine #fromtherivertotheseapalestinewillbefree #alleyesonrafah #freecongo #freesudan,@julianahaynes4095,en,
euBbP3B4_k4,Insert cawing eagle noise but with a Connecticut accent 🎯💀,@michellesassouni2863,en,
euBbP3B4_k4,Thats some turnout fadhions!! Great looks colors style  etc !!!!!!!!! Impressive!!,@MaryBarrett-ez1sm,en,
euBbP3B4_k4,Bi-OP-ic?,@Sam-lc6vh,ro,
euBbP3B4_k4,Lady Gaga looks like scar jo here,@remij9592,et,
euBbP3B4_k4,"Who else here follows the menswear guy on Twitter and has opinions on the fit of that beige suit? 
(It's too small - you can see it pulling!)",@iloveprivacy8167,en,
euBbP3B4_k4,Was that Pau GASOL?????,@Killuasmom_,en,
9CX1GJB3wdI,"ABOUT LAST NIGHT | Paris 2024 Olympic Games edition ➤ https://bit.ly/4duIrRH
Road to Paris 2024 Olympic Games  ➤ https://bit.ly/3VrYzxh
Top Videos - World Aquatics ➤ https://bit.ly/3w9qYyc
Swimming World Records ➤ https://bit.ly/3UtpMPR",@WorldAquatics,en,swimming
9CX1GJB3wdI,That was brilliant.,@southsun1149,en,swimming
9CX1GJB3wdI,It’s my favorite team 👍✨ viva Espania 😊🇪🇸🏊🏻‍♀️🏊🏻‍♀️🏊🏻‍♀️🏊🏻‍♀️🏊🏻‍♀️🏊🏻‍♀️🏊🏻‍♀️🏊🏻‍♀️,@zelanfouturomance8582,ca,swimming
9CX1GJB3wdI,WOW... the coordination underwater for the lifts is mind boggling!,@sneakerphotgrapher,en,swimming
9CX1GJB3wdI,Traducir,@HernanQuilo,es,swimming
9CX1GJB3wdI,Trsducir,@HernanQuilo,es,swimming
9CX1GJB3wdI,"Carmina Burina uns de mes opéras favoris, belle association avec Eminem, le  Ballet est très réussi",@carinelallemand7365,fr,swimming
9CX1GJB3wdI,If this is bronze I would hate to see gold. I have a new love for this sport absolutely amazing routine,@user-vy4dv5fl6q,en,swimming
9CX1GJB3wdI,I am convinced artistic swimmers are un-drownable. 😮,@nickim270,en,swimming
9CX1GJB3wdI,"Eminem was not at the judges taste,this is why Spain fidn't get the gold.😂😂😂😂😂😂😂😂😂😂😂",@salmakadiri2349,en,swimming
dSW5c9wzCtw,Good! You deserve it! 😁,@kristindewitt9059,fr,
dSW5c9wzCtw,🤣🤣🤣🤣,@healthandwealthdiva,unknown,
dSW5c9wzCtw,😂😂😂,@MilFerrei,unknown,
dSW5c9wzCtw,You made me laugh! That was a great and comfortable dive! I’m doing the same dive right now! 😂,@mylanallen2120,en,
dSW5c9wzCtw,Sweet^^,@josiproposi,af,
dSW5c9wzCtw,"""10.0"" Stuck the landing😂😂",@PattyYopp,en,
dSW5c9wzCtw,"So you're telling I could have been an olympian. 2028, here I come😂",@lilygibson1761,en,
dSW5c9wzCtw,10  10  10,@jw6180,unknown,
dSW5c9wzCtw,How is possible to be so friggen adorable as a person??! Sweetest people.💝,@flowertree2732,en,
dSW5c9wzCtw,Perfect score!!!,@dianeblajsa1762,en,
vpApCz0i-z4,"Que grandes nuestros españoles
Que orgullo frente al resto del mundo🎉❤",@consueloflores7261,es,cycling
vpApCz0i-z4,Ein toller Kerl vamos rafa❤❤❤❤❤❤,@OliviaBeetz,sv,cycling
vpApCz0i-z4,Nadal feat. Zidane= Naftal? 💾⛽🖤,@unsurprisable,en,cycling
vpApCz0i-z4,NOVAK No1,@brankoadamovic3252,vi,cycling
vpApCz0i-z4,"Sistem odavno ne radi
 Samo zapadnjačke polupismeni osobe  žive u svom sistemu u kome retko drže knjigu u rukama",@radmilajevremovic1736,hr,cycling
vpApCz0i-z4,NOVAK❤❤❤💪,@kovamalovic5795,vi,cycling
vpApCz0i-z4,Znaju svi ko je najtrofejniji  teniser na svetu,@radmilajevremovic1736,hr,cycling
vpApCz0i-z4,"Новак није у систему,никад неће носити пламен и посебно ми је драго због тога.",@sufalc5454,mk,cycling
vpApCz0i-z4,❤️❤️🎾♡ 🙋👩‍🦲♡ ⚽️❤️❤️,@carole-annedekalbermatten9451,unknown,cycling
vpApCz0i-z4,VAMOOOOOOSSS MAESTRO! VAMOOOOOOOOOOOOOOOOOOOS RAFAAAAA 💪🏻🎾🇪🇸❤️THE KING 👑,@cesarfernandezlopez5063,de,cycling
vpApCz0i-z4,Ban israel,@RIZKYIRELAND,id,cycling
F4dTDE5mmmc,C'est un grand homme c'est un dieu,@franckgousse9731,fr,
F4dTDE5mmmc,"Tant que marine lepen est sa bande ne passerons pas au pouvoir, il y aura des talents.",@joegale5783,fr,
F4dTDE5mmmc,Un esprit bien dans un corps sain.🎉,@user-tb6hr3fq6g,fr,
F4dTDE5mmmc,Bravo 🎉🎉🎉,@user-jn3rl9rd5o,sk,
F4dTDE5mmmc,Vive la guadeloupéenne bravo Tedy,@marcillaudwilhelm442,fr,
F4dTDE5mmmc,"La classe ! Trop régulier, rapide comme un éclair, une légende notre Teddy! Merci du fond du coeur ❤",@Filou1508,fr,
F4dTDE5mmmc,Trop facile pour teddy,@90827azerty,en,
F4dTDE5mmmc,Le japonais s'est fait battre comme un débutant,@90827azerty,fr,
F4dTDE5mmmc,Teddy Winer......,@JeffdeBlois,cy,
F4dTDE5mmmc,Mes moi j’ teddy rinner,@ludibrane7281,cy,
Kh62qCPA7rk,LeGandhi,@Triple_KKK_3030,sq,cycling
Kh62qCPA7rk,LeYoda,@noahisuku5338,cy,cycling
Kh62qCPA7rk,Obi Wan Lebron,@RopeRage,de,cycling
Kh62qCPA7rk,The Legend,@franaldo93,en,cycling
Kh62qCPA7rk,You mean before getting carried by curry fried chicken,@mims7829,en,cycling
Kh62qCPA7rk,Nope,@gonzaloramirez7134,en,cycling
CIbOzbhuFms,"L'ha vinto con quella uscita perfetta!!!
Brava!! 👏👏❤️🇮🇹🥇",@tm75_88,it,cycling
CIbOzbhuFms,Meravigliosa 🇮🇹,@leonardociucci8922,it,cycling
CIbOzbhuFms,Bellissima la reazione nel momento in cui realizza di aver vinto. Bravissima Alice!!!,@arzi71,it,cycling
CIbOzbhuFms,"1 Alice D'Amato 🇮🇹
2 China 🇨🇳
3 Esposito Manila 🇮🇹",@leonardo718,it,cycling
CIbOzbhuFms,"Hi, how are you?😊",@StephenDaSilva,so,cycling
CIbOzbhuFms,Alice D'Amato / Italy 🔝✌😍,@ilCALABROneITALYano,en,cycling
CIbOzbhuFms,Ma che bravissima..!,@giancarlocrisciotti7747,it,cycling
CIbOzbhuFms,🎉,@yleniachimetto299,unknown,cycling
CIbOzbhuFms,Bravaaaa❤,@luciaiiiii,et,cycling
CIbOzbhuFms,So happy for you all ladies🎉❤❤I had to search the YouTube to watch the medal ceremony. BBC _ no,@leylacaliskan9604,en,cycling
sWMREf3mk50,"Great video, I love how fake your life is! Please keep sharing!",@royw9522,en,
sWMREf3mk50,❤❤❤❤❤❤❤😊😊😊💯🇺🇸👏🖖,@cjp592,unknown,
sWMREf3mk50,I guess They don’t start gymnasts forever…,@markb6158,en,
sWMREf3mk50,Love y’all’s channel!! God bless you and your family!! Thanks for all the positivity!!!!! 💛💛💛💛💛💛💛💛,@autumnthiergart1146,en,
sWMREf3mk50,❤❤❤,@user-ws4tg7ov1q,unknown,
sWMREf3mk50,Awesomeness 👍🏽👍🏽,@donnaworley5076,en,
sWMREf3mk50,My favourite family on this planet ❤❤❤,@virapiddubna9802,en,
sWMREf3mk50,"I watched the Olympics practally 24/7. During the gymnastics' I  fully expected to see you somewhere, in the stands or on the interview parts. Why were you not shown or interviewed? That would have been a highlight o see. I would have loved. I follow you as much as health allows. God bless you and your family. ❤",@merrisexton9590,en,
sWMREf3mk50,I unsubscribe to you because you both are on TikTok!!!,@maureencallanan7439,en,
sWMREf3mk50,❤❤❤awesome,@sandralee6714,af,
CwzjlmBLfrQ,"Performing his work, but not a single mention of Vangelis",@ahd9084,en,
CwzjlmBLfrQ,12 years and this guy still tickles my funny bones.,@zoolander7201,en,
CwzjlmBLfrQ,"Excelente humorista inglés, Mr. Bean.
Soy una admiradora de su talento .😅😅😅",@CristnaGeier,es,
CwzjlmBLfrQ,Mr Bean is the Goat,@TheChosen2216,en,
CwzjlmBLfrQ,Anyone in 2024,@Ashdonnyandkiki,tl,
CwzjlmBLfrQ,Is anyone there 2024,@renjijoyy,en,
CwzjlmBLfrQ,NAHHH,@harrisonhercock20134,vi,
CwzjlmBLfrQ,He is the only who carry the legacy of charlin Chaplin ❤❤,@UtkarshNarayan-mo2ux,en,
CwzjlmBLfrQ,The story MrBean's grandfather:,@user-tl7jp6pm1s,en,
CwzjlmBLfrQ,vjoNjchjto 🇹🇩🇲🇩🇪🇺😭 😭😭😭😭😭😭😭😭😭😭😭😭😭😭😭😭😭😭😭😭😭😭😭😭😭😭😭😭😭😭😭😭😭😭😭😭😭😭😭😭😭😭😭😭😭😭😭😭😭😭😭😭😭😭😭😭😭😭😭😭😭😭😭😭😭😭😭😭😭,@ViorelNebunu,unknown,
tkHWkvRr7Ac,Congrats to all the winners,@SableHubTV,en,athletics
tkHWkvRr7Ac,Sifen  must  totaly disqualified  !!!!!!....,@SiyoumTessfa,en,athletics
tkHWkvRr7Ac,She got cut off. You cant block someone's path of running. Her opponent should've given her a little space.,@RS-zp1we,en,athletics
tkHWkvRr7Ac,Bye Felicia,@rayfactor1236,es,athletics
6_BmSJP3uCU,HELL NO,@altheaarmstrong5853,vi,athletics
6_BmSJP3uCU,Noah is very talented❤,@SupunGems-fx6ft,en,athletics
6_BmSJP3uCU,Love Noah😅,@qwerty7761,en,athletics
6_BmSJP3uCU,I love Lyles. He would've run a 19.3 without covid. LA28 🇺🇸,@JL-ec1by,en,athletics
6_BmSJP3uCU,Reminds me of THE BLACK PANTHER ❤❤❤❤❤❤❤,@olawilliams25,en,athletics
6_BmSJP3uCU,“They said I wasnt the one”,@keahong84,en,athletics
6_BmSJP3uCU,"""But I thank God that I am"" 🔥🔥",@StickIQ,en,athletics
6_BmSJP3uCU,He won gold in the 2024 Paris Olympics 200 meters race and bronze in the 100 meters 🎉 amazing races 🎉❤,@patricia-annecockburn9656,en,athletics
6_BmSJP3uCU,OMG i watched the olyimpics he smashed it but the thomas guy he was the fastest man in the world but now lyles is😂😂❤❤😊,@carolynhobbs5827,en,athletics
6_BmSJP3uCU,"They cut out the ""but I thank God that I am"" 😔",@jtb2611,en,athletics
6_BmSJP3uCU,❤,@Vishal77885,unknown,athletics
otLM26TEf68,How do you create these?,@Kandle_we,en,
otLM26TEf68,great animation,@Slippysalsa,en,
otLM26TEf68,I have a video idea you should do every continent races so like north america x south america x europe x africa x asia x Oceania,@banathegoat,en,
otLM26TEf68,Bolt already knew  he’s gonna win💀,@Memeguy4u70,en,
otLM26TEf68,Lyles is slow compared to Bolt,@aaronmbaye6498,en,
otLM26TEf68,Not really,@joewritemusic,en,
otLM26TEf68,"​@joewritemusic  Yes, he is !",@coconut10006,en,
otLM26TEf68,“Slow” is relative,@bkballa989,en,
otLM26TEf68,Anyone is to be fair,@AidanMoore-y1u,en,
otLM26TEf68,@@bkballa989thats why he said “compared to Bolt” lmao,@internettrash437,en,
otLM26TEf68,W,@Taxman123,sw,
uQu5Hxd9k1w,Tokyo❤❤,@user-ev6wq9td9o,lt,
uQu5Hxd9k1w,"Bhla ho para atheletes ka, jo yeh medal hamari country me bhi aaye wrna normal atheletes ne toh duba hi Diya tha..",@Danish_khan12392,en,
uQu5Hxd9k1w,Are these Ryan Murphys medals,@PP-3b2ox,en,
uQu5Hxd9k1w,❤❤❤❤❤❤,@freeformcklok9862,unknown,
uQu5Hxd9k1w,It looks delicious 🤤,@Dont_check_description.,en,
uQu5Hxd9k1w,La peor medalla es la de parís 😮,@anacruzlugomagallanes6155,es,
uQu5Hxd9k1w,Yuwan ke medal,@Bittu-ce9ou,id,
uQu5Hxd9k1w,And rust tooo.,@ecotech2991,et,
uQu5Hxd9k1w,OLYMPIC CHAMPION 🥇🇺🇸,@Glare469,pt,
uQu5Hxd9k1w,See you on the podium in 2032,@aeshavasani3291,en,
bXcSKC7JmDs,"Should be a perfect 10, still can see 8.5 on the score board...wat the f......😤",@chanwaiwung4124,en,
bXcSKC7JmDs,@@chanwaiwung4124 agree. faintly any splash,@nitrosportschannel,en,
bXcSKC7JmDs,Whoa ! Awesome 👏🏿,@Citizen_danso,en,
bXcSKC7JmDs,indeed,@nitrosportschannel,nl,
bXcSKC7JmDs,Humanely Impossible !!  I think this little girl needs to take doping test. 😂,@Bejimac,en,
bXcSKC7JmDs,Male or female. Goat. Love her,@caradeparcha,en,
bXcSKC7JmDs,@@caradeparcha indeed she is,@nitrosportschannel,en,
bXcSKC7JmDs,it wasn't that straight entering the pool,@ZenTurtle,en,
bXcSKC7JmDs,@@ZenTurtle that is why it is more amazing because there was hardly any splash inspite of her feet not straight.,@nitrosportschannel,en,
bXcSKC7JmDs,絕了，這小女子神奇得不可思意，跳水的天花板了,@user-tz5ej9vf4l,ko,
bXcSKC7JmDs,dominating world of diving,@nitrosportschannel,en,
bXcSKC7JmDs,Speechless.... incredible n amazing ❤️❤️❤️,@teyaichoo2041,en,
bXcSKC7JmDs,indeed and she is still young. she can still improve .,@nitrosportschannel,en,
bXcSKC7JmDs,❤❤❤🧸🧸🧸♥️♥️♥️,@alphonsuscheah7593,unknown,
bXcSKC7JmDs,@@alphonsuscheah7593 she is great. and she is getting better,@nitrosportschannel,en,
bXcSKC7JmDs,👏👏👏💪💪💪👍👍👍🌹🌹🌹,@kwancheung5874,unknown,
bXcSKC7JmDs,@@kwancheung5874 she is getting better and better,@nitrosportschannel,de,
bXcSKC7JmDs,她跳水完全完美，落水那dup一聲，簡直享受。,@VKimTaetae,zh-tw,
bXcSKC7JmDs,@@VKimTaetae amazing diver,@nitrosportschannel,it,
K6l4oA_EPiI,Literally .01 second mattered here 😮,@-RoshanVerma,en,
K6l4oA_EPiI,Other than cricket we need variety of sports also 😮😮😮,@deshmukh_ljd,en,
K6l4oA_EPiI,Why Indian government not featuring sports like this in India ??😮😮😮,@deshmukh_ljd,en,
K6l4oA_EPiI,Mhn,@michellewarmling8181,de,
K6l4oA_EPiI,MOakoabaoboaJOjMBB,@michellewarmling8181,sw,
K6l4oA_EPiI,Justice for vinesh phogat,@faisalzafar291,en,
K6l4oA_EPiI,When india participate those sports 😢,@JOYYboyy-kq3mg,en,
K6l4oA_EPiI,Last jump made the difference.. not so difference,@MDkmwt,en,
K6l4oA_EPiI,Priyanka Gandhi lag rhi thi ek wrestler 😢,@user-im1mt1xv6h,id,
K6l4oA_EPiI,What's Priyanka Gandhi doing there,@blackthebest9959,en,
wz4ENFlnqBQ,🇫🇷🇫🇷🇫🇷👏👏,@mattheone2297,unknown,
wz4ENFlnqBQ,"Teddy Riner a remis à sa place. 
D'un sang-froid EXTRAORDINAIRE !!! 

Respect !!! 🎉",@zukoulou7464,en,
wz4ENFlnqBQ,BravooooooTeddy Riner❤❤❤❤❤😂😂😂😂🎉🎉🎉😊😊😊😊,@nicoletteboucaud2705,nl,
wz4ENFlnqBQ,"Bravo teddy, tu as montré au monde entier les belles valeurs que tu défends.",@bertrandguillemot5087,fr,
wz4ENFlnqBQ,IL VA FINIR AUX PCS JAUNE,@lausevduthibetran429,de,
wz4ENFlnqBQ,"Lui,pour le JUDO,banni à vie,et si cela avait été un islandais..martiens; PAREIL",@TheSabre9901,fr,
wz4ENFlnqBQ,La grande classe Teddy!!!,@Cristina-tt1jo,en,
wz4ENFlnqBQ,Avec sa taille ...si il n est pas calme il y aura un tsunami ...par contre il calme l adversaire 😅,@soniaayadi4647,fr,
wz4ENFlnqBQ,"Ce géorgien est juste un mauvais perdant. Fort dans la performance, faible dans le mental.",@alexandrehuat773,fr,
wz4ENFlnqBQ,Bravo Teddy Riner nous t’aimons. Brave et courageux,@delblondmarie-flore1650,fr,
TxrmYKla76M,"""tient pas sa raquette comme il faut 2/20""",@dorgeshuun,fr,
TxrmYKla76M,👍,@LIVIOUTOU,unknown,
TxrmYKla76M,à mon avis il a eu que des 20 🎉🎉,@Lollipop-p1x,fr,
TxrmYKla76M,"Ça veut dire que tu vas le passer, en ping je suppose ?

Imagine un peu la tête du candidat au bac qui va être évalué sur un match contre toi 😂",@brixy-detente-multigaming8728,fr,
TxrmYKla76M,"Félix  tu nous a fait aimer le ping-pong encore plus , tu es un super 🏅 olympique, ❤❤",@michelputigny4020,fr,
TxrmYKla76M,"Lui il a eu 14
La meuf qui sait pas tenir la raquette elle a eu 18",@terkos3734,fr,
TxrmYKla76M,"Il fait médaille de bronze aux JO donc la question.....^^ . Le problème avec votre discipline.... Les Chisois. Mais bravo Félix et Alexis vous faites rayonner la France.
Oui un prof paye 1500 euros te dira "" peux faire mieux....""",@chrisg7205,fr,
TxrmYKla76M,2 médaille de bronze aux JO a 17 ans tu es le meilleur joueur de ping pong,@joseguyomarch8108,fr,
TxrmYKla76M,Félix Magique ❤,@user-ph4io7ek8m,fr,
TxrmYKla76M,Ca va mon frère 🤭,@user-eo9vk5du6n,ca,
e7i9xAHZqd4,Hes hot I definitely would,@dtupaea4128,en,gymnastics
e7i9xAHZqd4,"Just, wow!!!!",@Pamflute1,pl,gymnastics
e7i9xAHZqd4,❤,@user-hy8lc1hk9o,unknown,gymnastics
e7i9xAHZqd4,"He’s that nerd in the movie that becomes a hottie when he takes his glasses off, but in real life.",@GKFF9872,en,gymnastics
e7i9xAHZqd4,"This is why he was made for this sport. He treats it like a problem to solve, he is consistent and persistent.",@fairytale143,en,gymnastics
e7i9xAHZqd4,I was unaware of pommel horse. Thank you! Congratulations 🎉 ( Although I did get carpal tunnel of the shoulders watching you!!) 💪🌹,@user-mw2nh4ys4l,en,gymnastics
e7i9xAHZqd4,So many daddies,@aeroTnz,so,gymnastics
e7i9xAHZqd4,More he knows to add more difficulty for the 2028 Olympics,@OoOMonkeyCoFreakOoO,en,gymnastics
e7i9xAHZqd4,Stephen is a precious cutie patootie. America’s sweetheart ❤,@prettygirlpandora,en,gymnastics
e7i9xAHZqd4,"I love his double personality
So cute and adorable
And so focused and badass",@serenitynow85,en,gymnastics
1sNMPpi7weI,"Oh my god I love his , his content is so great❤❤❤",@sapnachauhan911,en,
1sNMPpi7weI,You met Loic❤ Love his videos🎉,@nirupmamandi7803,fr,
1sNMPpi7weI,Nice from Austria 🎉,@Breakout_Takebreak_Austria,en,
1sNMPpi7weI,😂😂😭😭🔥🔥,@GreatExplorer-em2gq,unknown,
1sNMPpi7weI,Karishma ❌ Gaa-rishma✅,@Aleenashaikh2012,sq,
1sNMPpi7weI,Di aapki family  ❤❤ nhi he kya ❤,@user-gd7ev4zh9f,sw,
1sNMPpi7weI,Waooo olampik 😊,@Rawatji_uk.01,et,
1sNMPpi7weI,But why such clothes ?.,@bhavishaysiddhu4204,en,
1sNMPpi7weI,What is youar cantri,@sunilnavale6367,en,
1sNMPpi7weI,What is youar cantri,@sunilnavale6367,en,
mLNZD5spMXE,Christ this is still terrible in comparison to actual break dancers,@wisewisdomtooth,en,cycling
mLNZD5spMXE,That’s an only fans dance not break dancing,@Tonystarkes888,en,cycling
mLNZD5spMXE,Australia’s Olympic candidate 2028. Aussies not playin’ this time. They coming for the gold.,@CryptoX-kr3wu,en,cycling
mLNZD5spMXE,😅😂 is this a joke!  I decided not to watch the Olympics n I made the right choice! From what I’ve seen social media 😂,@celinesbaldrich519,en,cycling
mLNZD5spMXE,Thanks for still showing support through social media lol imb3cile 🤣,@jazzyjaz9108,en,cycling
mLNZD5spMXE,Parece audición para Acapulco Short jajajjaja,@conio_bonito,es,cycling
mLNZD5spMXE,Wow… we just got served 😂,@JonCinnaBonJovi,en,cycling
mLNZD5spMXE,Delete it,@shanzky,nl,cycling
mLNZD5spMXE,"Well your ready for the olympics..
Good luck...you could win with that performance..🤭",@stevedent4701,en,cycling
mLNZD5spMXE,She just wanted to do the split,@jaybrennan7099,en,cycling
mLNZD5spMXE,What the hell is this,@Sitheonly,en,cycling
cMGapU-UwtM,🤩🤩,@Ruagdjr4fjff7,unknown,cycling
4sDtDblsMaQ,"the STORY of the video is fake
she was earn the gold skying before snow gold medal.
and she was praticting both since a long time ago",@david.k.9599,en,
kFq_01hYaJ4,男でも惚れる🎉,@user-xm7in2jg8c,ja,
kFq_01hYaJ4,L😅vin having ❤ skate boarding in the Olympics!,@Irisseesall,en,
kFq_01hYaJ4,Bravo,@Rulyo38,sk,
kFq_01hYaJ4,Olimpic sport? 😂,@aabm23,ro,
kFq_01hYaJ4,Feeling jealous 😊 I want to be there,@Gourav.Nishad,en,
kFq_01hYaJ4,See his back ... You can see his efforts,@YuvrajJain-d7v,en,
kFq_01hYaJ4,America missed out when they looked over my boy,@DemetriWilson-i8f,en,
kFq_01hYaJ4,そのシャツはクールです,@TheBobbyfresh09,ja,
kFq_01hYaJ4,Wow.,@francisnguyen6349,pl,
kFq_01hYaJ4,full cab to bluntslide in a competition run is just crazy,@yancieb,en,
kFq_01hYaJ4,For real,@vermili0n,en,
0mdMgW5vaao,Por primera vez en su reputa vida tiene un poco de razón la Nico,@thecubano9484,es,
0mdMgW5vaao,Todo libro malo entre sus páginas siempre hay algo bueno.,@delioramontorresrodriguez1154,es,
0mdMgW5vaao,Pero Maduro no es de izquierdas?,@gorrarica9282,es,
0mdMgW5vaao,"P JUEGOS PARA DISTRAER LAS GUERRAS Y LA MATAZON EN PALESTINA,, SON UNA BASURA",@alfonsososa7720,de,
0mdMgW5vaao,Eso es verdad y todos criticamos,@ferminsanchez_elalcaldedea4110,es,
0mdMgW5vaao,"Aunque odio al dictador, en esto le doy la razón ...",@domianm,es,
0mdMgW5vaao,Tiene mucha razón!!,@javiercosta5742,es,
0mdMgW5vaao,Porfin dijo algo cierto  aunque el es un corrupto y dictador pero es lo único bueno que ha dicho,@rolandohernandez1541,es,
0mdMgW5vaao,Primera vez concuerdo con ud.Dictador de Venezuela😢,@user-xc6bc5gr5n,es,
0mdMgW5vaao,Este señor solo es loro ... se llena la boca hablando nuestro señor jesucristo. Todo lo que ha robado y las muertes que tiene en su lista de vida,@SantosRios-u9q,es,
PYSLYZBm5u8,It's  giving kallmekris vibes,@GabrielleHarris-m9u,da,heptathlon
PYSLYZBm5u8,"As soon as she done this throw, she should have done the brake dancing as well and won gold😂",@erikscrase579,en,heptathlon
PYSLYZBm5u8,Now im curious how far she threw. It didnt look very powerful.,@wvonk9636,en,heptathlon
PYSLYZBm5u8,😂😂😂😂,@onaona.,unknown,heptathlon
PYSLYZBm5u8,10/10,@sebastian-mn6vt,unknown,heptathlon
PYSLYZBm5u8,why women earn less,@SixDasher,en,heptathlon
PYSLYZBm5u8,You should be DJ-ing for the Olympics 2028 ....,@wamboieverlynewanjiru240,en,heptathlon
PYSLYZBm5u8,"""Javelin Jack Spearo""
""There should be a captain in there somewhere""",@jollyturtles1444,en,heptathlon
PYSLYZBm5u8,Don't copy others video sh*t,@Lana-t1y,en,heptathlon
PYSLYZBm5u8,I love it😂🙏,@sagarpawar132,sl,heptathlon
OcBQ7-KXQQQ,Episodi come questi mi riconciliano con lo sport moderno,@stefanoaggio234,it,cycling
OcBQ7-KXQQQ,❤❤❤,@magdaschmitt9124,unknown,cycling
OcBQ7-KXQQQ,Wow! What an incredibile individual!,@bluearmy4228,en,cycling
OcBQ7-KXQQQ,Incredible example for younger generations and great inspiration to play table tennis!,@user-ft5ye9io2x,en,cycling
OcBQ7-KXQQQ,"Ich glaube, ich würde auch gegen sie verlieren 😂",@schoeferfilm,de,cycling
OcBQ7-KXQQQ,😂 Sehr nett von Dir!😁 Ich glaube auch ich würde gegen sie verlieren😂😂,@Lululena2024,de,cycling
OcBQ7-KXQQQ,Wow welldone,@MrInternetDude,en,cycling
OcBQ7-KXQQQ,Precioso. Es deportista olímpica.,@polpolansky1404,es,cycling
OcBQ7-KXQQQ,"Amazing, amazing!!!",@Novazm,sw,cycling
uZFGPGufwLo,C'est moi ou Paris a bcp miser sur les symboles,@davidnjilodjomo267,fr,
uZFGPGufwLo,"Moi j'ai trouvé ça trop cool cette histoire de cloche, et à mon avis les athlètes vainqueurs ont dû y prendre un plaisir fou.",@l1u1t1t1,fr,
uZFGPGufwLo,"Les JO sont terminés les veaux : guerre, dette, migrants, inflation",@expert-en-tout,fr,
uZFGPGufwLo,"Typiquement français … les athlètes crèvent de faim, les rations en protéines sont médiocres , les conditions du village olympique sont lamentables, et vos médias se réjouissent d’une stupide cloche qui «  sonne l esprit olympique « … la honte",@farrahfarrah8378,fr,
uZFGPGufwLo,💙🤍❤️🔥SUPER IDÉE 🔥💙🤍❤️,@lebusraconte3040,en,
uZFGPGufwLo,"Tiens, installée dans une cathedrale? et la laïcité alors? 
Ah oui c est vrai j' oubliais, il y a une explication.",@fourtou9842,fr,
uZFGPGufwLo,"En France, on n'est jamais à une connerie près. Pourquoi ne pas installer ce bidule dans le hall des départs de la Gare de l'Est ?",@michelleclere8855,fr,
uZFGPGufwLo,"La seule bonne initiative, c'est d'installer ensuite cette cloche dans la cathédrale Notre-Dame ! Cette initiative ne fera cependant pas oublier l'outrage et honte satanique de ces ouverture  et fermeture des J0 !",@francoise522,fr,
uZFGPGufwLo,Mais en athlétisme à la base c'était pas en cas de record du monde qu'on sonne la cloche ???,@epsai,fr,
uZFGPGufwLo,Je suis trop fier de dire que la cloche a été fabriquée dans ma ville !!,@bonjour9434,fr,
oLMKE2FRFeo,Moi au début qui pensait que c'était un miroir à côté👏👏👏👏,@AngelinaLucas-br3ow,fr,
oLMKE2FRFeo,C'est vraiment magnifique et qu'elle grasse belle plongeuse❤❤❤,@fabiennelheureux7763,fr,
oLMKE2FRFeo,quelle grâce,@aurelieguerineau7528,fr,
oLMKE2FRFeo,Und zum Schluss gewinnen wieder die dürren chinesischen springerinnen....,@gabrielegener7331,de,
oLMKE2FRFeo,Respect aux 2 demoiselle tellement c est sublime,@mathieumoulet227,fr,
oLMKE2FRFeo,C'était parfait! Pourquoi n'ont-elles pas gagné?,@christelleviv1486,fr,
oLMKE2FRFeo,​@@christelleviv1486Parce qu'elles sont nuls 😂😂,@abdeldarrazi,fr,
oLMKE2FRFeo,"Oui la même grâce d'Israël depuis 76 années avec les palestiniens...
Mais le monde s'en fou !",@dilhan5449,fr,
oLMKE2FRFeo,1/69,@fr530,unknown,
oLMKE2FRFeo,Bravo...,@GIGIjade0203,sk,
oLMKE2FRFeo,"Bravo 🎉ils faut au moin sa pour relever le niveau de la France OUF depuis l élections du grand et maître M 😊on dégringole, 😢,on verra après le jeu 😅slt et encore bravo Medemoiselles❤",@Jun78.40,fr,
oLMKE2FRFeo,Elles ont toutes la même grâce,@marvinnothomb3316,fr,
oLMKE2FRFeo,Elle est où la synchronisation,@positiveassomption,fr,
lz2MVNbA36g,"Almost right. You need 6 points total to win in individual round and 5 in team competition. 5 rounds is max, which can happen. If you have a draw, you have a shootoff. The closest arrow to the center wins.",@justachankin1651,en,archery
lz2MVNbA36g,Did that armless guy compete?,@chillkid1465,en,archery
lz2MVNbA36g,Great 👍,@nazariarchery,en,archery
dRYEh2sMmZo,Серобуромалиновый,@bebrastar_7,ru,
dRYEh2sMmZo,I love Paris🇫🇷... 2024,@AndrejPecus,it,
dRYEh2sMmZo,Thank you 🙏👍,@Color_mixing_official,tr,
dRYEh2sMmZo,"I LOVE IT! YOUR ARE So AWESOME 👍 
🇫🇷 + 🥇🥈🥉= Pink",@JaysonFrias-ze1yh,tl,
dRYEh2sMmZo,Thank you 😊🙏,@Color_mixing_official,id,
dRYEh2sMmZo,SO COOL 👍🏼😎 YOU ARE THE BEST 😊,@Colorandbeauty1,en,
dRYEh2sMmZo,Thank you so much 🙏😊,@Color_mixing_official,en,
dRYEh2sMmZo,nice,@dikshaBhandari-gg4kx,pl,
dRYEh2sMmZo,Thank you 😊,@Color_mixing_official,so,
dRYEh2sMmZo,Nepal please,@ratnathapa3470,en,
dRYEh2sMmZo,Thank you 😊,@Color_mixing_official,so,
dRYEh2sMmZo,🇬🇭🇬🇭🇬🇭,@susanneegeskov3429,unknown,
dRYEh2sMmZo,Thank you 😊,@Color_mixing_official,en,
tPgQMyxZHdE,and he is way faster then anyone else,@Aragorn.Strider,en,cycling
tPgQMyxZHdE,"Foi uma vergonha não terem transmitido o contrarrelogio em direto. 
Remco e todos os restantes corredores mereciam isso. 👍",@zeclistaf1,pt,cycling
tPgQMyxZHdE,They did on Danish TV.,@telmolicious,en,cycling
tPgQMyxZHdE,"@@telmolicious 
I'm Portuguese.. 🇵🇹",@zeclistaf1,pt,cycling
tPgQMyxZHdE,Belle victoire pour Remco et 3 place pour Wout je pense que Tarling sans ça crevaison aurait été  tous pres de Remco peu etre a moins de 3 secondes j ai chronométré  15 sec pour Joshua plus la relance disons 20 secondes,@rogerfontaine7089,fr,cycling
tPgQMyxZHdE,on not clean,@johnreddington3646,en,cycling
tPgQMyxZHdE,No shit.,@telmolicious,sq,cycling
tPgQMyxZHdE,Greatest,@lucianotogni8082,en,cycling
tPgQMyxZHdE,Remco is a banger!,@tristantheuerkorn5124,en,cycling
tPgQMyxZHdE,Remco Simply the best,@michelechiarini169,en,cycling
tPgQMyxZHdE,"Remember to say Thankey to Podacar!
For getting annoyed. 🥇 Out the window
For Slovenia! Total idiotic😱",@tonilauge5786,en,cycling
tPgQMyxZHdE,Pogacar would not have won on this flat route.,@hiimrezgaming9885,en,cycling
tPgQMyxZHdE,What are you smoking lol. Pogacar isn't even top 5 in a 1 day race flat ITT,@speculator9572,en,cycling
tPgQMyxZHdE,wat een beest!!!,@StanVanPraet,nl,cycling
tPgQMyxZHdE,Chapeau!!!,@robertopiazza9706,fr,cycling
qGDkwIf5oDg,La motivatrice est géniale !,@jeanvaljean9998,fr,
qGDkwIf5oDg,Succès accomplissement et protection à toi par la grâce d'Allah l'excellent Kayla !,@jeanvaljean9998,fr,
qGDkwIf5oDg,Le corps humain est une machine de guerre,@clementognier7502,fr,
qGDkwIf5oDg,Superbe et bravo ! Le mental incroyable.,@benoitv.3552,fr,
qGDkwIf5oDg,Ma chaa allah 🤲,@anoscotesesh8393,so,
qGDkwIf5oDg,"Ahhhhhhhhhhhhhhhhhhh ❤ ma vie ❤elle est trop forte 💪🏼 et en plus ……
RÉCEPTION PARFAITE 🤩",@Inaya-l9r,fr,
qGDkwIf5oDg,Vraiment si jeune et avoir un mental comme elle c’est incroyable. J’espère qu’elle en gagnera encore elle le mérite.,@Demontada56,fr,
qGDkwIf5oDg,Quand elle sera en fauteuil roulant il lui servira a quoi sont titre?,@arnaudmalbos6921,fr,
qGDkwIf5oDg,"❤What a scandalous dress 
May God help her, may God guide her and set her mind right",@mariyakraouche3075,en,
qGDkwIf5oDg,"la traitresse à la nation, qu'elle aille vivre la bas maintenant",@kurhooni5924,fr,
0664NFUpRLM,"It's a joke guys, and it's cute and it's funny and part of the joke is.He's being very French about it.Yet very adorable 😊  So get that stick out if ur collective Butts and Enjoyyyyy!!   Relax those furrowed brows and just have fun PERHAPS?   Yeesh......",@Janine-x1j,en,
0664NFUpRLM,❤,@user-oi1dz1zy1y,unknown,
0664NFUpRLM,Why is it it crunching like that,@Bipedalpinkytoe,en,
0664NFUpRLM,Because its viral. They put the glass ampules of  the cove eid nine teen inside muffin,@Lewis94YouTube,en,
0664NFUpRLM,Is thisbhis brand or something? 😅,@Chadopium-100percent,en,
0664NFUpRLM,"It’s really funny that the only reason why these went viral is because some guy made a bunch of TikToks about how good they were. He didn’t win any medals, but he’ll forever be known as the Olympic muffin man",@titanqueen7217,en,
0664NFUpRLM,Sounds like he's trying to over sell that muffin...,@jayshandle,en,
0664NFUpRLM,I love muffins!,@MuffinX2,da,
0KLFyI6byIM,She looks like Hollywood actresses cubbie samulders very much,@teamcr7ff523,en,
0KLFyI6byIM,Хохлобандэра,@user-hl9jt1vu4p,ru,
0KLFyI6byIM,عجب دخترایی ❤❤❤❤❤❤❤❤❤❤❤❤,@زهیر-د3ش,fa,
0KLFyI6byIM,Mahuchikh My Hero 🥇🥇🙏🇱🇰🌩🌦,@milroynishantha3216,de,
0KLFyI6byIM,Weltrekord wurde in Paris beim Diamond League Meeting 3 Wochen vor Olympia 2024 gesprungen!🤔,@WernerWinkler-yj5ci,de,
0KLFyI6byIM,hermosa 😘,@jhonyhbfan1283,pt,
0KLFyI6byIM,А красавица какая!❤❤❤,@jannaerlich6544,ru,
0KLFyI6byIM,Knew it would happen one day. She is one amazing athlete.,@andrewsarmiento1523,en,
0KLFyI6byIM,... beautiful in many ways :),@ScottCompton-qh4rr,en,
0KLFyI6byIM,She is nice sexy how is it name and family?,@HamedYari,en,
iomyKUbrehM,Che braviiii❤😊,@annaborriello8907,et,
iomyKUbrehM,"Ma cosa c'è dentro il ""sollevamento pesi""?😊",@valentinamola2022,it,
iomyKUbrehM,Chi sei dimenticato di depilarti le ascelle,@DELIAALFREDO,it,
iomyKUbrehM,ODDIO IO ERO RIMASTA CHE ERI ANCORA INCINTA. AUGURI,@user-ri5tf6oc8c,pt,
iomyKUbrehM,Neogonitori mi ha fatto morire dal ridere😂😂😂😂😂😂e,@LinaGhanmi-mk1kp,it,
iomyKUbrehM,Vi amo siete mitici ho guardato tutti i vostri video e le due bimbe Evelin e Celine sono stupendo complimenti davvero ❤❤❤❤ PS non ascoltate i commenti negativi,@mariacarissimo3718,it,
iomyKUbrehM,Bellissimi😂🎉🎉🎉❤❤❤❤,@PatriziaGiuntoli,fi,
iomyKUbrehM,Che ridere,@barbaratombaccini1057,en,
iomyKUbrehM,😂😂😂😂😂😂😂😂😂,@rossellagara4663,unknown,
iomyKUbrehM,Hahaha io ci sono passata ero così 😂❤,@simonettamagni8534,it,
0WaVi1cf4uQ,LOVE how she made Simone bow down LMAOOOOO,@jhadebredenkamp97,en,gymnastics
0WaVi1cf4uQ,"Congrats, Rebecca. So happy for your success 👏🏽👏🏽👏🏽",@Montcoshire,en,gymnastics
0WaVi1cf4uQ,Congratulations Rebecca!!🎊💛💚🥇🇧🇷🤸‍♀️🌟🔥,@annehamilton2532,en,gymnastics
EBUttx_izCo,ils sont meilleurs en nageurs.. danse? peut mieux faire !!!,@carabosse4,fr,
EBUttx_izCo,C'est mou ! C'est pas comme l'équipe de France de football.,@user-uu6qg6lt4y,fr,
EBUttx_izCo,"Moi après l'effort, je préfère aller faire trempette...",@RichardDurn1818,fr,
EBUttx_izCo,C'est pas un danseur Léon. Laisser le dans l'eau c'est mieux 😂,@housseinehassani6167,fr,
EBUttx_izCo,Les Français sont fiers de vous ! Merci pour votre travail et investissement sportif pour notre bonheur ! ❤😊,@nadbaf8049,fr,
EBUttx_izCo,Ose me dire que LÉON MARCHAND est pas beau il est trop mims je dit pas sa parce que chuis sa cous 😂😂,@La_Vie_De_Nina,fr,
EBUttx_izCo,Nul,@xTsubasaCrossx,ro,
EBUttx_izCo,Fière de vous les gars bonne ambiance ❤,@ivanecolmar4781,fr,
EBUttx_izCo,Il devait danser dans le club des États-Unis puisque ’grâce eux il décroche la médaille d or,@hazidane4035,fr,
EBUttx_izCo,Vous êtes les meilleurs🎉🎉🎉🎉🎉🎉🎉🎉🎉🎉🎉🎉🎉🎉 🎉🎉🎉🎉🎉🎉🎉🎉🎉 🎉🎉🎉🎉🎉🎉🎉🎉🎉🎉🎉🎉🎉🎉🎉🎉,@yannickmonreal7001,vi,
a5s54os8d2g,"I watched this happen, thinking to myself
 ' i didn't know they were invited?! '
😅",@mr.d.normanmooreii4292,en,
a5s54os8d2g,Allen Joseph Walker Mark Young Laura,@HsusnhGajama,sv,
a5s54os8d2g,"As a Korean, I clearly feel offended...",@allaboutemma_,en,
a5s54os8d2g,Well ya if your gonna be backwards and endorse the mentally ill  than obviously your gonna support your communist and dictator regimes as well😂comes with territory…  the worlds a mad house,@jacobparkin745,en,
a5s54os8d2g,To be fair there’s the word democratic in the name,@Blackclover-4leaf,en,
a5s54os8d2g,"That is a major mistake and could have resulted in a diplomatic incident, if I was from South Korea I would have been offended. Do you realise what these people went through and are still going through for their independence?! Wow.",@aoifewalsh7303,en,
a5s54os8d2g,"The way they also mixed up Sudan and South Sudan. (feels weird saying ""they"" cos im french but whatever im not the olympic comittee)",@user-nr7qk3vt3k,en,
a5s54os8d2g,Feel free to call France Vichy France,@cadifaddy6675,en,
a5s54os8d2g,North Korea identifies as Democratic??? 🤣,@euge888,en,
a5s54os8d2g,Are you serious? France is STILL that scared of absolutely everyone? Idk how I'm only just now seeing this but it's fitting for France. AND the farcical Olympics. Greek & Roman champions are crying and Olympus is lamenting the association,@MouthyMama376,en,
yilMVhRlbAw,"Oui,ils vont lire l'heure,le soudan arrive",@NestorAgbavito,fr,
yilMVhRlbAw,"Je reviens du futur, voulez vous savoir qui a vaincu cette équipe ?",@Bernard2065,fr,
yilMVhRlbAw,"Curry et meme LeBron, Durant, déjà t'a peur en face !",@adrienrenard6602,fr,
yilMVhRlbAw,lol elle est loing la dream team,@FFC_PerCevaL,fr,
yilMVhRlbAw,Dream Team❤❤❤❤,@lellou.germainbeugre9526,en,
yilMVhRlbAw,La team frimeurs et arrogants,@Valoudu69,fr,
yilMVhRlbAw,"États unis Serbie,quel match 😳",@youngcomoko,fr,
yilMVhRlbAw,avengers !,@aymericb3907,no,
yilMVhRlbAw,Je pense que la final vas être france vs usa et victoire de l’usa plus 87 a 98 je suis devin,@MerveillePinnock,fr,
yilMVhRlbAw,❤❤❤❤,@user-jn3rl9rd5o,unknown,
rCDHvDPqi1I,"Not gonna lie, but your dad is your dad and will always be and when the genes do pass down, they don’t fully pass down. Basically saying that your did a bit better than you, but yours was also awesome. (I am referring to your dad as the first video, hoping it is correct.)",@sawdahusama3346,en,
rCDHvDPqi1I,Your dad did it more smooth then you like he was sure what move he was doing!,@Alex70413,en,
rCDHvDPqi1I,"Hä? Wie cool, han gar nd gwüsst, dass du SocialMedia machsch?! Han dich ade Olympische Spiel im Fernseh gseh, mega krassi Leistig, also au vom Schwiizer Team👌🏼 Direkt abonniert 🇨🇭🇨🇭",@june_vibez6466,de,
rCDHvDPqi1I,Are from switzerland because on your shirt is the flagg ❤,@user-xn7hj3en1i,en,
rCDHvDPqi1I,Urs was really good but I think ur dad did better,@HelloH927,en,
rCDHvDPqi1I,They were both really good but I chose your dad,@The_slayRAT,en,
rCDHvDPqi1I,Father and he had swagger😉,@maureengreen4008,en,
rCDHvDPqi1I,Your dads arms looked weird.  Tripped me out. 😅😅,@KayKay114,en,
rCDHvDPqi1I,Who is your dad,@letsdothis3332,so,
rCDHvDPqi1I,Yours was really smooth but y’all both did good,@Emma_isnt_home,en,
N84YtpT4VhQ,PG sounded zesty af 😂”Ky for sure”,@tootalljones8012,en,basketball
N84YtpT4VhQ,"Curry, Bron and KD",@Thegoldenchild415,en,basketball
N84YtpT4VhQ,I hate how PG 🍆 🐎 every player he has on like dude your the only one that swings that way PG  🤮,@rswazey123,en,basketball
N84YtpT4VhQ,"Kai
KD
Joker or wemby",@blazedoutlaw6633,af,basketball
N84YtpT4VhQ,Wait who lost?,@miketrekioloinnjgfyt6648,en,basketball
N84YtpT4VhQ,"Imagine lebron pushing 42, with Curry and KD! 😂😂",@kimbap6196,en,basketball
N84YtpT4VhQ,"""Could someone put their pride aside to represent their country that way?""

Representing your country in every form of sports is a great achievement, even if you don't win a medal.",@waterunderthebridge2291,en,basketball
N84YtpT4VhQ,Jimmie looks like the astronaut at the end of space odyssey 2001,@jordancarlin9687,en,basketball
N84YtpT4VhQ,"Joe johnson, gerald Green, and paul Millsap",@FloydWhoElseTV,en,basketball
N84YtpT4VhQ,"Easy get recently retired guys, d wade probably would’ve won it",@Yamas258,en,basketball
KD8lwUL_kZs,poison success....i like that,@mortimersnerd1,en,
FADZoYaqy2k,Dei,@artrosco1973,de,
FADZoYaqy2k,Chei,@fitlifewithChero,de,
FADZoYaqy2k,What a clown she is,@Jehuty80,en,
FADZoYaqy2k,"Are you done well with the research?
That is Phil Wizard not Phil Mizard.
😂😂😂 learn how to dance like that first please not just talk.",@BreakboyPlatypus,en,
FADZoYaqy2k,Oh boy ....,@fitlifewithChero,cy,
FADZoYaqy2k,She committed fraud,@beco4690,en,
FADZoYaqy2k,Sad 😔,@fitlifewithChero,so,
FADZoYaqy2k,She is a national treasure . Australian break dancing champion.  Why Downhill mountain biking is not included is beyond me.,@kiwiadventures3773,en,
FADZoYaqy2k,@@kiwiadventures3773 oh! That's a good one! 👍🏾,@fitlifewithChero,en,
FADZoYaqy2k,She’s a nationalist embarrassment,@petesmith9472,en,
FADZoYaqy2k,There’s also the hilarity that breakdancing was a big thing in the 90s and it took them that long to put it in the olimpics.,@thewoodpeckers655,en,
FADZoYaqy2k,They tried,@fitlifewithChero,en,
FADZoYaqy2k,"Kinda like strong ""woman "" took gold for Europe",@kevinbrandt8758,af,
FADZoYaqy2k,@@kevinbrandt8758 💪🏾,@fitlifewithChero,da,
FADZoYaqy2k,Break dancing at the Olympics is the height of stupidity. How about adding some actual sports like cricket or baseball?,@johncbny,en,
FADZoYaqy2k,@@johncbny There's an interesting idea 👍🏾,@fitlifewithChero,en,
FADZoYaqy2k,"""How about adding some actual sports""
Yeah! I nominate rally racing.",@RamadaArtist,en,
FADZoYaqy2k,Wait and see America add another swimming event to the games.,@johnmelrose3774,en,
FADZoYaqy2k,@@johnmelrose3774 lol 😆,@fitlifewithChero,fi,
FADZoYaqy2k,"It sucks that the focus has been on her, because the rest of the competitions were amazing! And its just a really fun sport to watch because of the culture of respect and admiration between competitors.",@sk8razer,en,
FADZoYaqy2k,@sk8razer  so true! I hope this has opened a platform for the sport even elsewhere. There was some pretty dope talent. 😎,@fitlifewithChero,en,
PIA-nF0Z1L0,Plus rapide qu’un ascenseur,@anthonybadji,fr,
PIA-nF0Z1L0,Une des disciplines les plus ridicules des JO,@akeccunkaq,fr,
PIA-nF0Z1L0,Disney la contacter pour faire SpiderWomen,@isacferreira6804,fr,
PIA-nF0Z1L0,Dans ce style de grimpe j'ai toujours l'impression que la corde tire vraiment la personne. Je sais c'est juste visuel mais j'aimerais voir sans corde si ça existe,@jlg4512,fr,
PIA-nF0Z1L0,Alors pourquoi 4.99 sur ses chaussons ??? C'est l'objectif ?,@milocorsic4962,fr,
PIA-nF0Z1L0,"Et sans le fil , elle monte pareil ???",@bobun47,fr,
PIA-nF0Z1L0,Extraordinaire+,@FabienneAugendre,ro,
PIA-nF0Z1L0,"C'est trop facile aussi, la prochaine fois mettez le mur à la verticale 😆",@matc1255,fr,
PIA-nF0Z1L0,Dan Osman n avait pas de baudrier,@ambrues1248,af,
PIA-nF0Z1L0,Derriere y en a un qui fait 4.75 donc bon,@Benjyexplore,fr,
b3wWL0mGAcI,"All 3 should share the bronze,",@user-mu7nh2uo6i,en,
b3wWL0mGAcI,"They should share medal, seeing, too much going on about it! They're all great!",@sandrarogers3896,en,
b3wWL0mGAcI,"All 3 should share the medal because why should They Suffer When it was Actually the judges Fault with their scoring!!!!  If ALL Parties are Good with this decision, then I Feel that They ALL Should Get a Medal 🏅 
All that because she handed in the paper 4 seconds to late & then the other girl I would think didn't hand the paper in because I imagine they took the judges word that she was out of bounds & she Wasn't.... So Again it's the judges Fault!!!!  They NEED to TAKE RESPONSIBILITY 4 THEIR MISTAKE!!!! Whyyyy Should the Girl's be the ONLY ONE'S 2 Suffer a Consequence That Wasn't Even Their Fault to Begin With!!!! 💯💯💯

Yesss the International Federation for Gymnastics Should Give ALL 3 THE BRONZE MEDAL 🏅🏅🏅 

THEY SHOULD ABSOLUTELY ALL SHARE THE BRONZE ~ GIVE THOSE GIRL'S THEIR MEDALS, THEY WORK VERYYY HARD & GIVE UPPP A WHOLE LOT IN THEIR LIVES BECAUSE THIS IS EVERYTHINGGG TO THEM, THEY WORKED THEIR BUTTS OFF TO MAKE THE OLYMPIC TEAM & ALL OF THEM DID THAT!!!!

Now These Judges Should Actually Talk with the International Federation & Speak Uppp for These Girl's and Help Them Get the Medals That ALL Deserve, it's the Least They Could Do After THEY'RE THE ONE'S THAT MADE THE MISTAKES 💯💯💯 So in My Opinion THEY SHOULD BE THE ONE'S FIGHTING TO HELP MAKE THINGS RIGHT!!!!!",@perfectlyimperfect628,en,
b3wWL0mGAcI,Yes...All 3 should be awarded a bronze medal. The judges and officials screwed up!,@MelvinLew,en,
b3wWL0mGAcI,"I am from Romania, and i think that they should all share the bronze medal. It is not their fault that the judges made mistakes. This is so messed up.. 
Also because of the judges mistakes Sabrina is thinking of quiting gymnastics 😬",@racherualexandra5137,en,
b3wWL0mGAcI,Who are these judges and how did they get to become judges?,@Gxport,en,
b3wWL0mGAcI,Judges should be penalized for making mistakes. They make enough that its frankly irritating.,@WetzforLife,en,
b3wWL0mGAcI,"Yes... at this point, why not?",@kathleenphillips2933,en,
b3wWL0mGAcI,The Gymnastics Federation is so corrupt.,@LadyMaverick823,en,
b3wWL0mGAcI,Maybe it good if the judge also the senior or coach to type of sport so many mistake by judge but nobody know who are they bc it's always the athletes who suffer,@Aisyah-f7w,en,
0nfHdEBYxRA,My mj te llege a kien coresponda,@user-fk7lg7fg7q,es,tennis
0nfHdEBYxRA,Hola blue system LOVE. Señorita msx Paris Almudena galsxias me emoción,@user-fk7lg7fg7q,es,tennis
0nfHdEBYxRA,Rafa you are so great. Love you from Germany. Happy that you will be in Berlin in September,@Jack-pl2he,en,tennis
0nfHdEBYxRA,"Nole was lucky that it wasn't a 3 out of 5 match, looking at that second set, Rafa would've find a way",@alinvalentinpislaru9116,en,tennis
0nfHdEBYxRA,😂😂😂😂😂😂😂😂 cry more,@nikolatesla9208,en,tennis
0nfHdEBYxRA,Some still find a way to hate🔝,@Rickcarleson2152,en,tennis
0nfHdEBYxRA,"@@Rickcarleson2152 Others still find a way to live in a delusional fairyland where Rafa will make a magical comeback and win 3 French Open majors. 

Don’t be one of them. Snap back to reality.",@Tennis_Expert,en,tennis
0nfHdEBYxRA,"​@@Tennis_ExpertAMARGADO,  ni te gusta el tenis",@mangelesfreyre6365,et,tennis
0nfHdEBYxRA,"​@@Tennis_Expertcry about it, he's one of the best tennis players in history and you're just a random shit talker😂😂😂",@MarkMoreno7,en,tennis
0nfHdEBYxRA,He could make a great doubles career in tennis. Now that his singles career has been singlehandedly ended by Djokovic.,@Tennis_Expert,en,tennis
0nfHdEBYxRA,"We can say the same with djoko , his Career has been destroyed by sinner and Alcaraz",@DamiiStyle,en,tennis
0nfHdEBYxRA,​@@DamiiStyle he still won 3 GS last year 😂,@ghroij7757,en,tennis
0nfHdEBYxRA,"@@DamiiStyle No we can't, lost to Sinner and Alcaraz in tight matches, won over everyone else, while Novak blasted Rafa.",@simuntigmo6220,en,tennis
0nfHdEBYxRA,"​@@simuntigmo6220so AO 1:6 2:6 7:6 3:6 and Wimbledon 2:6 2:6 6:7 are tight matches? In any way, this is just so stupid . Comparing one match between Rafa and novak after a h2h 29:31 which is so close to being even. Just nonsense.",@Rickcarleson2152,en,tennis
0nfHdEBYxRA,😂😂😂,@vpa80,unknown,tennis
JIdO59uX2RQ,Musique svp??,@Thur_life,fr,
JIdO59uX2RQ,On s’en serait absolument pas douté.,@huflo3178,fr,
JIdO59uX2RQ,Merci je me posais cette question . J’avais ma petite idée merci de l’avoir confirmée 👍,@veasnalao6409,fr,
JIdO59uX2RQ,Bah oui je savais,@Funp0p0115,hr,
JIdO59uX2RQ,oh les pauvres petits ils vont attraper froid 🤣,@BillyboyMasta,fr,
JIdO59uX2RQ,T'es con ou tu le fais exprès ?,@faramirsir4258,fr,
JIdO59uX2RQ,@@faramirsir4258 ah non non je suis vraiment con 👌,@BillyboyMasta,fr,
JIdO59uX2RQ,"@@BillyboyMasta Donc tu comprendras jamais que la doudoune sert à garder les muscles à la même chaleur que lors de l'échauffement... et entre nous... as-tu déjà fait de la natation, ou même simplement fait du sport ?",@faramirsir4258,fr,
JIdO59uX2RQ,"Lol les gens sont cons, faut tout leur expliquer comme à des gosses.",@toph8095,fr,
JIdO59uX2RQ,Ouai d’accord alors que dehors c’est la canicule fait 40 degrés et eux ils portent une doudoune ah ouai okkkk alors si c’est pr ça 😒,@MamzellePistache,fr,
JIdO59uX2RQ,A l'époque quand les athlètes sud coréens portaient ce genre de vêtements tout l'occident foutait de leur gueule...,@bodong8322,fr,
JIdO59uX2RQ,MDRRRRRR N’IMPORTE QUOI QUEL MONDE DE GAY 😂,@tonyroucas3276,so,
JIdO59uX2RQ,Allez vou faite voir le commentateur,@bapgames4210,fr,
UhOSZ0a9BSA,"Tap on the play button ▶️ to watch me COMPETE in the OLYMPICS! That's right, I competed AND... set a world record 😉 NOW WATCH MY WHOLE VLOG NOW! 🙌🏼",@IanBoggs,en,football
UhOSZ0a9BSA,Ok,@Trickshotsszz,af,football
UhOSZ0a9BSA,Yass,@Maxine902,fi,football
UhOSZ0a9BSA,PIN YOUTUBE 😭🙏,@hishammr,cy,football
UhOSZ0a9BSA,Congratulations 😊❤,@Nyla-l7q,en,football
UhOSZ0a9BSA,I'm learning French,@stacikotsch5781,en,football
UhOSZ0a9BSA,I love your videos ian ❤,@malekhefnawy4896,es,football
UhOSZ0a9BSA,This is so random but he literally looks like a clone of simu liu😂😮,@user-qf6jh1rd8d,en,football
UhOSZ0a9BSA,"Waterpolo homies.
click here
👇",@ImAnOrphan,en,football
UhOSZ0a9BSA,Omg 😨,@syedabdulrehmangillani8613,tl,football
UhOSZ0a9BSA,People who Ian Boggs on Jenn hoyos channel!!😮😮,@DannyTheCreeperanimations,en,football
UhOSZ0a9BSA,"When you go out night, Paris, Eiffel Tower starts glowing It’s so beautiful. Trust me!!!!!!!!!!!!!!!!!!!!!!!!!!!!!!!",@giannaariza468,en,football
UhOSZ0a9BSA,You the best I can i join you,@TheresaGabuya,en,football
0mdMgW5vaao,Por primera vez en su reputa vida tiene un poco de razón la Nico,@thecubano9484,es,
0mdMgW5vaao,Todo libro malo entre sus páginas siempre hay algo bueno.,@delioramontorresrodriguez1154,es,
0mdMgW5vaao,Pero Maduro no es de izquierdas?,@gorrarica9282,es,
0mdMgW5vaao,"P JUEGOS PARA DISTRAER LAS GUERRAS Y LA MATAZON EN PALESTINA,, SON UNA BASURA",@alfonsososa7720,de,
0mdMgW5vaao,Eso es verdad y todos criticamos,@ferminsanchez_elalcaldedea4110,es,
0mdMgW5vaao,"Aunque odio al dictador, en esto le doy la razón ...",@domianm,es,
0mdMgW5vaao,Tiene mucha razón!!,@javiercosta5742,es,
0mdMgW5vaao,Porfin dijo algo cierto  aunque el es un corrupto y dictador pero es lo único bueno que ha dicho,@rolandohernandez1541,es,
0mdMgW5vaao,Primera vez concuerdo con ud.Dictador de Venezuela😢,@user-xc6bc5gr5n,es,
0mdMgW5vaao,Este señor solo es loro ... se llena la boca hablando nuestro señor jesucristo. Todo lo que ha robado y las muertes que tiene en su lista de vida,@SantosRios-u9q,es,
dRYEh2sMmZo,Серобуромалиновый,@bebrastar_7,ru,
dRYEh2sMmZo,I love Paris🇫🇷... 2024,@AndrejPecus,it,
dRYEh2sMmZo,Thank you 🙏👍,@Color_mixing_official,so,
dRYEh2sMmZo,"I LOVE IT! YOUR ARE So AWESOME 👍 
🇫🇷 + 🥇🥈🥉= Pink",@JaysonFrias-ze1yh,en,
dRYEh2sMmZo,Thank you 😊🙏,@Color_mixing_official,so,
dRYEh2sMmZo,SO COOL 👍🏼😎 YOU ARE THE BEST 😊,@Colorandbeauty1,en,
dRYEh2sMmZo,Thank you so much 🙏😊,@Color_mixing_official,en,
dRYEh2sMmZo,nice,@dikshaBhandari-gg4kx,pl,
dRYEh2sMmZo,Thank you 😊,@Color_mixing_official,id,
dRYEh2sMmZo,Nepal please,@ratnathapa3470,en,
dRYEh2sMmZo,Thank you 😊,@Color_mixing_official,en,
dRYEh2sMmZo,🇬🇭🇬🇭🇬🇭,@susanneegeskov3429,unknown,
dRYEh2sMmZo,Thank you 😊,@Color_mixing_official,so,
vc8xngSFhB0,"Ich wünsche unseren Nachbarn schöne und friedliche Spiele. Ich finde es immer sehr schön, wenn die Mannschaften aus der ganzen Welt mit ihren Fahnen in das Stadion kommen. Die Jugend der Welt kommt zusammen. Alle freuen sich dabei zu sein. Die kleineren Manschaften werden immer besonders empfangen, Athleten und Sportarten, die sonst wenig Aufmerksamkeiten bekommen, können sich der ganzen Welt präsentieren. Die olympische Idee ist etwas wundebares!
Liebe Grüße aus Deutschland!",@Nothing-Toulouse,de,
vc8xngSFhB0,Gg pour le video,@eloiozanne9987,fr,
vc8xngSFhB0,👏👏👏🇫🇷🇫🇷🇫🇷🥇🏅🥇,@user-yb9vk3dv6h,unknown,
vc8xngSFhB0,Du grand art,@evans7103,af,
j_8zUoRhBJo,"Subscribe my channel for more exciting and informative shorts

https://www.youtube.com/@hassanfaraz2987?sub_confirmation=1",@hassanfaraz2987,en,
j_8zUoRhBJo,How freaking insulting to the art of break dancing,@snaazir6099,en,
j_8zUoRhBJo,Not a breathe fresh air! It stunk!,@j-9w772,en,
j_8zUoRhBJo,She really thought 🤣 she was 😎 😂😂,@jackie6742,en,
j_8zUoRhBJo,Talking because of how hilariously bad her performance was,@danvinci9590,en,
j_8zUoRhBJo,She has no style  She sucks!,@tompeters7486,en,
j_8zUoRhBJo,She sucked! Plain and simple,@colinconnolly892,en,
j_8zUoRhBJo,She arrogantly flaunted her lack of talent proudly.  She devalues the title professor.,@katherinegeorge4945,en,
j_8zUoRhBJo,Grown woman trying to act like a teenage boy.,@PetiteKeyboardist,en,
j_8zUoRhBJo,Her performance was a stinky fart that the wind hopefully blows away soon,@robertluna8993,en,
j_8zUoRhBJo,OMG ...Noooooo   Raygun is VERY UNPROFFESINAL . She should not give up her day job,@colindarling5552,en,
ibiw8AQOycs,Real life john wick,@yuto_san,en,shooting
ibiw8AQOycs,He is real Sharp shooter,@alamgirkabir2244,en,shooting
ibiw8AQOycs,❤️🕋🇹🇷🇵🇸🇹🇷❤️,@selcukyilmaz4884,unknown,shooting
ibiw8AQOycs,"Him at the olympics:😐

His real personality 😄",@garyallen9109,en,shooting
ibiw8AQOycs,YA SALAAM,@rahawanirajamamat2805,so,shooting
ibiw8AQOycs,She has 5 World and 4 European championships.,@BJK-gr3uq,en,shooting
ibiw8AQOycs,Ben onu gördüm bir kere,@user-he6lo8we9f,tr,shooting
ibiw8AQOycs,🇦🇹🇦🇹🇦🇹🇦🇹,@W.ed1ts,unknown,shooting
ibiw8AQOycs,Kahramanlar asla unutulmaz..,@Volkan_53,tr,shooting
ibiw8AQOycs,Allahtan instagram o gunlerde erisim engeli vardi yoksa bizim türkler habire kendimizi övmek icin sıraya girecek itici olacaktik.birakalim onlar övsunler kaldiki övüyorlar,@lgazkaya3385,tr,shooting
v-Mrj8si4lA,Turkey 💪🏻🇰🇿🇹🇷,@Bakdaulet-m9s,tr,cycling
v-Mrj8si4lA,"I am very fascinated by this in a good way, i love this - but what i don’t understand is if they’re trained for this why is no one hitting bang on in the middle ?",@lizzy6783,en,cycling
v-Mrj8si4lA,"For those wondering, No Gear Hitman (Yusuf) got best score (151) but his teammate got worst score (145). Serbians got 149-149 and they won gold medal.",@mugairkaya5024,en,cycling
v-Mrj8si4lA,Y 4:34 4:34 4:34 4:34 4:34 4:34,@CabirAlekberov,cy,cycling
v-Mrj8si4lA,Y,@CabirAlekberov,cy,cycling
v-Mrj8si4lA,T,@CabirAlekberov,vi,cycling
v-Mrj8si4lA,"Превосходное выступление всех спортсменов. Они само совершенство, не зависимо от занятого места.",@v.polovcev2538,ru,cycling
v-Mrj8si4lA,"As a Greek, I don't know why but I rooted for Turks. At the end of the day we are neighboors.",@eimaioTzon,en,cycling
v-Mrj8si4lA,Serbia king,@Nikola77,id,cycling
v-Mrj8si4lA,I am looking for the playing music. Does anyone have any idea?,@ersins8189,en,cycling
QiQ0pBftKCA,People still like Ben Johnson more than Carl Lewis.,@ForkCandle123,en,athletics
QiQ0pBftKCA,Ben Johnson was the winner - not Carl Lewis. They were all on the juice.,@user-zu9go2fm8g,en,athletics
QiQ0pBftKCA,It was a fair race - everyone was on the juice.  But Johnson is a villain and Lewis a hero.  Everything is a scam.,@The_Crowman,en,athletics
QiQ0pBftKCA,"Lewis will never admit it, but he was dirty af his whole career. They all are- yes, even bolt. Fight me.",@ThePrimot,en,athletics
QiQ0pBftKCA,Ben the greatest ❤,@fatmansprinter,en,athletics
QiQ0pBftKCA,They are all on something! Do you really think Usain Bolt was clean? Gimme a break ffs!,@popdog75,en,athletics
QiQ0pBftKCA,He had help. That's how Johnson did it. What a clown.,@u.s.n.retired1995,en,athletics
QiQ0pBftKCA,Why other atheletes not penalize    why only Ben    Ben is the greatest of all,@memitath9975,en,athletics
QiQ0pBftKCA,That’s like someone dismantling bolt running 9.58 😂😂,@leonleon2276,no,athletics
QiQ0pBftKCA,"Commentator says """" it a fair start """" how wrong could he be 😂",@LukeLloyd-lk7ux,en,athletics
ANcsQ4ZKLqs,Anak bangsa yg membagakan bangsanya,@firmandamarjatidamarjati9993,tl,
ANcsQ4ZKLqs,❤️👍,@my_data,unknown,
ANcsQ4ZKLqs,Olimpiade paris bulutangkis jeblok..parah..pbsi kudu bertanggung jawab penurunan prestasi ini,@kucinglucu9786,id,
ANcsQ4ZKLqs,😁,@my_data,unknown,
ANcsQ4ZKLqs,Wushu bukannya langganan emas yah? Lindswell?,@ghiaandiky165,id,
ANcsQ4ZKLqs,Bukan,@my_data,id,
ANcsQ4ZKLqs,"Kok Tunggal putri bultang yg kmaren juar brp itu ya..yg di bangga2in..blm layak dia krn finalya tanpa bertanding..yg punya hak mrk yg juara tapi bertanding..
Pastinya kedepannya pasti akan lahir atlet yg sell membuat indonesia raya berkumandang di ajang olimpiade..❤",@user-wh3zi6kh5d,id,
ANcsQ4ZKLqs,Usaha sampai semifinal di olimpiade sudah luar biasa,@my_data,id,
ANcsQ4ZKLqs,"😢😢😢😢😢😢😢😢...
Semngat trus buat negara ku Indonesia..
Im stay Will huge you with hard",@richardwildrickwildrick7384,id,
ANcsQ4ZKLqs,❤️👍,@my_data,unknown,
ANcsQ4ZKLqs,"Ginting ga ada…
Hhhehehe",@ramadzantaslim7894,id,
ANcsQ4ZKLqs,Ginting pernah dapat medali perunggu,@my_data,id,
ANcsQ4ZKLqs,❤❤❤❤❤❤❤❤,@Achanns_rusfaidah,unknown,
ANcsQ4ZKLqs,❤️👍,@my_data,unknown,
ANcsQ4ZKLqs,Terima kasih para pahlawan ku,@entatsuhartati7455,id,
ANcsQ4ZKLqs,👍❤️,@my_data,unknown,
ANcsQ4ZKLqs,"Ini baru Anak""yg hebat ,mantep keren",@euisrahmawati8928,id,
ANcsQ4ZKLqs,IYA,@my_data,id,
ANcsQ4ZKLqs,❤❤🎉❤🎉,@fahryhusein9050,unknown,
ANcsQ4ZKLqs,👍❤️,@my_data,unknown,
D_9T9LullVw,On est envahi par les bots,@quelquun-h9n,fr,
D_9T9LullVw,Ptn les botes,@jeandelaunay-hv6kr,fr,
D_9T9LullVw,Mais oui mdr 😂,@Claudeengolaze2966,fr,
XFLoXchxDYs,It looks weird and is not useful or fun at all. Why does this sport exist?,@prof7304,en,
XFLoXchxDYs,"Just remember there is break dancing as well, and I cringed even more so with that.",@SgtMiller,en,
XFLoXchxDYs,This woman is just coping.. this shit stupid,@Techedship54,en,
XFLoXchxDYs,"ok but this shit is actually painful, the ""walk"" is a sham, your body still recognizes it as running and responds with the same amount of muscle strain and exhaustion",@rando39022,en,
XFLoXchxDYs,How is nobody talking about how rad her jacket/shirt/whatever is?,@the.other.ian.,en,
XFLoXchxDYs,"Race walkers are all running, they cheat",@fweeduff,en,
XFLoXchxDYs,And y’all like this more than breaking???,@dominicslimjim7966,en,
XFLoXchxDYs,"I didn't know in the US, people mock this. In Mexico is like a normal thing.",@agtugo9197,en,
XFLoXchxDYs,This is me booking it to the Walmart bathroom with a turd knocking at the back door.,@daphne10120,en,
XFLoXchxDYs,this always reminds me of that malcolm in the middle episode,@Runelph,en,
pPoKA5XBkGw,Bring back pankration!!!,@Brandon-ob9rg,en,archery
34BzSjOiY5U,Wow❤❤❤l love youv😊😊😊,@beatawasowicz-kozie4296,en,
34BzSjOiY5U,You inspire me,@abraaomeireles5262,fr,
34BzSjOiY5U,🇨🇵🇨🇵🇨🇵🥇🥇🥇🥇😊😊,@виктория-ф6п,unknown,
34BzSjOiY5U,🎉🎉🎉🎉🎉🎉🎉🎉🎉🎉🎉😮😮😮💪💪,@shakeelruhomaun509,unknown,
34BzSjOiY5U,Good job on the marathon,@danielmasters1602,en,
34BzSjOiY5U,Everyone got a medal😂🎉,@danielmasters1602,en,
34BzSjOiY5U,Tan chimba👌🏼,@Almendra1031,sw,
34BzSjOiY5U,❤️🔥,@Maksim-nv4mu,unknown,
34BzSjOiY5U,OMG 😱,@JonathanCuerrier-mn2xz,de,
34BzSjOiY5U,𝒃𝒓𝒂𝒗𝒂,@paolotortora8705,unknown,
MGHN1m-3rpY,Woow❤,@shrutiseth3805,pl,
MGHN1m-3rpY,❤️❤️,@TheGenZvision,unknown,
MGHN1m-3rpY,Cant choose only one of them... but surely vinesh stole the ❤️,@soumilighorai7715,en,
MGHN1m-3rpY,Yessss 🤩❤️,@TheGenZvision,fi,
MGHN1m-3rpY,"Such naivety. She was disqualified from the competition, and it's shameful to even give her any appreciation.
No wonder India is so behind in the Medal Tally.. Indians wre celebrating their Mediocrity.",@toraiseijuro,en,
MGHN1m-3rpY,"I wish you had a better understanding of sports !! What happened to her can happen to any athlete

She had the right weight just 24 hours before her final match.

Along with diet, stress, water, rest, sleep all the things can affect the body weight. Sometimes it can go up and down even if you are very careful.",@TheGenZvision,en,
MGHN1m-3rpY,BHai silver boy Niraj nahi golden boy Niraj Chopra,@maheshkapooriya6914,sl,
MGHN1m-3rpY,"Yes golden boy, my bad sorry !🥹",@TheGenZvision,cy,
MGHN1m-3rpY,Vinesh 5 gold medal 🥇,@PremThakur-zz3jv,en,
MGHN1m-3rpY,But not an Olympics one 💔,@TheGenZvision,en,
MGHN1m-3rpY,@@TheGenZvision  5 gold vese bhi nahi he Asian games Commonwealth me b,@PremThakur-zz3jv,en,
MGHN1m-3rpY,Yes rightt,@TheGenZvision,en,
MGHN1m-3rpY,"Disqualified with zero medal but Hvaa baazi dekho.
😂😂😂",@pingping6967,en,
MGHN1m-3rpY,She just got unlucky. Otherwise silver was guaranteed and gold was on the cards 🔥,@TheGenZvision,en,
MGHN1m-3rpY,@@TheGenZvision God Humbled her Attitude. Always Stay Grounded. Time is Powerful,@pingping6967,en,
MGHN1m-3rpY,God doesn't exist ​@@pingping6967,@themastermind69,tl,
MGHN1m-3rpY,@@pingping6967teri behen ko koi sexually harass krega tab b yahi bolna,@Crayonscrazy,id,
MGHN1m-3rpY,@@pingping6967so you support brijbhushan singh?,@Crayonscrazy,tl,
MGHN1m-3rpY,Vineag phogat,@kavitaseth1071,tl,
MGHN1m-3rpY,Best,@TheGenZvision,de,
MGHN1m-3rpY,Greaattt!!,@poonamseth195,sv,
MGHN1m-3rpY,Thanks,@TheGenZvision,en,
MGHN1m-3rpY,Wowwww !!!,@user-ik3zw1vj9e,pl,
MGHN1m-3rpY,Thanks,@TheGenZvision,en,
2tLeYfKdr2s,Gold medal,@josemanon6295,cy,cycling
2tLeYfKdr2s,"Olympics are so boring, you start just read a book",@mahowanderlust5734,en,cycling
2tLeYfKdr2s,I bet she's reading a UBS rules book,@mshgoodman,en,cycling
2tLeYfKdr2s,👍🏻👍🏻👍🏻👍🏻😃,@user-rx8fi8cg5j,unknown,cycling
2tLeYfKdr2s,I love her and her beach volleyball partner ❤,@itendj5386,en,cycling
2tLeYfKdr2s,Respect her privacy.,,en,cycling
2tLeYfKdr2s,"The worst Olympics of all time is ""Paris 2024"". So far, 2440 athletes have been robbed by thieves in hotels and on the streets, and 167 people have been infected with plague microbes due to rats on the streets. Biased decisions of referees and many other scandals.",@kalbi.mecruh,en,cycling
2tLeYfKdr2s,"What kind of bs reading is that?? eating banan, listening to music and reading....choose two.",@GallaxyCreator,en,cycling
2tLeYfKdr2s,@@GallaxyCreator exactly bro 😂,@sadrataheri7066,en,cycling
2tLeYfKdr2s,You can’t understand… reading while you listen green sounds/soft music/classic music is an incredible brain training,@Kukuz,en,cycling
2tLeYfKdr2s,She has exams coming up...,@hakanliljeberg790,en,cycling
2tLeYfKdr2s,😊,@sadrataheri7066,unknown,cycling
-d_VA_F-nGA,Concentration avant le match,@philippebelouin3307,fr,
-d_VA_F-nGA,"GRADISSIME  I SEGUO DA SEMPRE , SALUTI DALLA SARDEGNA ❤❤❤❤",@giuseppemanca5030,so,
-d_VA_F-nGA,"Le nostre piccole grandi donne regine olimpiche❤ ci pensate sempre voi a darci delle soddisfazioni.
Ps, Sylla sei tutti noi.",@giannisutto8502,it,
-d_VA_F-nGA,Ci voleva....❤❤❤❤❤,@user-px7vw5su6b,sl,
-d_VA_F-nGA,Il riposo delle Guerriere!🤗💟,@ennio864,it,
-d_VA_F-nGA,❤❤❤❤❤,@filipporicci7678,unknown,
-d_VA_F-nGA,Felicidades italia,@lizethmeli,pt,
-d_VA_F-nGA,"Congratulation ITALIA
Gold medals is waiting for you 😂😂😂😂🎉❤",@begin-sianturibahrum2369,en,
-d_VA_F-nGA,Team Italia di untungkan dg adanya ratu volleyball dunia ( Igonu) yg secara psikologis membuat lawan merinding sebelum bertanding sehingga melemahkan mental para pemain lawan.,@sehilaharyadi9654,id,
-d_VA_F-nGA,It's egonu not igonu,@StellaCasini,tl,
-d_VA_F-nGA,Team ITALY is ALL strong not only Egonu!!! Stop write stupid comments pls😠🐸,@laranocchia3764,en,
-d_VA_F-nGA,Abbiamo anche Sylla Orru  de Gennaro Danesi Antropova  Fharr ecc ecc  l'italia non ripeterà per altri 20 anni una squadra come questa.,@giannisutto8502,it,
-d_VA_F-nGA,non ci credo manco io❤🎉,@chiaramac2158,it,
TG4zGH2Q_xs,Il a l’air d’être pas trop essoufflé en plus truc de ouf,@Bouab-ut7so,fr,
TG4zGH2Q_xs,Regardez vraiment ce que veut dire les mots avant de les marqué.   Légendaire.   Qui n’existe que dans les legendes.  Opposé à historique,@KALIDOR76,fr,
TG4zGH2Q_xs,On ne s'en lasse pas,@klintamore,fr,
TG4zGH2Q_xs,Les 50m derniers mètres sont ahurissant !!,@fabricerenard-marlet8742,fr,
TG4zGH2Q_xs,Clairement l'un des meilleurs moments des J O,@daddynico0648,fr,
TG4zGH2Q_xs,Dopage mon amour,@romeopasquariello169,fr,
TG4zGH2Q_xs,Exceptionnel ! Il nous a donné des frissons ❤,@Mikasa-no-sora,fr,
TG4zGH2Q_xs,Plus excitant qu'un match de foot..et personne casse  la gueule des autres supporters...vive les sports intelligents ❤,@isabellepushkar5744,fr,
TG4zGH2Q_xs,MAGNIFIQUE ❤❤❤❤❤,@mariecornu727,sw,
TG4zGH2Q_xs,Historique !!!!,@darkrap1900,fr,
FuiJHJz4f5Q,"Интересно есть на Ямайке памятник ему,он явно заслужил.Его знаменитый жест неужели не увековечили.",@user-zz4vn2qb9z,ru,athletics
FuiJHJz4f5Q,"♥️EARTH♥️
                  ♥️♥️SPACE♥️♥️
♥️♥️♥️ETERNITY♥️♥️♥️♥️♥️",@bogdanpetek4359,de,athletics
FuiJHJz4f5Q,Wilson Edward Lee Brenda Miller Sarah,@GalbraithEli-m5i,de,athletics
FuiJHJz4f5Q,mane jus hit a world record first clip while celebrating before even finishing💀💀,@aorcyc2927,en,athletics
FuiJHJz4f5Q,Clean sweep 🔥🔥🔥,@raajayoga,en,athletics
FuiJHJz4f5Q,I hate this music,@Bedfford,en,athletics
FuiJHJz4f5Q,Zackary Forges,@GabrielPaul-i4l,pl,athletics
FuiJHJz4f5Q,Anyone watching after the Paris Olympics?,@iknowyouate,en,athletics
FuiJHJz4f5Q,This video would be nicer if it didn’t have all this music over it,@Retroversity,en,athletics
FuiJHJz4f5Q,TOMMY  LÊ  CON  LAI  MỸ  ĐEN  VỚI  ĐỨC  KÍNH  CHÀO  QUÝ  VỊ,@MINHAUBO86MINHTOCHAIMAI8-uw4km,vi,athletics
-lRsPyKZLCc,А наркоманов то кто допустил?!,@Sova_Poliyrnaiy...,ru,
-lRsPyKZLCc,Вот именно кто тебя допустил к телефону,@Batosai_007,ru,
-lRsPyKZLCc,"@@Batosai_007 : а я не швед, и даже не со Скандинавии! Причём здесь телефон?",@Sova_Poliyrnaiy...,ru,
-lRsPyKZLCc,@@Sova_Poliyrnaiy... Наркоманов нельзя допускать к интернету,@Batosai_007,ru,
-lRsPyKZLCc,Ну тебя я имею ввиду когда говорю наркоман,@Batosai_007,ru,
-lRsPyKZLCc,@@Batosai_007 : ну так ведь по себе же о людях не судят!...,@Sova_Poliyrnaiy...,ru,
F4dTDE5mmmc,C'est un grand homme c'est un dieu,@franckgousse9731,fr,
F4dTDE5mmmc,"Tant que marine lepen est sa bande ne passerons pas au pouvoir, il y aura des talents.",@joegale5783,fr,
F4dTDE5mmmc,Un esprit bien dans un corps sain.🎉,@user-tb6hr3fq6g,fr,
F4dTDE5mmmc,Bravo 🎉🎉🎉,@user-jn3rl9rd5o,sk,
F4dTDE5mmmc,Vive la guadeloupéenne bravo Tedy,@marcillaudwilhelm442,fr,
F4dTDE5mmmc,"La classe ! Trop régulier, rapide comme un éclair, une légende notre Teddy! Merci du fond du coeur ❤",@Filou1508,fr,
F4dTDE5mmmc,Trop facile pour teddy,@90827azerty,en,
F4dTDE5mmmc,Le japonais s'est fait battre comme un débutant,@90827azerty,fr,
F4dTDE5mmmc,Teddy Winer......,@JeffdeBlois,cy,
F4dTDE5mmmc,Mes moi j’ teddy rinner,@ludibrane7281,cy,
Pv13kKmZ8D4,"In 2028, we hope there will be Mario & Sonic at the 2028 Los Angeles Olympic Game. 

In the future 'Mario & Sonic at the 2028 Los Angeles Olympic Game', we hope there will be Walt Disney characters including, Mickey Mouse, Minnie Mouse, Goofy, Pluto, Donald Duck, Daisy Duck, etc.  

We truly recommend Walt Disney characters as main characters of the 2028 Los Angeles Olmpic Game.",@jaehojeong5036,en,
Pv13kKmZ8D4,We lost this… TO NFTS!!!!!!!,@Lumamations,en,
Pv13kKmZ8D4,yeah definitely and it’s sad that Mario & Sonic At The Olympic Series is now dying because of them,@Sonicboy06Dylan,en,
Pv13kKmZ8D4,"Sorry, this game never happened, never did, RIP Mario & Sonic Olympics Games",@VSSEDragon3,en,
Pv13kKmZ8D4,yeah it’s sad it didn’t happen but I did made a video of animation basically saying it is not happening,@Sonicboy06Dylan,en,
Pv13kKmZ8D4,"@@Sonicboy06Dylan I know, right?",@VSSEDragon3,en,
Pv13kKmZ8D4,Yeah definitely,@Sonicboy06Dylan,en,
Pv13kKmZ8D4,@@Sonicboy06Dylan but their fun memories last forever,@VSSEDragon3,en,
Pv13kKmZ8D4,@VSSEDragon3 yeah definitely,@Sonicboy06Dylan,en,
Pv13kKmZ8D4,Rip brozzo,@chargemankenia,hr,
Pv13kKmZ8D4,This game wont happen. The entire series is over. The Olympics cancelled the partnership in favour of eSports & NFTs,@WeAreSTV1_Inc,en,
Pv13kKmZ8D4,yeah I know I made a video about it like back on the July 27th,@Sonicboy06Dylan,en,
Pv13kKmZ8D4,Awesome Mario and Sonic game!,@TramiNguyen-oi3kp,en,
Pv13kKmZ8D4,We were staying in Paris,@Buck_Bentley,en,
Pv13kKmZ8D4,So stupid...I love it!,@madisonlongley5082,sl,
Pv13kKmZ8D4,Tomorrow,@RoxasEdmund,en,
Pv13kKmZ8D4,If there’s anyone out there who can email the company if they can make a nintendo WII version of Mario and sonic at the Paris 2024 olympic games i would be so happy and i am asking for it,@user-yn8fy3zj3l,en,
am_79ZPR6xE,Who's is Paris?,@damiendrakejr2241,en,
am_79ZPR6xE,"Crazy because without Nedorozic realistically we would not have gotten the silver medal, let alone the bronze, in which we would have less medals than China and would not have won the Olympics",@RwR1381,en,
am_79ZPR6xE,This aged well,@skateata1,en,
am_79ZPR6xE,The thing about mitigating injury risk is that it doesn't work. If one of your best guys gets injured during the competition you're screwed no matter what. You might as well optimize for the best case scenario,@justinw4514,en,
am_79ZPR6xE,"Bias cannot be avoided in any human endeavor…. It was a human that designed the algorithm, right??",@spiroszombolas,en,
am_79ZPR6xE,Imagine if the specialist flopped when they needed him most,@stealthis,en,
am_79ZPR6xE,"""short-sighted"", you say?",@akpokemon,en,
am_79ZPR6xE,steve earned gold for usa so 🤭,@sh4rkb4it,en,
am_79ZPR6xE,"No, Bronze actually but still very cool! Good for him!",@rachel6918,en,
am_79ZPR6xE,Why are there 5 artistic male gymnasts but only 4 women? Are there more events in male artistic gymnastics?,@aliciaballesteros-mitchell1059,en,
am_79ZPR6xE,Yes they are I think women have 4 while men have 6,@diorse8851,en,
am_79ZPR6xE,How did my country only have one guy in gymnastics but won 2 golds? 😭❤ (im from the philipines),@Rezrhianslays,en,
lrnylsQn-Vc,Ap rajput ha kya,@AffectionatePalmTrees-py4wr,id,
lrnylsQn-Vc,What haircut you have?,@Shine22222-n,en,
lrnylsQn-Vc,Voice >>>>> So Softly.☺💕🍁,@Magic_peach_12,en,
lrnylsQn-Vc,Mind blowing Ho didi aap😂,@PRADEEPSHARMA-wy1jj,af,
lrnylsQn-Vc,Karishma Ki real voice change Hai haiina na ?❤😊,@user-qd4dy1su6c,sw,
lrnylsQn-Vc,u met tinaa yong u and she is my favrts my two favrts in  one frame❤,@MehrabJamil-o2f,en,
lrnylsQn-Vc,Sponsored by Reliance?,@khatronkaykhiladi,en,
lrnylsQn-Vc,App video kyu nhe bana the 😢,@AreebaAsghar1122,en,
lrnylsQn-Vc,roi roi se mama ji ki papad yad aa gyi 😂😂,@khushimalviya8447,sw,
lrnylsQn-Vc,Hi mam me aapki diet heart ❤️ fan hu kiya aap mere sath Collab kroge ek baar me apse milna chahti hu mujhe apki trah youtuber bnna h,@pkkamta,id,
0JWMQ8dUgkM,🎉😂🎉,@MuhammadIjaz-k5i,unknown,
0JWMQ8dUgkM,❤❤❤❤,@BakirBakir-l9h,unknown,
0JWMQ8dUgkM,Mashallah ❤,@amnahabib293,so,
0JWMQ8dUgkM,❤❤❤❤❤❤,@user-rk2xi2mz7l,unknown,
0JWMQ8dUgkM,❤❤❤❤❤❤❤❤❤❤❤❤❤❤❤❤❤❤❤❤,@user-gv7mu3rl1m,unknown,
ZqYqo7A2Vl4,I’m already addicted,@HaniAlSaleh-e6e,cy,cycling
uSeSWZmB1S8,Je suis breton et je vous emmerde. 💙🤍💔🖤🤍,@erwancojean8003,fr,
uSeSWZmB1S8,The best way 🇨🇵💯❤️❤️❤️,@user-bl2cy5es8i,en,
uSeSWZmB1S8,Quel sport ?,@DeLuxe352,fr,
uSeSWZmB1S8,❤❤🎉🎉🎉,@user-jn3rl9rd5o,unknown,
uSeSWZmB1S8,😱💞🇨🇵💞🇨🇵💞🇨🇵💞🇨🇵💞,@DemonCarla,unknown,
uSeSWZmB1S8,Une énorme pensée lointaine vous est adressé.......et un big up à tous concernant la suite.........bravo les gars.........,@user-et4yf7yg4l,fr,
uSeSWZmB1S8,Est ce qu'on peut dire que la france a roulé sur les autres pays pour cette épreuve 😂😂😂,@moisukic5969,fr,
uSeSWZmB1S8,Oooh que oui 💪🇨🇵,@newyoyo2a353,fr,
uSeSWZmB1S8,C’était quel discipline ?,@axelift,fr,
uSeSWZmB1S8,BMX,@newyoyo2a353,de,
uSeSWZmB1S8,Ces jeux sont une honte .,@user-salahcontacte,fr,
uSeSWZmB1S8,"La vraie fierté inoubliable !
BRAVO 🇨🇵🌞🇨🇵🌞🇨🇵🌞",@Jessie-i6s,fr,
fdH6tqws44o,CATHOLIC,@zytechinterior9483,en,tennis
fdH6tqws44o,G.O.A.T,@mihailoyt,pt,tennis
fdH6tqws44o,He should be on stage,@zoeyduchess4041,en,tennis
fdH6tqws44o,YOU CAN TRY ALL YOU WANT BUT YOU CANT DENY GREATNESS!!,@elwingy,cy,tennis
fdH6tqws44o,MERNA JEDINICA VREDNOSTI JE NOVAK ĐOKOVIĆ,@predragvasic5063,vi,tennis
fdH6tqws44o,NOVAK DJOKOVIĆ 🇷🇸👑🎾,@tatjanabatak6013,de,tennis
fdH6tqws44o,Emotions to the bone . Best player,@toms5612,en,tennis
fdH6tqws44o,Kralju CARE SVAKA ti čast na svemu što si uradio za SRBIJU!!!,@jovicastakic7411,hr,tennis
fdH6tqws44o,For eternity,@laurab8830,da,tennis
fdH6tqws44o,Srbija bre,@helena5574,hr,tennis
eL9yTYxYW9w,Referee help team usa,@lazarbursac3224,en,athletics
eL9yTYxYW9w,🎉,@lucalocastro1120,unknown,athletics
yg-OoztAOnU,Exclusive behind-the-scenes Olympic documentaries and more: https://oly.ch/Originals,@Olympics,en,
yg-OoztAOnU,Silver medalist,@kamau506,no,
yg-OoztAOnU,WHY I CAN NOT WATCH FROM GERMANY???,@christo6068,en,
yg-OoztAOnU,These people are true athletes doing their gift,@natalieshilariouscritters5580,en,
yg-OoztAOnU,This is what we want to see,@natalieshilariouscritters5580,en,
yg-OoztAOnU,"Cette discipline est entrée aux JO mais le karaté,non  absurde",@yves6392,fr,
yg-OoztAOnU,Bronx stand up! It’s amazing seeing one of the pillars of hip hop on the global stage!!!,@Farahsn23,en,
yg-OoztAOnU,Dope.,@eric209,ro,
yg-OoztAOnU,Olympic 😅,@PahadiMard,en,
yg-OoztAOnU,🔥🔥🔥,@BBOYAXY,unknown,
6Rm1Dy3jwkM,Damn!,@TubbysWorld4413,sv,rowing
6Rm1Dy3jwkM,"Congratulations Dr. Imogen Grant! 🎊🎉
I am doing MBBS internship in Delhi.",@anshumandhingan6277,en,rowing
6Rm1Dy3jwkM,"The best thing about the Olympics isn’t the major events (100m etc) which are full of professional full time athletes even in the heats, it’s the slightly-sponsored-but-not-much amateurs who absolutely excel in the stuff outside the majors",@tomsmith6882,en,rowing
6Rm1Dy3jwkM,what the hell! Next time someone asks if superhumans exists I'll point to dr. grant.,@ariiii6649,en,rowing
6Rm1Dy3jwkM,Well done Dr Grant,@nathd1748,de,rowing
6Rm1Dy3jwkM,You go girl⭐,@RIFKI8872,cy,rowing
6Rm1Dy3jwkM,👏👏👏,@al3x-.,unknown,rowing
6Rm1Dy3jwkM,❤❤❤❤❤❤❤❤❤❤❤❤❤❤,@GeorgeBrawlStarsSussyQ,unknown,rowing
6Rm1Dy3jwkM,C bien,@MisterDaims,nl,rowing
6Rm1Dy3jwkM,Incredible this shows female power,@Neverbeenblanderpanda,en,rowing
2YMYUNIyfHo,We love team USA from Thailand,@Blueebb,en,volleyball
2YMYUNIyfHo,USA  เบอร์1/11/12  ติดทีมมานาน ผลงานยังยอดเยี่ยมเสมอ,@user-rt8os7pt5q,th,volleyball
2YMYUNIyfHo,USA  เบอร์1/11/12  ติดทีมมานาน ผลงานยังยอดเยี่ยมเสมอ,@user-rt8os7pt5q,th,volleyball
2YMYUNIyfHo,Congratulations team USA 🇺🇲 from India 🇮🇳🇺🇲🇮🇳,@user-wj5ho4dn9n,en,volleyball
2YMYUNIyfHo,Excellent...🥰🥰🥰,@user-bp8yn7xp5l,ca,volleyball
2YMYUNIyfHo,Why does it say Tokyo Japan??  Is this game old???,@trudygaldeen3432,en,volleyball
2YMYUNIyfHo,"congrat team USA,  love u guys",@rizeljoycamma3496,en,volleyball
2YMYUNIyfHo,USA USA USA 🎉,@user-kb1mp1jx3b,sv,volleyball
2YMYUNIyfHo,It looked like USA had a foot fault at 42:44,@ninagallagher3987,en,volleyball
2YMYUNIyfHo,on the 3rd set why they take back Turkey's point without showing us if there really was a net touch. Through out the entire game we can see the requested challanges but why not at that time ???,@nisk6582,en,volleyball
2Pry9I9AMwI,What a Edit,@justafootlover6683,en,
2Pry9I9AMwI,-365 days...,@eleonoracausi5299,so,
KIHMLS4kTOE,Boooo😂😂😂,@leviketcher4409,so,
KIHMLS4kTOE,Absolutely stunning and perfect and to the Olympic Games❤❤🎉🎉,@shampabhattacharya9054,en,
KIHMLS4kTOE,He did a great job. He in his 60's . He was a great choice. I grew up watching him.,@gonzalezpandura,en,
KIHMLS4kTOE,I think he did not steal the show but rather added with his stunt for me a great memory to the amazing Olympic's Closing in 2024 in Paris!!!,@powerfulstardust5012,en,
KIHMLS4kTOE,"He doesn't need anymore exposure. Give someone else a turn. Why allow him ""to steal the show one last time"" (commentor)? Doesn't he get enough attention and thrills from being in Hollywood? Let someone else be permitted this role; perhaps, someone directly connected to The Olympics.",@kathydocimo9722,en,
KIHMLS4kTOE,"because, he is the best, and everybody flooding to see him and his movies. He's still humble, and appreciate his fans!! No other "" star"" like him, today.",@hunmari,en,
KIHMLS4kTOE,"por algo lo pidieron , no hay otro que haga lo mismo ,ni remotamente ,",@eduardofloreslabrin3272,es,
KIHMLS4kTOE,Because he’s a WORLD WIDE ACTION movie actor!! Who else needs a spotlight RayGun the Australian break dancer??,@lisal6121,en,
KIHMLS4kTOE,Just like Queen Elizabeth II,@emoji_page,de,
gYOX0fczREs,One for Ever 🥰 Welcome back 😘😘😘😘,@djvalio8808,en,
gYOX0fczREs,@@djvalio8808 yes she will sing again and she's fine now,@germilyn26,en,
gYOX0fczREs,❤❤❤❤❤❤,@user-xb4cz9lz6n,unknown,
gYOX0fczREs,@@user-xb4cz9lz6n thank you so much for your comment,@germilyn26,en,
gYOX0fczREs,"À 2 millions d'euros pour la chanter, elle a bien fait de venir !  🤨😐",@Marie-gt6jg,fr,
gYOX0fczREs,@@Marie-gt6jg Merci beaucoup 💕😘,@germilyn26,ro,
gYOX0fczREs,Je peux regarder ce passage pendant des heures 😢,@user-mg1ng8sq5i,fr,
gYOX0fczREs,@@user-mg1ng8sq5i thank you so much for your comment and compliment,@germilyn26,en,
gYOX0fczREs,Love you 😘😘😘😘😘❤❤❤❤,@Elsadal-zb9xq,cs,
gYOX0fczREs,@@Elsadal-zb9xq We love her very much thank you so much for your comment,@germilyn26,en,
gYOX0fczREs,THE VOICE OF HEAVEN 🌹,@Stephan-q7n,vi,
gYOX0fczREs,@@Stephan-q7n Yes she is wonderful,@germilyn26,en,
gYOX0fczREs,She's so beautiful. So glad she was able to perform in Paris. Only god knows how much longer she's able to do what she loves so much. Love all her songs.,@junefischer6650,en,
gYOX0fczREs,@@junefischer6650 We hoping that she's feeling better and sing again for us,@germilyn26,en,
gYOX0fczREs,So very beautiful ❤❤❤,@ppendergrass8410,en,
gYOX0fczREs,@@ppendergrass8410 Yes she is and hope to see her again to sing in the concert,@germilyn26,en,
gYOX0fczREs,Viva Celine Dion ❤❤❤,@robertmanguera4249,it,
gYOX0fczREs,❤❤❤❤,@germilyn26,unknown,
gYOX0fczREs,❤,@donellastrambi9119,unknown,
gYOX0fczREs,@@donellastrambi9119 thank you so much for love to our Idol Celine Dion,@germilyn26,en,
PBTux0BzdDY,👍,@Manisha-fy3xp,unknown,
PBTux0BzdDY,🥳,@dipakkokani1930,unknown,
PBTux0BzdDY,It’s strange that u are running 10 km not even in the sports gear . Fashion takes precedence over sports…. Funny,@vikramdelta,en,
PBTux0BzdDY,"It's not about fashion, it's all about a comfortable outfit.",@MostlysaneFC,en,
PBTux0BzdDY,"I remember running 10k without warmup,( I regretted that) 😂 but still I completed 🎉",@shreeyamalgunde593,en,
JyFQh95H2wg,Esse é doidão,@jotinha2802,pt,
JyFQh95H2wg,US legend 😮😮😮,@bensonotieno5031,de,
JyFQh95H2wg,❤❤❤❤❤❤❤,@Jannbright24,unknown,
JyFQh95H2wg,He used to be faster than that you guys better keep up,@everlyniahudson7894,en,
JyFQh95H2wg,Как старый дед,@awsaws7135,ru,
JyFQh95H2wg,çok iyi 🇹🇷👏,@alicakmak6546,tr,
JyFQh95H2wg,贛 跳的跟公園阿嬤的土風舞一樣,@user-oy9pm5gg7q,zh-tw,
JyFQh95H2wg,Pqp uma porra dessa tem seguidores o munda já acabou mesmo 🤮🤮🤮🤮,@adilsoncosta6195,pt,
JyFQh95H2wg,❤🥰,@meralyildiz7459,unknown,
JyFQh95H2wg,En verdad estoy asombrado como eso Ace famoso qué alguien explique cuál es la razón de su cualidad,@JoelCarrillo-uz7vr,es,
Mt_48jVTfAI,Don’t spread fake news… she visited her paternal home at Goria Jhajjar…. Shame on fake reporters and fake reporting👎,@vishalbhaker,en,shooting
Mt_48jVTfAI,"Andhanamzi shocked😂, manu rocked😊",@qwei58,sv,shooting
Mt_48jVTfAI,"Liberal Manu rocked, Andh-Bhakt shocked! 😂😅",@humanityaboveall5256,sv,shooting
Mt_48jVTfAI,Kuch facilities nhi haii faltu ki  aar na karoo,@utkarshdubey6882,sw,shooting
Mt_48jVTfAI,Good 160 crores logo me sirf 5 h bronze aye usme bhi 2 sirf Manu k h,@aayushman3,en,shooting
Mt_48jVTfAI,"Faltu ki havabaji 
Udar chaina me gold medalist hotel me serve kar rhi hai
Yahi hai hamara berojgar india",@jp11562,id,shooting
Mt_48jVTfAI,Hn Aaram se baith kr ye sb bolna use bhi bada faltugiri hai 😂😂,@anshikagupta2132,id,shooting
Mt_48jVTfAI,@@anshikagupta2132   exactly correct🥲👍,@rishisunak-nh7gs,en,shooting
Mt_48jVTfAI,Why are they getting treatment  like celebrities....,@onasunnyday366,en,shooting
Mt_48jVTfAI,Coz they r celebrities,@PoojaSharma-he7cn,en,shooting
Mt_48jVTfAI,@@PoojaSharma-he7cn how,@onasunnyday366,en,shooting
Mt_48jVTfAI,Nanga naach Wale celebrity se aacha hai​@@onasunnyday366,@SagarSingh-iy5th,en,shooting
Mt_48jVTfAI,The question should be why they are treating them like they have won gold medal?,@Nik_Heal25,en,shooting
Mt_48jVTfAI,"@@Nik_Heal25 a medalist from Korea(I guess) went back to working at his dad's restaurant and nobody recognises her ... But here manu bhaker is being treated like a God....guards aage piche, welle log photos k lie aage pichhe.... Aree ho gya bhai... Bss kro",@onasunnyday366,en,shooting
Mt_48jVTfAI,Policewale  😅😅😅😅😅😅😅,@RAJKUMAR13685,pl,shooting
Mt_48jVTfAI,"Cry left, cry liberals 🤣🤣🤣👌👌🙏",@sicmesicme2360,en,shooting
Mt_48jVTfAI,She is a liberal too go and check her social media profiles and interviews… You illiterate Sanghis need to get another burnol ready! 😂😂,@humanityaboveall5256,en,shooting
wupdC3wWsOc,Sidhharth Malhotra,@kanaiyarajgor2565,en,
wupdC3wWsOc,Salman khan can do Arshad’s Role and Arshad is a real life hero ❤,@Alishan-uk,en,
wupdC3wWsOc,Salman 😅,@Alishan-uk,tr,
wupdC3wWsOc,Karn ka putra,@himanshusamant5135,id,
wupdC3wWsOc,"Please tell me, what was the trick question? What was the trick ?",@passingby5646,en,
wupdC3wWsOc,John Abraham is best because their high and personality look like Arshad ❤,@WaqarMirza-p9x,en,
wupdC3wWsOc,"Neraj chopra rajkumar rao
Arshad nadeem vickey kaushal",@zaibop9057,sk,
wupdC3wWsOc,Shahrukh Khan be like aisi film ke lie mere pass time nhi hai 😂😂,@Ansari12508,id,
wupdC3wWsOc,Arshad Nadeem pakistani champion goldmadelist javelin trower 🏆😂❤Neeraj Chopra India champion 🎉😂❤,@zafranzafrannoor1148,en,
wupdC3wWsOc,"Arshand Nadeem --- Sonu Sood

Neeraj Chopra --- Shahid Kapoor",@BusinessBros-ud3wt,so,
cnN73Ecy0DY,cinema tout sa! au maroc ya un record a 8m mais c pas filmer alor persone il en parle!,@faridelkrachat4354,fr,
cnN73Ecy0DY,"Mettez les drapeaux dans les titres, bordel ! On ne connaît pas tous les athlètes des JO ! 🤦‍♀️",@shizukagozen777,fr,
cnN73Ecy0DY,Comme quoi c’est pas ceux qui ont un gros zizi qui saute le mieux 😂,@user-ow1sg1xp3d,fr,
cnN73Ecy0DY,Le saut réel a était mesure a 6m67,@primo1977,fr,
cnN73Ecy0DY,La bar n’a même pas tremblé un monstre qui se rappel de son face à face avec Renaul lors des Jo de Tokyo quand il avait 17ans il n’est même pas encore à son prime ce mec est flippant 🤣🙌🏾🔥,@nadhir4569,fr,
cnN73Ecy0DY,"Il saute pour la France?
Je croyais un ukrainien 😢🤑",@samz9295,fr,
cnN73Ecy0DY,Fait comme l'oiseau.....! 😉👍💪,@user-lp3wp3zr5h,fr,
cnN73Ecy0DY,"A chaque fois il monte  1cm la barre pour toucher sa prime du record du monde. 
Bravo 👍 pour lui",@philippebelouin3307,fr,
cnN73Ecy0DY,"Bravo 👍👍💪🙏,incroyable..avec guzerlampique 2024,h24 l télévision allumer 😃",@fatimarochard8504,fr,
cnN73Ecy0DY,Époustouflant ❤❤❤❤,@Anna-GloriaDaPrato,fr,
6vnToz3nNKc,❤😮❤😮❤😮❤😮,@TN_CREZY_444,unknown,
6vnToz3nNKc,😮,@sathansuvi6420,unknown,
CyPcJve94Yw,देश की बहादुर बहन,@AjayYadav-bi9uo,hi,
CyPcJve94Yw,🎉ਹੈਪੀ ਬਰਥਡੇਅ,@angrejsinghsingh1609,pa,
CyPcJve94Yw,Happy 🎂birthday to dear brave daughter👧 with good wishes🌹🌹🌹🌹🌹🌹🌹,@surinderbali5081,en,
CyPcJve94Yw,Happy birthday to my beloved sherni,@user-ji4yc3pg2v,en,
QJYjNa33JZ4,Exelente técnica ❤😊,@oscarcarrizo3577,ca,
QJYjNa33JZ4,Izi,@Renekor,hr,
QJYjNa33JZ4,Fantastisch ❤❤❤❤❤❤❤❤,@user-pi3iv8tf6y,de,
QJYjNa33JZ4,"I just saw her in the finals of the Olympics. It seems like it is her first Olympics? So sad about how the clean & jerk went, but she really can be proud of herself for putting in a fight. Hopefully, she qualifies for LA 2028.",@CatMoca,en,
QJYjNa33JZ4,Quê Deus te abençoe,@MessiasAzeredo,pt,
QJYjNa33JZ4,Acelera,@MessiasAzeredo,ro,
QJYjNa33JZ4,"Kebanyakan  ahli gym di malaysia walaupun lelaki  kalau soal weightlifting, tak boleh melakukan nya,tetapi yg kita lihat sekarang,walaupun perempuan kurus,boleh menyudah kan nya",@Millygipong,id,
QJYjNa33JZ4,Yenny is always a joy to watch. Form is so technically sound and her grit shines through always,@LNLBGLD,en,
QJYjNa33JZ4,Technically sound form without full lockout.,@hrsmp,en,
QJYjNa33JZ4,"​@@hrsmponly one arm appears that way. Further, I watched her previous showings where she didn't get red light. So, her ""lockout"" is adequate, evidently.",@jimaldo7715,en,
jdE12JQGA54,"Comment below what's your favourite sport in Paris Olympics😇

If you didn't subscribe to knowledge  pill yet, Please subscribe!!!!",@KnowledgePill,en,
jdE12JQGA54,FOOTBALL,@emilyking4609,de,
jdE12JQGA54,Basket soccer one❤,@lukmanafrija128,da,
jdE12JQGA54,😊😊😊😊,@indiananimaltv9803,unknown,
jdE12JQGA54,Go team usa if LeBron wasn't on the team but archery is fun to watch and cycling.,@linkrules32,en,
jdE12JQGA54,Artistic Gymnastics❤,@Siya-iq5ed,en,
jdE12JQGA54,I am try for taekwondo,@SandeepMaduriya,en,
jdE12JQGA54,Their Should Be Every Sport In OYLAMPICS ☻🙌,@satyajityadav8636,en,
jdE12JQGA54,Where is Jawline Through??,@health_hustle.,en,
jdE12JQGA54,Javeline Throw is event under Athletics.,@KnowledgePill,en,
jdE12JQGA54,Why kabbaddi isn't in,@adityateotia4369,so,
jdE12JQGA54,What about Karate 🥋?? 😢,@hashim019,en,
jdE12JQGA54,Very good information sir thank you.I am from India,@CompetitionVijeta,en,
jdE12JQGA54,Breakdancing over baseball,@camtymoschuk7665,id,
jdE12JQGA54,Where is Judo,@montyshekhar4005,en,
jdE12JQGA54,Bodybuilding,@ponpandian135,cy,
dU0EkbGGhso,HOE VET IS DIT?! 😱🥇🍀,@baileyderegt,en,
dU0EkbGGhso,Heel vet ik ben geaboneerd,@gijsrenses3082,nl,
dU0EkbGGhso,Niet,@HervtVisveer,de,
dU0EkbGGhso,Jij bent echt cool vriend,@MaxvanSchaijk-tn3dj,nl,
dU0EkbGGhso,Echt leuk,@jessicakelder627,de,
dU0EkbGGhso,Wist je dat er in een olimpics gouden medaille maar 8% goud is en de rest allemaal zilver is,@petrarietveld2828,nl,
dU0EkbGGhso,5 uur weg uit NL en kwart voor 7 al in Parijs ?? Hoe,@Thomas-pp9kh,nl,
dU0EkbGGhso,Dik,@TimS26,af,
dU0EkbGGhso,Echt cool😊🎉❤,@hanssmittenaar5526,en,
dU0EkbGGhso,Ik krijg nooit likes😢,@hanssmittenaar5526,et,
dU0EkbGGhso,OMG DAT IS ZO VET ❤❤,@hannehellemans,de,
dU0EkbGGhso,-WoW-,@user-ez3fs9db9r,pl,
dU0EkbGGhso,Ik ben er nu ook,@svendebruin311,af,
dU0EkbGGhso,Respect,@Aimyvoetballer,es,
holyySebfX4,Celin Dion,@oliviakoop2543,nl,
holyySebfX4,@@oliviakoop2543 ❤️,@germilyn26,et,
holyySebfX4,Ich liebe dich,@oliviakoop2543,de,
holyySebfX4,@@oliviakoop2543 thanks,@germilyn26,fi,
holyySebfX4,Ich liebe u,@oliviakoop2543,de,
holyySebfX4,Greatest voice from a greatest women,@user-yu9po3pn6t,en,
holyySebfX4,@@user-yu9po3pn6t Yes she is. Thank you so much for your comment and compliment for Celine Dion,@germilyn26,en,
holyySebfX4,I love you ❤❤❤❤❤❤❤,@syedmuhammedali9711,sk,
holyySebfX4,@@syedmuhammedali9711 we love her so much,@germilyn26,en,
holyySebfX4,Diva!!!,@joselitabrito672,hr,
holyySebfX4,@@joselitabrito672 grazie,@germilyn26,lt,
holyySebfX4,😂 q dios te bendiga tu voz debe renacer para ser mensajera de dios,@carmenenriquete6559,es,
holyySebfX4,Muy gracias Amiga,@germilyn26,es,
holyySebfX4,"Nagyszerű egy legenda énekesnő,örökké jobulàst kívánok üdvözlet ❤❤",@brigittakristof7475,hu,
holyySebfX4,@@brigittakristof7475 thank you so much for your comment on Celine Dion,@germilyn26,en,
holyySebfX4,Pauvre Céline est partie en biberine depuis qu'elle a perdu René.,@pascalerolland2782,fr,
holyySebfX4,Yes because she love her husband very much ❤❤❤,@robertmanguera4249,en,
holyySebfX4,Yes i think that so because she loved her husband very much and she's faithful to him,@germilyn26,en,
holyySebfX4,​@@robertmanguera4249thank you,@germilyn26,en,
holyySebfX4,"​@@robertmanguera4249certainement elle l'aimait mais c'était un vrai manager qui savait la conseiller et la protéger et depuis qu'il n'est plus là,  elle fait n'importe quoi .",@pascalerolland2782,fr,
holyySebfX4,Remélem igazi vagy!❤,@zsuzsannamolnar3372,hu,
holyySebfX4,We are hoping too,@robertmanguera4249,en,
holyySebfX4,Maybe she's real and i hope she's well after her health problem.,@germilyn26,en,
XbfraKkipS8,And Liu Xiangs OR remains unbeaten 20 years on,@OtakuLogan2017,en,cycling
XbfraKkipS8,Eurosport you have ruined olympics. Show the damn results.,@asadm9522,en,cycling
XbfraKkipS8,"It is wrong that 3 athlets fr Jamaica, 3 fr USA in the final. 1 fr Asia, 1 european. Other countries have also right to be in the final!",@saulepetersson206,en,cycling
XbfraKkipS8,"Horrible edition of the videos. Some highlights are super short with no results and celebration, while others super long. Copyrights have ruined everything in the long run",@distritodisfruta8201,en,cycling
XbfraKkipS8,00:31 is that a JOJO REFERENCE?,@rindar1,en,cycling
XbfraKkipS8,I love Flamingo's shorts. Congratulations ✨,@ewad8727,en,cycling
XbfraKkipS8,"¡LLOPIS 🇪🇸🏃‍➡️💪 ya estás INSTALADO en la ELITE!
AHORA comienza lo COMPLICADO...¡MANTENERSE!",@franciscosalazarbueno542,es,cycling
XbfraKkipS8,Who is she?,@canbarut8310,en,cycling
XbfraKkipS8,Hey EuroSprts! Wait for the result table at the end!,,en,cycling
XbfraKkipS8,U S A !!! U S A !!! U S A !!!,@teodorsuditu6800,hu,cycling
zJov8yXoKuc,He didn't actually recieve any medal. I just googled it..,@TheRenster500,en,
zJov8yXoKuc,"1988 Olympics also were the last Olympics when releasing white pigeons was part of the opening ceremony. The pigeons flew around the stadium, like planned, but some of them landed to rest... on the Olympic torch. And when the torch was lit they were still there... You can imagine what happened next.",@TNsegment,en,
zJov8yXoKuc,"The medal’s a cool representation, but I think the real reward is just knowing you probably saved a guy’s life where most wouldn’t have in the moment",@ng65gaming,en,
zJov8yXoKuc,"He got a medal more prestigious than a gold one, well done",@CT-7731,en,
zJov8yXoKuc,He literally didn’t win the award.,@hypegroup1218,en,
zJov8yXoKuc,True Canadian,@Ivy2Wang,es,
zJov8yXoKuc,Ounly a Canadian would do that,@nerckia8030,en,
zJov8yXoKuc,Good story but the award was not created until 9 years latter and he was never given it. Facts matter,@dswrants8277,en,
zJov8yXoKuc,only 17 person that get this medal of honnor,@muhammadfathurrahman9249,en,
zJov8yXoKuc,"It would be a Canadian. ""Ohh noo! Ya needs some help there, eh buddy""",@davidkaiser7206,en,
mXJHbzdIFOY,❤❤❤❤,@alltimesongindia,unknown,shooting
xsWBAhUvFEk,12/10 😮😮😮,@dominiquea.j.lallement228,unknown,
xsWBAhUvFEk,"Entrainement Chinois: 10cm² de bassin le contour est électrifié, si de l'eau dépasse du bassin elle meurt. 
xD
Blague à part, c'était magnifique !",@Baal93Ash,fr,
xsWBAhUvFEk,10/10 incroyable,@loicfourrier9306,en,
xsWBAhUvFEk,Énormissime 👏👏👏👏👏,@wassilafritschy2793,pt,
xsWBAhUvFEk,le trou de la chinoise est magnifique,@MICHAELM-rl2io,fr,
xsWBAhUvFEk,Meme pas un regard sur les notes...,@fabienboudot5379,fr,
xsWBAhUvFEk,Le trou le trou🎉,@thomtata4938,fr,
xsWBAhUvFEk,"Je dois être la seule à pas comprendre ce sport … autant je comprends la natation synchronisée, autant là je ne comprends pas les règles de ce sport … mais j’aime bien le voir   En tout cas 😊. Félicitations à elle 😁",@ninakomlan3719,fr,
xsWBAhUvFEk,"Les règles de ce sport sont simples, tu es noté en fonction de ton équilibre du plongeoir jusqu'à ton entrée, tu es également noté sur l’exécution de tes figures et enfin le plus important c'est ton entrée dans l'eau, l'objectif est de s'approcher autant que possible de ce que tu as vu dans cette vidéo, une entrée dans l'eau chirurgicale avec le moins de déplacement d'eau possible, une aiguille en somme :)
Et là où cette plongeuse réussi un carton c'est qu'elle se paie le luxe d'emporter l'eau avec elle sous la surface ce qui améliore encore plus son résultat :)",@Oerades,fr,
xsWBAhUvFEk,La j ai toujours pas compris  un exsosept ❤,@Eric-cd2jm,fr,
xsWBAhUvFEk,Que Nadia a fait pareil pas dans la même discipline ❤,@Eric-cd2jm,fr,
anrsqjthgMo,Young Mary Lopez Melissa Jones Nancy,@Asopred,en,volleyball
anrsqjthgMo,Moore Matthew Gonzalez Sharon Thompson Paul,@WgegGsghsj-j2t,en,volleyball
anrsqjthgMo,Rodriguez Mark Anderson Maria Wilson Donna,@WilliamWoodfin-j8y,de,volleyball
anrsqjthgMo,Nishida is the best left hand volleyball player,@kay6554,en,volleyball
anrsqjthgMo,Martin Karen Williams Dorothy Young Richard,@FordAdela-b2n,en,volleyball
anrsqjthgMo,i'm in love with Yuki and Ran 🥰,@LinhPhuong-dm4py,en,volleyball
anrsqjthgMo,Nishida is really a brilliant and powerful player😍Love hime so much🥹❤,@user-mo9yf6ty8q,en,volleyball
anrsqjthgMo,Nishida❤❤❤❤❤❤,@user-mo9yf6ty8q,sw,volleyball
anrsqjthgMo,How the heck did that ball make it back over the net at 1:13:51 ??? I watched it frame by frame and I'm still confused!,@lilac_hana,en,volleyball
anrsqjthgMo,Japan Team is the world's no 1 player...they  defeated towering opponents with ease and confidence..go japan,@annagda5219,en,volleyball
DSO6-7sOoQY,A whole nation of drama queens. No wonder they are terrible at sports,@Murali1974,en,
DSO6-7sOoQY,Drama band karo cheating karte hue pakde Gaye,@user-zu6pr6lh8v,tl,
DSO6-7sOoQY,Wrestling ke baare me kuch janta bhi h tu 😂,@Govindsingh-um7lv,id,
DSO6-7sOoQY,😅😅😅🎉🎉🎉🎉🎉❤❤❤,@devendrdevendrrajput3317,unknown,
DSO6-7sOoQY,❤❤❤❤❤❤❤,@user-qt3zg7dx1w,unknown,
DSO6-7sOoQY,हुड्डा साहब इस रैली में किस हैसियत से थे,@prakashmeena8139,hi,
DSO6-7sOoQY,Jo jeete hai unko bhi dedo itna samman 😂,@_priyanshu_041,sl,
DSO6-7sOoQY,❤❤,@hansrajjat7001,unknown,
DSO6-7sOoQY,❤❤❤❤❤ congratulations 🎉🎉🎉👏👏👏👏,@dinashsangwan5124,fr,
DSO6-7sOoQY,❤❤❤,@khandekarviraj669,unknown,
DSO6-7sOoQY,🙏,@syedhaneef77,unknown,
k3PxIkttrTE,"رجاله رجاله بجد 
كل الفريق لعب برجوله بامانه كنا هنزعل اوووي لو مكسبش 
لانه بصراحه لعبوا باستماته 
الف مبروك لمصر ويكمل علي خير ان شاء الله",@dodoashraf9445,ar,
k3PxIkttrTE,الف مبروك لمصر الصعود لدور الاربعة,@atefgerges9551,ar,
w7FE-_QRqLU,La commentatrice une catastrophe,@calvindesalpes605,it,
w7FE-_QRqLU,Mais enfin le physique déjà,@13pipou13,fr,
w7FE-_QRqLU,"Perso, je la trouve très bien physiquement.",@sebbulldog5390,fr,
w7FE-_QRqLU,Merde...ça veut dire que je pourrai être champion olympique alors ??,@Tom.666,fr,
w7FE-_QRqLU,C'est la caca c'est la cata c'est la catastrophe😊,@JohnWick-sj7je,ca,
w7FE-_QRqLU,CORPS DE DINGUE  🤤😍😍😍😍🤤,@algdz9553,so,
w7FE-_QRqLU,"Franchement certaines épreuves ne constituent pas un sport pour moi , c’est beaucoup trop court pour certaines ,  comme ici , ou lancer du marteau ou l’escrime . Beaucoup trop courtes comme épreuves ..",@enzonight5617,fr,
w7FE-_QRqLU,Pizza no good,@ericremi,it,
w7FE-_QRqLU,Les jo ou le macdo faut choisir,@moorgen7759,fr,
w7FE-_QRqLU,lourde,@j-clamo8589,fr,
taw7ZTqVUng,"Mondo e' da 6.35 almeno, e lo sa benissimo. Giustamente avanza di un centimetro alla volta, e fa benissimo!!!!!!!!!!!!!!!",@loutiscrive,it,cycling
taw7ZTqVUng,Duplantis top,@TinaDimaio-d1u,en,cycling
taw7ZTqVUng,Fy,@AntiGod666,no,cycling
taw7ZTqVUng,"Congratulations Mondo! 
From Sweden 🇸🇪",@peterh.1521,en,cycling
taw7ZTqVUng,FY,@AntiGod666,de,cycling
taw7ZTqVUng,"@@AntiGod666 Financial Year, okay, but irrelevant to pole vault.😄",@peterh.1521,en,cycling
taw7ZTqVUng,I russi invece di andare alle olimpiadi è giusto vadano in guerra ringraziando putin,@paolofolletti4049,it,cycling
taw7ZTqVUng,Which is the limits today of Duplantis ? 6.30 😁.. He seems every time effortless,@flowers42195,en,cycling
taw7ZTqVUng,Senza la Russia le olimpiadi NON valgono un cazzo.,@ad8539,it,cycling
taw7ZTqVUng,"Il cio è come l'OMS ed altre organizzazioni simili,per non dire della wada o come minchia di chiama, tutto sotto controllo Usa che peraltro stanno facendo una discreta figura di merda, al pari della sindaca di Parigi....",@stefanocuci6889,it,cycling
taw7ZTqVUng,NICE COLLAGE !!,@teodorsuditu6800,vi,cycling
taw7ZTqVUng,duplantis is a phenomenal guy he did impossible tonight congratulations to sweden 🇸🇪,@pezzandre1973,en,cycling
taw7ZTqVUng,هل هو إبن عمك ؟؟ إنك أرخص من الملح...,@AntiGod666,ar,cycling
taw7ZTqVUng,I was there!,@paultester8672,en,cycling
FHsBv3vCXRw,She just got her third place back 🥉 ‼️‼️‼️,@SportsInsights07,en,gymnastics
FHsBv3vCXRw,This is wonderful!,@RadarNews1,en,gymnastics
FHsBv3vCXRw,Ana or Jo?,@adlahaddad7310,pt,gymnastics
FHsBv3vCXRw,"​@adlahaddad7310 Ana, after they appealed. Hence Ana got a bronze",@debdipbasu3203,en,gymnastics
FHsBv3vCXRw,"Yes, but she shouldn't have 
 The judges screwed up. They had one job...",@itsonlyme-cs8nv,en,gymnastics
FHsBv3vCXRw,"​@@itsonlyme-cs8nvthey actually did not screw up, they did the right thing, learn more before takking",@vlad130279,en,gymnastics
FHsBv3vCXRw,"No art/sport competion should alow this ""here's your medal/it's not your medal"" game.
We must protect the feeling of all kind of degenerates but we also crash a hard working young woman, in such way that is humiliating beyond words.
Even if she was wrong, this kind of decisions are not be taken on spot, exposing competitors to such a heartbreaking moment.",@seb_mitri,en,gymnastics
FHsBv3vCXRw,The USA sent more than 560+ and received 20+ gold and proud of it? 😂 If only most country can support aspiring Olympians athletes like you do then they can do better than you.,@denvergalut7559,en,gymnastics
FHsBv3vCXRw,They did it to take it from a white girl and give it to a black girl.. dei,@williambrown-mm1tk,en,gymnastics
FHsBv3vCXRw,"Money talks, BS walks....😢😢😢😢",@luismoran9425,so,gymnastics
FHsBv3vCXRw,Typical of America the country with no honour!!!!!,@skylagaaia1683,en,gymnastics
FHsBv3vCXRw,Bronze medal have or Don't have you have a gold 🥇🪙 medal in your ❤️ wishing you all the best.,@louellacentina89,en,gymnastics
FHsBv3vCXRw,"The USA are cheats. Check the way they pushed for medals in swimming and why there are suddenly so many swimming events at the Olympic Games. 
Same for China.",@FishySituation9989,en,gymnastics
FHsBv3vCXRw,usa never stop to cheat to lies to steal that the fact,@liewnteck9250,en,gymnastics
FHsBv3vCXRw,That not right what she do wrong,@user-fe7wf4hw7k,en,gymnastics
O7CYbDkhhoY,Steyr vs Morini,@baiadassurpresas4537,sv,cycling
O7CYbDkhhoY,"Perfino lo ""sputo in lungo"" sarebbe più sport di questo.",@robbinud9555,it,cycling
O7CYbDkhhoY,OMG only 1 shot ? why ?,@mishapah,en,cycling
O7CYbDkhhoY,"Tan sólo han mostrado el disparo final, estaban empatados antes de este último disparo",@lupas1143,es,cycling
O7CYbDkhhoY,❤中国🇨🇳👍🏻👏,@helenyinau-yeung3837,zh-cn,cycling
O7CYbDkhhoY,Es ist ebend kein Uwe Potteck mehr da .... aber Glückwunsch an die Sieger,@Raknieb49,de,cycling
O7CYbDkhhoY,Gold für Reitz Tokyo 2020 mit OSP?,@mrb771,de,cycling
O7CYbDkhhoY,Doping - China in front! You like hamburgers?,@paulpanther5030,en,cycling
O7CYbDkhhoY,ur m0m is a 304,@bjolsen1992,en,cycling
O7CYbDkhhoY,@@bjolsen1992 ur mom is 0815,@paulpanther5030,no,cycling
O7CYbDkhhoY,Doping? in air pistol? Lmao what,@yellowcactustvz4929,tl,cycling
O7CYbDkhhoY,"@@yellowcactustvz4929 and what is them, who shots? China and Russia, great nations of doping!
I have rest of the soup over, that the swimmers allegedly got 2021 in the hotel, they are never been in.",@paulpanther5030,en,cycling
O7CYbDkhhoY,@@yellowcactustvz4929 What is about the shooter? Russia and China! The greatest nations in doping!,@paulpanther5030,en,cycling
O7CYbDkhhoY,"""italy"" WHAT A JOKE!!!! CHINA IS THE BEST!!!!!!!!!!!!!",@tomziom3642,en,cycling
O7CYbDkhhoY,"Look at Italy's or Serbia's size compared to China, they're 20 Times smaller but smoke China with the air pistol.",@mrb771,en,cycling
O7CYbDkhhoY,CHINA IS THE GOAT!!!!! GOGOGOGO CHINA!!!!!!!!!!!!!!!!!!,@tomziom3642,en,cycling
O7CYbDkhhoY,We want pistol duelling back:D,@stavrosdenbeagel5676,en,cycling
O7CYbDkhhoY,Bravo!,@n.m.5744,sk,cycling
yg-OoztAOnU,Exclusive behind-the-scenes Olympic documentaries and more: https://oly.ch/Originals,@Olympics,en,
yg-OoztAOnU,Silver medalist,@kamau506,no,
yg-OoztAOnU,WHY I CAN NOT WATCH FROM GERMANY???,@christo6068,so,
yg-OoztAOnU,These people are true athletes doing their gift,@natalieshilariouscritters5580,en,
yg-OoztAOnU,This is what we want to see,@natalieshilariouscritters5580,en,
yg-OoztAOnU,"Cette discipline est entrée aux JO mais le karaté,non  absurde",@yves6392,fr,
yg-OoztAOnU,Bronx stand up! It’s amazing seeing one of the pillars of hip hop on the global stage!!!,@Farahsn23,en,
yg-OoztAOnU,Dope.,@eric209,ro,
yg-OoztAOnU,Olympic 😅,@PahadiMard,en,
yg-OoztAOnU,🔥🔥🔥,@BBOYAXY,unknown,
4b7nSUUAQgQ,Let us know your unforgettable Olympic Opening or Closing Ceremony moment and we will add them to a future #MusicMonday!,@Olympics,en,
4b7nSUUAQgQ,"Olympic London was pretty iconic - Queen, Annie Lennox on a boat, Pet Shop Boys, Emelie Sande",@katie-7972,en,
4b7nSUUAQgQ,Los Olímpicos de Londres 2012. El opening fue de lo mejor. Y Muse en la clausura junto con las Spice Girls y el momento especial cuando canto Emeli Sande,@carlosfind,es,
4b7nSUUAQgQ,Vanessa Amorosi's performances in the 2000 Sydney Opening and Closing Ceremonies. <3,@KarloInigo82,en,
4b7nSUUAQgQ,"Olympic Emelie Sandé with her fantasting versión of ""Abide with me"", George Michael's "" Freedom""",@rubenkantzini,en,
4b7nSUUAQgQ,Pavarotti famous arias,@alexkkk532,it,
4b7nSUUAQgQ,"Por favor Austrália, repita isso de novo em Brisbane 2032. Simplesmente épico e de muito bom gosto 🤌🏻🤌🏻❤",@fabreuz,pt,
4b7nSUUAQgQ,"the definition of camp, and I love it !!!!",@Tommy-c2l,en,
4b7nSUUAQgQ,"Such a mesmerizing performance, catchy voice, beautiful smile and a stunning stage presence.
This single act totally surclassed the whole Paris Olympics.",@sfrenato,en,
4b7nSUUAQgQ,I went to Homebush bay so windy,@diemnguyen8714,en,
4b7nSUUAQgQ,Gonzalez Barbara Robinson Brian Martin Ruth,@HenryValentine-e2t,ro,
4b7nSUUAQgQ,Another pivotal moment in Kylies career and the beginning of many teenage kylie fans awakening. So proud to have been a london boy and lived through kylie and jason/ what do i have to do eyebrows/Confide in me afro/ Indie/ then this. And now finally be in the US where they have finally awaken to her.,@Longislandteaboy,en,
4b7nSUUAQgQ,Still my dancing Queen 2024❤This woman is a world treasure❤,@jphallatt519,en,
4b7nSUUAQgQ,Quelle chance vous avez en Australie d'avoir une belle chanteuse comme Kylie Minogue!❤❤❤,@Jmcs839,fr,
4b7nSUUAQgQ,hermosa      nada  que  ver  como  lo  que  hicieron   en  francia  con  la  agenda   wok   lo bueno  como    malo    y  lo  malo  como   bueno,@danielhumbertoocampoespino6598,es,
4b7nSUUAQgQ,"No mame don, ahí también hubo Drag Queens en los Juegos Olímpicos de Sidney JAJAJAJA",@Mxxnjojo,es,
rgu8QUC__SA,❤❤❤puserla,@ShwetaSingh-l7v,id,badminton
rgu8QUC__SA,🇮🇳🇮🇳🇮🇳🇮🇳🇮🇳🇮🇳🇮🇳🇮🇳🗞️🏅🥇🤍🗞️🤏🪔🌎🤝🙏🇮🇳🇮🇳🇮🇳🇮🇳🇮🇳🇮🇳,@Mamatasingha345,unknown,badminton
rgu8QUC__SA,Super Sindhu,@jsony6561,de,badminton
rgu8QUC__SA,❤❤❤,@chakiiichakii1115,unknown,badminton
rgu8QUC__SA,Padosi Baghavigha 🇮🇳🪷,@user-tk1ko7wv5o,tl,badminton
rgu8QUC__SA,Auusi Bhagavigha 🇮🇳🪷,@user-tk1ko7wv5o,et,badminton
rgu8QUC__SA,"BTS boys Park jimin 🇦🇺♥️Suhana Khan 🇦🇺 Chairman 
Rahul Gandhi 🇮🇳 Prime minister",@user-tk1ko7wv5o,id,badminton
rgu8QUC__SA,Anyone here after she lost olympics 2024😢,@user-ou5zc9ey8l,en,badminton
rgu8QUC__SA,King of Queens! ❤,@Sak317,en,badminton
rgu8QUC__SA,When i see her height is very key in badminton i believe it axelson as well,@saikiranramireddy9234,en,badminton
gOOVf9Pgh34,You mean 3 am?,@everybodysaynooo2660,id,
gOOVf9Pgh34,Rat ka 3 baje,@DABI__KUN,id,
gOOVf9Pgh34,@@DABI__KUN yeah that's 3 am,@everybodysaynooo2660,en,
gOOVf9Pgh34,h typing mistake,@DABI__KUN,tl,
oRpB7aBgy4s,Teddy Winer 💪,@littleboy5271,cy,
oRpB7aBgy4s,C'est un GÉANT PHYSIQUE mais UN GRAND ARTISTE de L'ART MARTIAL ❤😊❤😊❤😊❤❤❤❤. JUJUTSU dit Ju Do.,@nikkoigawa8057,fr,
oRpB7aBgy4s,"Un grand merci et respect Monsieur Riner  et au judo Français,  à tous les sportifs des équipes françaises qui nous ont donné beaucoup de joie et de bonheur.",@user-md8go5hm9e,fr,
oRpB7aBgy4s,Bravo Teddy 🇲🇫✝️🔝,@tt-yr4bz,sk,
oRpB7aBgy4s,"Salto est plus jeune de 10 ans de moins que Teddy et pèse 172 kg avec u centre de gravité plus bas Ted, lui, pèse 140 kg et mesure 2mO4 Notre Ted est u champion hors norme",@catsdogs7891,fr,
oRpB7aBgy4s,Courage au Japonais et félicitations au Français qui est exceptionnellement exceptionnel 👌,@dekaskasongo3829,fr,
oRpB7aBgy4s,"Teddy THE BEST 💪🏾
Bravo 👏🏾👏🏾",@mazaniellomarie-line-hn4fr,sk,
oRpB7aBgy4s,Quel Golgot ce Teddy 😮❤,@user-tb6hr3fq6g,cy,
oRpB7aBgy4s,Vive l'Afrique 😂,@Mhmd.ture93,fr,
oRpB7aBgy4s,Teddy Winner ! 😊,@zukoulou7464,cy,
aQxr85yf37I,Wilson Kenneth Clark David Rodriguez Kenneth,@WsdcteHsdgxhte,en,
aQxr85yf37I,Mimed and pitch corrected …disgraceful 😢,@adac5338,en,
aQxr85yf37I,Lopez Joseph Garcia Sarah Jackson Matthew,@BlowingDressing-x1o,en,
aQxr85yf37I,Jones James White Ruth Williams Kevin,@haleyasnathan5632,en,
aQxr85yf37I,Jackson George Rodriguez Barbara Hall Steven,@user-ll9cj4bd3l,de,
aQxr85yf37I,Lee Carol Hernandez Eric Young Sarah,@WilsonBen-t9e,en,
aQxr85yf37I,Allen Karen Wilson Elizabeth Hernandez Shirley,@Jennifer-z4z2z,de,
aQxr85yf37I,Jackson Paul Martinez Kenneth Johnson Mark,@JomilaHak-b4u,de,
aQxr85yf37I,Brown Jeffrey Harris Jennifer Walker Christopher,@AdellManey-c9j,en,
aQxr85yf37I,Williams Jennifer White Steven Davis Ruth,@SonyaMoore-l8k,en,
5BgpkSVceBs,Great❤,@ismailtasar8971,en,
5BgpkSVceBs,"Is he a figure skater. His suit looks like pugsleys swimming suit in Adam's family, so maybe he's a swimmer",@philrisser6853,en,
5BgpkSVceBs,@philRisser he’s a 400 meter runner like Karsten Warholm ( also from Norway ),@faiththomas1749,no,
5BgpkSVceBs,@@faiththomas1749 Hes not a 400 m runner he is a 1500 m runner,@teamisbil,en,
5BgpkSVceBs,He meant back to back to back I belive,@robinbauer1975,en,
5BgpkSVceBs,Love it!!,@jamesaaronmanarang,en,
8np1xZ_G-lE,भारत माता कि जय  वंदे मातरम,@user-vo3oq2ix6b,hi,
8np1xZ_G-lE,Sherni,@vladimirmoolchandtrump9583,en,
8np1xZ_G-lE,Congres party ka chunaav parchar kar rahi hai,@jaatmann688,id,
8np1xZ_G-lE,What else can we expect from you indians😊,@vishalnagra9752,en,
8np1xZ_G-lE,Beti vinesh Phogat ji Bharat ka naam Roshan karne ke liye badhai ke Patra hi aap ki kadi mehnat sari duniya Ne dekhi Jug Jug jiyo❤🎉❤🎉❤🎉,@balwantsingh8138,id,
8np1xZ_G-lE,❤❤❤❤❤❤❤🇮🇳🇮🇳🇮🇳🇮🇳🇮🇳,@user-wn9wo1kd9o,unknown,
8np1xZ_G-lE,"भाजपा विनेश फोगाट के परिवार में विघटन करके कमजोर कर रहे हैं भाजपा वालों ने विनेश को बर्बाद करने की कोशिश की लेकिन देश ने सर आंखों में ले लिया बेटी का सम्मान भाजपा हजम नही कर पा रहे, इसका तोड़ बबिता फोगाट को पदों का लालच दिया विनेश के जज्बे को सैल्यूट।🇮🇳",@AnilKumar-dl5ct,hi,
8np1xZ_G-lE,अभिनंदन🌹🌹 जी फोगट पहलवान,@RavindraNGawai,hi,
8np1xZ_G-lE,⚘️🙋‍♂️⚘️,@user-dr4lb2ez6g,unknown,
8np1xZ_G-lE,अब बेचारे बजरंग का पत्ता विनेश ने काट दिया।विधायकी का टिकट विनेश को दे दिया कांग्रेस ने।अब बिचारा बजरंग या तो विनेश का पर्सनल सेक्रेटरी बन ले या बॉडीगार्ड बन ले।,@wimaxsolutionots8591,hi,
CZz8WSsysR8,"إول الله يحسن العوان 
سير أنت إجري و نحن نشجعك .
لاحول ولا قوة الا بالله العلي العظيم. 
اللهم أنصر المسلمين بقدرتك يارب العالمين...
أستغفر الله واتوب اليه استغفر الله العظيم...
♥️🇲🇦♥️🇵🇸♥️",@Weld-bab-lah,ar,cycling
CZz8WSsysR8,علاش كايفراني و كايفرح قبل ما يدخل ؟,@fenixinfinity8811,ar,cycling
CZz8WSsysR8,🇲🇦🇲🇦🇲🇦🇲🇦🇲🇦🇲🇦❤🤗,@ayyoubelharti3557,unknown,cycling
ESazGq3CK40,I love Femke Bol,@alcape1660,sl,athletics
ESazGq3CK40,Mulher biônica,@joeljoaquim1199,pt,athletics
ESazGq3CK40,"Femke you are amazing ❤.
Good luck and love from those who love you ❣️🍀❤🍀❤🍀❤.
Hi Femke 🤝👍👍👍
František FERRINO👋",@ferrino77H,en,athletics
dQ6xQhY-g6o,Lightning Bolt,@TheDonKilluminati-x4e,tl,athletics
-cHkehT3YjU,Médaille d'or et champion olympique représentant le...,@eduardo_mirandas,fr,
-cHkehT3YjU,Really helping my post Olympic depression by putting this out 🔥,@andrewstouffer-lerch9018,en,
-cHkehT3YjU,Then watch the Paralympics :),@tillycatcat,en,
-cHkehT3YjU,Hope you're watching the Paralympics!,@FireballYT,en,
-cHkehT3YjU,"@@FireballYT I have been! Learned about goal ball this year, so cool!",@andrewstouffer-lerch9018,en,
-cHkehT3YjU,"Now the Paralympics are over too 😭
What am I meant to watch now ☹️☹️😭😭😭",@ETsAFL,en,
-cHkehT3YjU,"She is really amazing, from France  ❤🇫🇷🇫🇷🥰",@dachranoipolote,en,
-cHkehT3YjU,"The victory ceremony music is kind of different this time and it's not the emotional type of music all the way maybe at first, but the next ones have a beat of EDM type of music.",@doohmoorsed8008,en,
-cHkehT3YjU,0:52 let the celebration begin!,@stracarpa47,en,
-cHkehT3YjU,Why it sounds muffled ? Not clear!,@nostalgiclovetunes4145,en,
-cHkehT3YjU,Taken from broadcast tv 📺,@kascnef,sv,
-cHkehT3YjU,"Cool, Art Yun.",@extreme2842,en,
-cHkehT3YjU,"Yes, finally. I love it.",@laurag.g.2973,en,
-cHkehT3YjU,Love this theme,@d.g.1594,en,
-cHkehT3YjU,Finally sdomeone upload the part where they get on the podium !!! and not just  the final,@aliaslu,en,
PdoB3A2FSgg,Siamo troppo forti🎉🎉🎉🎉,@sergioflaccovio6247,it,
UrmEfk_HcX8,Even they can’t smile properly 😂,@brahmbhattnikul267,en,
UrmEfk_HcX8,And their families are being held hostage till they return.,@kenlompart9905,en,
UrmEfk_HcX8,Divisa molto anni sessanta. Ci manca qualche gelato.😂,@robertoceccato6507,it,
UrmEfk_HcX8,Kim Jong Un after the Olympic ended:we’re did they all go?🤔,@polis_studios,en,
UrmEfk_HcX8,They were sent to labor camp after coming back home because they failed to get gold 😢,@kingofpopbts2080,en,
UrmEfk_HcX8,"The Supreme Leader of North Korea should be proud of its Olympians for any metal regardless of their country, be proud as a general patriot country person, be happy for your country, be happy",@Adrian-pv4vd,en,
UrmEfk_HcX8,😊,@Supreme_leader_marshall,unknown,
UrmEfk_HcX8,THE FINAL JOURNEY ➡➡➡➡➡➡➡➡ *John 3:36.*,@boris8787,en,
UrmEfk_HcX8,Their passports were issued at the airport and would be collected when they returned.,@patrioticcommunist,en,
UrmEfk_HcX8,These comments are savage 🤣,@MarK-ro3vl,en,
R5FaV188yO4,Пока нет сильных спорсменов 🇷🇺 побеждают всякие жабы 🇺🇦 с болот.,@user-dg7fy6wl9b,ru,
R5FaV188yO4,"@@user-dg7fy6wl9b На болотах росія. Україна — в центрі Європи. Але на росії навіть карта світу викривлена. Не виходьте і далі за межі свого убогого уявлення, як влаштований цей Світ. Вас тут не чекають, повірте",@ECHO_EU,uk,
R5FaV188yO4,Від жаби з болота чую!!!!,@user-lo7ir3rc9i,uk,
R5FaV188yO4,Тільки Так!!!!!,@user-od1ch7cc5o,uk,
R5FaV188yO4,"Молодчини, великі. Гордість і повага.",@ECHO_EU,uk,
R5FaV188yO4,Красотки ❤,@user-wj1qi2uv9j,mk,
R5FaV188yO4,ВИ ГОРДІСТЬ УКРАЇНИ!!! ПИШАЄМОСЯ ВАМИ !!! БРАВО!!!!🙏💙💛♥️🇺🇦🌷🌺,@user-dv7oq4nm6k,ru,
R5FaV188yO4,І половина дівчат і хлопців — військовослужбовці ЗСУ🫡💙💛,@ECHO_EU,uk,
R5FaV188yO4,"Поздно петь, в стране 404 пиздец полный",@murkin4796,ru,
R5FaV188yO4,@@murkin4796 Ви щось переплутали. Рекомендуємо до перегляду задля самозбереження 👉🏻 https://youtube.com/shorts/SlY3nVclH5U?si=J4z6MhmkcRYWJwBS,@ECHO_EU,uk,
R5FaV188yO4,@@ECHO_EU к зеле или под хвост,@murkin4796,mk,
R5FaV188yO4,"@@murkin4796 Під хвостом — це у вас прийнято. Перепрошуємо, що доводиться опускатися на один рівень з вами",@ECHO_EU,uk,
R5FaV188yO4,❤❤❤❤🎉,@sportslifeito9994,unknown,
R5FaV188yO4,Наши дратся умеют),@vladyslavhovorov9003,ru,
R5FaV188yO4,🇺🇦,@feryyo,unknown,
R5FaV188yO4,ЛЯЛЕЧКИ.,@user-xc6mo7bt6k,uk,
R5FaV188yO4,"Фу мля . Я из Украины но когда пишут или говорят слава Украине меня просто вымораживает , вы вообще в курсе откуда выражение",@deystvuy999,ru,
R5FaV188yO4,Пшел за усским кораблем,@user-tq2pu5en8f,ru,
R5FaV188yO4,@@user-tq2pu5en8f пошел отседова славаукраинщик,@deystvuy999,mk,
R5FaV188yO4,"@@deystvuy999 поучи усский язьік, лапоть орковская!!!",@user-tq2pu5en8f,ru,
R5FaV188yO4,"Согласен это тоже самое что слава России какой-то странный лозунг
Всем мира",@camel2301,ru,
R5FaV188yO4,@@camel2301 да тоже слышу его от России . Коробит моментально . Но в Украине это стало на гос уровне официальным приветствием в армии. Лозунг пришел из СС Галычина,@deystvuy999,ru,
9P74o_atwbA,Ko cs nước mình nhỉ,@Vietnam_0.9,vi,
9P74o_atwbA,"Ai nói VIỆT NAM không có huy chương? VIỆT CỘNG đoạt được huy chương ""TỰ HÀO và HÃNH DIỆN"". Đứng đầu thế giới.",@ThanhTran-cu4kc,vi,
9P74o_atwbA,ae cố gắng làm vận động viên tranh giải để VN tự hào đi nào❤,@kawaNishi-gh1nz,vi,
9P74o_atwbA,😅,@user-vc4kv7cw7b,unknown,
9P74o_atwbA,Bổ mắt quá trời,@user-vc4kv7cw7b,vi,
9P74o_atwbA,Dừng ngay chỗ Vương quốc Anh,@user-vc4kv7cw7b,vi,
9P74o_atwbA,múp vkl,@Lennin1202,sk,
9P74o_atwbA,Huy chương này tròn ghê 😊,@vincenthappy4913,vi,
9P74o_atwbA,Hả...video đang nói cái gì vậy,@DungTran-jw1ov,vi,
9P74o_atwbA,Có 2 lí do lớn khiến tôi xem 2 lần,@Dan-1627,vi,
lpSrU-KH_o8,There goes the big boss ❤❤❤❤,@roselinemoshi5008,en,athletics
KceuB0qVAZw,🔥,@Jamied121,unknown,
KceuB0qVAZw,Hi.,@FrenchAlliance,nl,
KceuB0qVAZw,Wow here ....😊😅😮😢,@premrajrai9634,en,
KceuB0qVAZw,This song is so beautiful,@cutescallop,en,
KceuB0qVAZw,"BOYCOTT Paralymic Games Paris 2024
This city discriminates against people with disabilities, Paris cannot and should not host the 2024 Paralympic Games",@tomsawyer6750,en,
KceuB0qVAZw,"Whoever disliked this, has just commited treason.",@ankemwigaroa1999,en,
KceuB0qVAZw,BIENVENIDO JUEGOS PARALIMPICOS PARÍS 2024,@danielgamboa7515,de,
KceuB0qVAZw,BIENVENIDO JUEGOS OLIMPICOS PARÍS 2024,@danielgamboa7515,de,
Mc174dB2vDI,🇮🇹🇮🇹🇮🇹🇮🇹🇮🇹  siamo i migliori,@danielgozzi3148,it,
Mc174dB2vDI,Ma il maschio che guarda sotto a che serve?,@superfab70,it,
Mc174dB2vDI,Nulla,@elbenzi,fi,
Mc174dB2vDI,L unico momento in cui una donna riesce a far spazzare il pavimento ad un uomo che non sia suo marito,@Rubicone_96,it,
Mc174dB2vDI,"😮😮😮😂😂😂 MI vergognerei ad avere la medaglia d oro in questa presa per i fondelli... Almeno a casa sarà bravissima nei servizi,se penso al nostro Pizzolato nella pesistica che a 27 anni per i dolori non riesce neanche a stare seduto... 🙏🙏",@nicolazicari8644,it,
Mc174dB2vDI,ma chesport è?,@noemi579,it,
Mc174dB2vDI,@@noemi579 Curling 🤣🤣😂😂🤤🤤😪😪,@nicolazicari8644,nl,
Mc174dB2vDI,@@nicolazicari8644 grazie,@noemi579,it,
Mc174dB2vDI,"Tutti gli sport meritano rispetto, vi giuro, quanto mi urtate",@paololeveni8226,it,
Mc174dB2vDI,"@@paololeveni8226 😂😂🤣🤣 Questo non è uno sport... Ma una presa per i fondelli, allora facciamo anche il campionato di freccette, i mondiali di gioco Dell oca, e le olimpiadi di bandiera Svizzera (che sarebbe anche più faticoso)... Si esagera con questa idea Dell inclusione totale.",@nicolazicari8644,it,
Mc174dB2vDI,In tutto ciò io ancora devo capire questo sport in cosa straminchia consiste 😂,@MichPasquariello,it,
Mc174dB2vDI,Allora siamo in due,@stefaniamantovan6845,it,
Mc174dB2vDI,Siamo in tre,@lacaretta8402,it,
Mc174dB2vDI,conosci le bocce? Sono la stessa cosa sul ghiaccio.,@emilios6119,it,
Mc174dB2vDI,Forza Italia,@ElLagos-x3l,it,
Mc174dB2vDI,Rispetto agli italiani  campioni del mondo !,@paperorosso822,it,
Mc174dB2vDI,@@paperorosso822 Champions of pot sliding and mopping. lol 🤣,@Krisnice77,en,
Mc174dB2vDI,Still champions lota 👋​@@Krisnice77,@francescotrombetta8548,it,
Mc174dB2vDI,"@@francescotrombetta8548 lol my uncle was world champion of burping, does it count???",@Krisnice77,en,
Mc174dB2vDI,@@Krisnice77 you and your uncle have also been several times world champions of talking shit dh,@francescotrombetta8548,en,
Mc174dB2vDI,@@francescotrombetta8548 you and you family have been champion of stupidity and ignorance.,@Krisnice77,en,
Mc174dB2vDI,E non so mejo le bocce!! L' lItalia è pluricampione del mondo,@salvatoredisarno3239,it,
Mc174dB2vDI,che spettacolo del cazzo,@angeloferrara909,it,
Mc174dB2vDI,Statti zitto,@adinam6111,it,
Mc174dB2vDI,Stupendo ❤,@andrea6684,pt,
lQLvTKcn2-k,"And you have your answer.
The only people that should be in that damned country tonight is the French and the only sound crickets.",@shockman8014,en,
lQLvTKcn2-k,"Il est honteux que Macron ait une attitude étrange envers la femme.
 du président du Brésil qui a représenté le Brésil aux Jeux Olympiques par des moyens illégaux parce qu'elle n'est pas chef d'État.
Pourquoi le mouvement politique LGBT a-t-il mis l'accent sur le dîner du Père Noël lors de la plus grande compétition sportive mondiale? Macron emmène França à la retraite.",@diamkilat6401,fr,
lQLvTKcn2-k,Might be the first and last time Paris is safe for quite some time both looking back and forward.,@doolittlegeorge,en,
lQLvTKcn2-k,"🧐 Project ""The bee honeycomb model of the conglomerates""Will Solve the Problem of Megacities 🐝. ""To be, or not to be, that's the question: ..."" Hamlet's monologue. Shakespeare. Archimedes XXI century 😇.",@archimedesxxicentury,en,
lQLvTKcn2-k,Wow Parisian look like Arabians,@Siopaoko,id,
lQLvTKcn2-k,"Over the next 20 years, the Summer Olympics will held in Johannesburg, South Africa by 2044 and became the first African city to host the Games 🇿🇦",@rothermatela1117,en,
lQLvTKcn2-k,Is there enough drinking water in South Africa to host millions of people?,@andyroo9381,en,
lQLvTKcn2-k,So excited Olympic 2024 !,@graciestroh,en,
lQLvTKcn2-k,That makes one of us.,@JMK948,en,
lQLvTKcn2-k,I don't know who's worse having Olympics in North Korea or France . France your losers,@lesabooth5243,en,
lQLvTKcn2-k,Sisterhood Ave Maria.♟️,@chocobokoay3194,en,
lQLvTKcn2-k,I just hope I won't get robbed or pocket-picked in Paris then.,@yanzifun1988,en,
LDytHL_ASz4,"Yes, this is beautiful successful family.couples making beautiful successful black children and probably soon they will have a daughter that’s going to be another power couple. This is gorgeous magnificent. Amazing🙏🏾☝🏾🙌🏾☝🏾❤️🙏🏾",@reginadixon4341,en,
LDytHL_ASz4,What’s all dis black excellence … u kinda sounding like it’s a big deal having a family of both parents being doctors as some great achievement duhh .. it’s a common thing… I have friends who are doctors and parents doctors as well.. and we black … being a doctor has nothing to do with your color of your skin… why making something so normal like an achievement when lnlack folks do it.. if white people do it is normal black does it .. black excellence.. like what did you expect,@sydneycardio2757,en,
LDytHL_ASz4,Nipple pierced interesting,@sydneycardio2757,en,
LDytHL_ASz4,"She's so gorgeous, smart talented and sexy..what a force, With doctors as parents, They make a beautiful couple.. Black Love Continues!!💐🖤❤️💚",@user-np4to3pl3y,en,
LDytHL_ASz4,Luuurrrvvvvveeee to see it❤,@Anonymous8350-z8s,nl,
LDytHL_ASz4,Piercings messed it up.,@ozhunter6708,en,
LDytHL_ASz4,That sweet!!,@jeffreyyounger5772,en,
LDytHL_ASz4,Black greatness!!! 👏🏾👏🏾,@normmac953,en,
LDytHL_ASz4,Period!!! I love this right here. I definitely was cheering for her in the Olympics.  💪🏾,@IAMHe777,en,
LDytHL_ASz4,Great job!!!  Keep up the great work!!! 🤩🤩🤩,@jdteach33,en,
CIbOzbhuFms,"L'ha vinto con quella uscita perfetta!!!
Brava!! 👏👏❤️🇮🇹🥇",@tm75_88,it,cycling
CIbOzbhuFms,Meravigliosa 🇮🇹,@leonardociucci8922,it,cycling
CIbOzbhuFms,Bellissima la reazione nel momento in cui realizza di aver vinto. Bravissima Alice!!!,@arzi71,it,cycling
CIbOzbhuFms,"1 Alice D'Amato 🇮🇹
2 China 🇨🇳
3 Esposito Manila 🇮🇹",@leonardo718,it,cycling
CIbOzbhuFms,"Hi, how are you?😊",@StephenDaSilva,so,cycling
CIbOzbhuFms,Alice D'Amato / Italy 🔝✌😍,@ilCALABROneITALYano,en,cycling
CIbOzbhuFms,Ma che bravissima..!,@giancarlocrisciotti7747,it,cycling
CIbOzbhuFms,🎉,@yleniachimetto299,unknown,cycling
CIbOzbhuFms,Bravaaaa❤,@luciaiiiii,et,cycling
CIbOzbhuFms,So happy for you all ladies🎉❤❤I had to search the YouTube to watch the medal ceremony. BBC _ no,@leylacaliskan9604,en,cycling
Q8AnxYPu4F4,Geile Achselhaare 😩,@afrikapaprika7674,de,cycling
Q8AnxYPu4F4,She is a true sports person. The Olympics should not play politics!!!  Let Russian athletes compete!!,@singy1980,en,cycling
Q8AnxYPu4F4,❤❤❤❤❤❤❤❤,@BobbyMuller-vr8zn,unknown,cycling
fSxIjLdaF3c,Ok,@ZuxiAkbarov,af,
fSxIjLdaF3c,❤❤❤❤❤❤,@ZuxiAkbarov,unknown,
fSxIjLdaF3c,"Не деген көздер, мөлдіреп тұрған, бұл қызға ғашық болмаған еркек жоқшығар.",@qazaq-eli.8555,ru,
fSxIjLdaF3c,"Menga bo'yi pastni nima qiladi 1,75+",@Firdavs_Boynazarov,sw,
fSxIjLdaF3c,Манга❤❤❤❤,@ГулбайраКуттибаева,bg,
fSxIjLdaF3c,❤❤❤❤❤❤❤❤❤❤❤❤❤❤❤❤❤❤❤❤❤❤❤❤❤❤,@user-xj5mz9ki3x,unknown,
fSxIjLdaF3c,UTA ABE LOVEEE❤❤❤❤,@jorayevaxilola3512,en,
fSxIjLdaF3c,❤❤❤❤❤❤❤❤❤❤❤❤❤❤❤❤❤❤❤❤🎉,@user-un6dm6ys5d,unknown,
fSxIjLdaF3c,Haaa oʻzimning chiroyli opam ❤,@maftunaqurbonova5783,sw,
fSxIjLdaF3c,Диера ютмаса Ута Абеди танимас эдик мана таниб олдик Ута Абе ❤❤❤❤❤,@GulmiraRasulova-tz2le,bg,
ZN8cbDNSfhA,"Кто же это: 
Кто-то
Дубала
Каваралджа какой-то 
Ромэро
Карсееерс какой-то 
Просто убило😂😂😂",@___-ct8xq,ru,
sTCN7V-1gT0,As genial comme tableau,@pajguih9881,ca,
z_U1hPc5HY4,Italvolley have literally bullied the usa 💀,@Bravedefender0,en,volleyball
z_U1hPc5HY4,🇧🇷💖🇮🇹,@user-rx9lx7vz6p,unknown,volleyball
z_U1hPc5HY4,Italy's unstoppable force won!,@goodbyestranger6824,en,volleyball
z_U1hPc5HY4,They really dominated the Paris 2024 Olympics.,@factplease1,en,volleyball
Z_UxU32wesU,😩🥲💔💔💔,@shramanaghoshal5280,unknown,
Z_UxU32wesU,Rien à foutre de ce dopé,@romeopasquariello169,fr,
Z_UxU32wesU,"Mdr, c'est fou comme les gens sont obsédés par la vie des autres 😂 Peut-être qu'ils devraient vraiment se concentrer sur leurs propres trucs et moins sur les histoires d'amour. On a tous des choses à régler de notre côté, non ? 😅✌️",@please-wake-up-now,fr,
Z_UxU32wesU,Et moi qui croyait qu'il était timide,@ChristivieLibeke,fr,
Z_UxU32wesU,Il as raison,@loicfourrier9306,fr,
Z_UxU32wesU,Elle représente la chine mdrrrr n’importe quoi ces debile,@stidd5099,fr,
Z_UxU32wesU,Rien a foutre ...,@user-sq7wn2zr2p,en,
Z_UxU32wesU,Le mec a gagné 340 milles euros ya bien une pouf qui va lui tomber dessus 😊,@nicolasmarseille3272,fr,
Z_UxU32wesU,😂 les plus cons c'est nous qui regardons  les vidéos et qui remplissons les poches du créateur laisse le tranquille sérieux,@srsupers,fr,
Z_UxU32wesU,Mais foutez lui la paix !!!!! Occupez-vous  de vos culs!!,@martinemontagnac4975,ca,
FkOJZB_uBWY,Great women in the world 🎉,@official-dsarang,en,track and field
Ft3yUKjzV4s,The only country that celebrates everyone else's country more than it own.,@Wriggs74,en,athletics
Ft3yUKjzV4s,こう言う、五輪が今回も見たかったなぁ…😂🎉,@kaeru_amano45,ja,athletics
Ft3yUKjzV4s,Espectacular🎉,@maria0positivo,es,athletics
Ft3yUKjzV4s,Watching again the 2012 London Olympics after the France fiasco!,@crisemm5207,en,athletics
Ft3yUKjzV4s,This song is so powerful. 💜,@allegrarivera5383,en,athletics
Ft3yUKjzV4s,Where is Waldo? Lol,@victormartinez8289,en,athletics
Ft3yUKjzV4s,I wish he wasn’t afraid to fly I tried to see her in London to no avail. She could sell out a month’s worth of shows if she traveled,@6bProductions,en,athletics
Ft3yUKjzV4s,stop trying to be a troll,@isobeljames1328,en,athletics
Ft3yUKjzV4s,Me vengo a enterar que sono en la clausura de los jjoo de Londres. Lo icónica que tenes que ser para tener un hit que traspasa generaciones ❤,@Pbgaleano,es,athletics
Ft3yUKjzV4s,Oh she wasn't there? I kept expecting her to appear singing. Disappointing!,@jj-if6it,en,athletics
Ft3yUKjzV4s,Where is she though?,@fancyfree8228,en,athletics
NuYs-yG9PQA,"We are a Channel that wants to grow and produce more content for you. Consider Signing Up. And like the video and comment anything, this will help us a lot.",@nocopyrightmusictovideos,en,
NuYs-yG9PQA,Viva Argentina 🇦🇷🇦🇷,@cintiarominaayala738,it,
NuYs-yG9PQA,EURO PARIS 2016 JA FAZ 8 ANOS,@ESCOLAESTADUALCELSOTOLEDO,pt,
NuYs-yG9PQA,So excited! Paris 2024 Olympic!😊,@graciestroh,en,
NuYs-yG9PQA,Will be amazing. Thank you for commenting and consider subscribing to the Channel.,@nocopyrightmusictovideos,en,
NuYs-yG9PQA,❤,@remidumesnil394,unknown,
NuYs-yG9PQA,QUIERO HIMNO COPA CONMEBOL LIBERTADORES 2023,@danielgamboaponce6499,vi,
NuYs-yG9PQA,QUIERO HIMNO COPA CONMEBOL SUDAMÉRICA 2023,@danielgamboaponce6499,pt,
NuYs-yG9PQA,"Hi, we will arrange if we get access. Thanks for watching the video.",@nocopyrightmusictovideos,en,
NuYs-yG9PQA,WORLD CUP PARIS 1994 11 years.,@mariaoneideoliveiradapieda6415,en,
NuYs-yG9PQA,"1823 - 1823
1824 - 1824.",@mariaoneideoliveiradapieda6415,unknown,
NuYs-yG9PQA,"Tellement fan de Woodkid, c'est un génie !",@alierah1280,fr,
0WaVi1cf4uQ,LOVE how she made Simone bow down LMAOOOOO,@jhadebredenkamp97,en,gymnastics
0WaVi1cf4uQ,"Congrats, Rebecca. So happy for your success 👏🏽👏🏽👏🏽",@Montcoshire,en,gymnastics
0WaVi1cf4uQ,Congratulations Rebecca!!🎊💛💚🥇🇧🇷🤸‍♀️🌟🔥,@annehamilton2532,en,gymnastics
1dcRdUnbRlo,Sans oublier le bmx race 3 médaille pour la France,@user-zp7se8ou2e,fr,
1dcRdUnbRlo,Moi je dis un grand bravo a Tony Estenguet qui c'est battut pendant 10 ans nous proposer quelques chose d'inoubliables,@didierlecomte3746,fr,
1dcRdUnbRlo,Vive la France,@user-xv7pu5yk7q,fr,
1dcRdUnbRlo,Merci,@user-xv7pu5yk7q,es,
1dcRdUnbRlo,et le rugby,@AurelieTisneDaban,da,
1dcRdUnbRlo,Sauf si on est en 2028,@Kaméamoha,fr,
1dcRdUnbRlo,"Un grand merci 🙏
Sans oublier le rugby 🏉 
La 1 ère médaille 🏅 des français 
Merci pour ces émotions 💕",@Philippe-jf5vx,fr,
1dcRdUnbRlo,"Que des sports à la con.
En athlétisme que dalle. 👎",@laplumehm3859,fr,
1dcRdUnbRlo,"Et tout ça , ça n’est pas grâce à ce président",@thierryremy1298,fr,
1dcRdUnbRlo,Aller la France,@jeanbaptistelallemand1325,fr,
Mt_48jVTfAI,Don’t spread fake news… she visited her paternal home at Goria Jhajjar…. Shame on fake reporters and fake reporting👎,@vishalbhaker,en,shooting
Mt_48jVTfAI,"Andhanamzi shocked😂, manu rocked😊",@qwei58,sk,shooting
Mt_48jVTfAI,"Liberal Manu rocked, Andh-Bhakt shocked! 😂😅",@humanityaboveall5256,sv,shooting
Mt_48jVTfAI,Kuch facilities nhi haii faltu ki  aar na karoo,@utkarshdubey6882,sw,shooting
Mt_48jVTfAI,Good 160 crores logo me sirf 5 h bronze aye usme bhi 2 sirf Manu k h,@aayushman3,en,shooting
Mt_48jVTfAI,"Faltu ki havabaji 
Udar chaina me gold medalist hotel me serve kar rhi hai
Yahi hai hamara berojgar india",@jp11562,id,shooting
Mt_48jVTfAI,Hn Aaram se baith kr ye sb bolna use bhi bada faltugiri hai 😂😂,@anshikagupta2132,id,shooting
Mt_48jVTfAI,@@anshikagupta2132   exactly correct🥲👍,@rishisunak-nh7gs,en,shooting
Mt_48jVTfAI,Why are they getting treatment  like celebrities....,@onasunnyday366,en,shooting
Mt_48jVTfAI,Coz they r celebrities,@PoojaSharma-he7cn,en,shooting
Mt_48jVTfAI,@@PoojaSharma-he7cn how,@onasunnyday366,so,shooting
Mt_48jVTfAI,Nanga naach Wale celebrity se aacha hai​@@onasunnyday366,@SagarSingh-iy5th,en,shooting
Mt_48jVTfAI,The question should be why they are treating them like they have won gold medal?,@Nik_Heal25,en,shooting
Mt_48jVTfAI,"@@Nik_Heal25 a medalist from Korea(I guess) went back to working at his dad's restaurant and nobody recognises her ... But here manu bhaker is being treated like a God....guards aage piche, welle log photos k lie aage pichhe.... Aree ho gya bhai... Bss kro",@onasunnyday366,en,shooting
Mt_48jVTfAI,Policewale  😅😅😅😅😅😅😅,@RAJKUMAR13685,pl,shooting
Mt_48jVTfAI,"Cry left, cry liberals 🤣🤣🤣👌👌🙏",@sicmesicme2360,en,shooting
Mt_48jVTfAI,She is a liberal too go and check her social media profiles and interviews… You illiterate Sanghis need to get another burnol ready! 😂😂,@humanityaboveall5256,en,shooting
-mDYPfhuStE,I love the Olympics,@Anti-ZemoEvilantievilPau-lg2qz,en,
-mDYPfhuStE,"POST ""ALL"" OLYMPIC SKATE STREAMS, VODS & HIGLIGHTS ON THIS CHANNEL DURING OLYMPICS OR DON'T POST ANYTHING AT ALL! 🤦‍♂️

CUZ THIS CHANNEL IS LITERALLY ""AN ADVERTISEMENT SCAM"" MADE SOLELY TO GIVE PEOLE FOMO BY PROMOTING PAID OLYMPICS BUT NOT POSTING ANYTHING DURING OLYMPICS!

STOP RUINING SKATEBOARDING SCENE WITH THIS DÙÚMB OLYMPIC SCAM! CUZ MOST SKATERS ARE ALREADY ""AGAINST"" SKATING & PROMOTING THIS ""OLYMPIC"" SCAM CAMPAIGN! 😒",@OrbitalVibes,de,
-mDYPfhuStE,riders must be drop points if you repeat once again your tricks. riders level very low if you watch another tournaments,@Petya_KM,en,
-mDYPfhuStE,The top skaters here in the Olympics are the same top guys in the major tournaments.,@xwhite2020,en,
-mDYPfhuStE,"@@xwhite2020 may be but not interesting ride, without 900 spin, without flips. Look at bmx competitions  they every guy do crazy things, but here they do nothing 540 540 slide slide 360 spin skate slide. Veryany skaters can spin skates and high fly but this tournament very weak. Compare with bmx especially",@Petya_KM,en,
-mDYPfhuStE,"@@Petya_KM "" without 900 spin "" are you serious ? this is Park not Vert ...",@soundblast8536,en,
-mDYPfhuStE,7:03 absolutely insane!,@alexanderbertallo1995,en,
-mDYPfhuStE,Nice catch !,@soundblast8536,en,
-mDYPfhuStE,I’m glad we all agree Tom won,@parkerlenamon4837,en,
-mDYPfhuStE,"ha ha, you win most lost human of the day.😅😅😅",@xwhite2020,en,
-mDYPfhuStE,*Everyone who is not a casual,@parkerlenamon4837,en,
-mDYPfhuStE,"Yeah, the better skater won, but not the best run.",@lucasrocha6408,en,
-mDYPfhuStE,Bet you can't even skate ya gronk 🙄,@23rdsphotographyandaerials93,tr,
-mDYPfhuStE,More Skateboarding content from #Paris2024 on our website: https://go.olympics.com/watch,@OlympicsSkateboard,en,
zFBTutn21vw,brava❤❤❤🎉🎉👏👏👏,@fabiogiunta-kq8sw,hr,
zFBTutn21vw,wow❤,@fabiogiunta-mx4ey,pl,
zFBTutn21vw,beautiful❤,@Beautifulnature-sr8lh,fr,
7Y8hUOKf_94,Lov Gymnastic Routines 🤸🏼‍♀️🫶🏼,@oriflame_beauty_espana,en,
Sl4kcmVy8Zw,Saving up for my ticket to see the Olympics next year 💯🚀🇫🇷,@themind.ofaaron,en,track and field
Sl4kcmVy8Zw,That’s dope man hope to see you there,@kingsleysc,en,track and field
Sl4kcmVy8Zw,🐲,@Nubako463,unknown,track and field
Sl4kcmVy8Zw,🔥🔥,@kingsleysc,unknown,track and field
BNEwZWTzBwQ,"Si ma quello che caratterizza i gigli di Francia è il seminato e il bou e oro così sembra più olimpiadi a Firenze, forse avrei messo uno sfondo blu visto che il seminato è brutto in un logo ma fatto come a pennellata per non fare il bloccone unico",@danielsiccardi2989,it,
BNEwZWTzBwQ,Grazie mille per la tua opinione. Molto apprezzata 💪🏻,@itslogotime,it,
BNEwZWTzBwQ,"quello originaleè peggio, il tuo più bello",@viktoreccon8702,it,
BNEwZWTzBwQ,l'originale rimane il migliore! per altro mi sfugge il senso di questo video. ma non importa.,@emdm2011,it,
BNEwZWTzBwQ,molto più bello,@marcelloditta7957,it,
BNEwZWTzBwQ,Grazie grazie grazie 🙏🏻,@itslogotime,pl,
BNEwZWTzBwQ,"Grande, così è molto meglio",@giuseppedragotta669,it,
BNEwZWTzBwQ,Grazie mille davvero 😁,@itslogotime,it,
BNEwZWTzBwQ,Spacca ci sta molto meglio,@Ilfrescodipavia,it,
BNEwZWTzBwQ,Grazie grazie grazie 🙏🏻,@itslogotime,pl,
holyySebfX4,Celin Dion,@oliviakoop2543,nl,
holyySebfX4,@@oliviakoop2543 ❤️,@germilyn26,et,
holyySebfX4,Ich liebe dich,@oliviakoop2543,de,
holyySebfX4,@@oliviakoop2543 thanks,@germilyn26,fi,
holyySebfX4,Ich liebe u,@oliviakoop2543,de,
holyySebfX4,Greatest voice from a greatest women,@user-yu9po3pn6t,en,
holyySebfX4,@@user-yu9po3pn6t Yes she is. Thank you so much for your comment and compliment for Celine Dion,@germilyn26,en,
holyySebfX4,I love you ❤❤❤❤❤❤❤,@syedmuhammedali9711,sk,
holyySebfX4,@@syedmuhammedali9711 we love her so much,@germilyn26,en,
holyySebfX4,Diva!!!,@joselitabrito672,hr,
holyySebfX4,@@joselitabrito672 grazie,@germilyn26,lt,
holyySebfX4,😂 q dios te bendiga tu voz debe renacer para ser mensajera de dios,@carmenenriquete6559,es,
holyySebfX4,Muy gracias Amiga,@germilyn26,es,
holyySebfX4,"Nagyszerű egy legenda énekesnő,örökké jobulàst kívánok üdvözlet ❤❤",@brigittakristof7475,hu,
holyySebfX4,@@brigittakristof7475 thank you so much for your comment on Celine Dion,@germilyn26,en,
holyySebfX4,Pauvre Céline est partie en biberine depuis qu'elle a perdu René.,@pascalerolland2782,fr,
holyySebfX4,Yes because she love her husband very much ❤❤❤,@robertmanguera4249,en,
holyySebfX4,Yes i think that so because she loved her husband very much and she's faithful to him,@germilyn26,en,
holyySebfX4,​@@robertmanguera4249thank you,@germilyn26,en,
holyySebfX4,"​@@robertmanguera4249certainement elle l'aimait mais c'était un vrai manager qui savait la conseiller et la protéger et depuis qu'il n'est plus là,  elle fait n'importe quoi .",@pascalerolland2782,fr,
holyySebfX4,Remélem igazi vagy!❤,@zsuzsannamolnar3372,hu,
holyySebfX4,We are hoping too,@robertmanguera4249,en,
holyySebfX4,Maybe she's real and i hope she's well after her health problem.,@germilyn26,en,
oRux67kT2gU,"Stadium name:
Émile Anthoine Stadium",@noname-669,de,
oRux67kT2gU,Futsal🔥🔥 indoor soccer,@pilipinas118,it,
PEGUTf3Y2W8,What a beauty and what an athlete ❤,@madamcleopatrasingh4703,en,
PEGUTf3Y2W8,And later have to return the medals for USing steroids!!!😮,@lius20608,en,
PEGUTf3Y2W8,리스펙!❤,@user-hd6dk1nq1z,ko,
PEGUTf3Y2W8,Thanks for visiting,@shamasultana2408,en,
PEGUTf3Y2W8,Que hermosa,@cesarheliobravoarizola2266,es,
PEGUTf3Y2W8,Thanks for visiting,@shamasultana2408,en,
PEGUTf3Y2W8,"@@shamasultana2408 sha Carri, la mejor",@cesarheliobravoarizola2266,so,
PEGUTf3Y2W8,Julian Alfred le apagó ésa soberbia 😢😢😢😂😂😂😂😂😂😂😂😂😂,@franciscomanuel3162,ca,
PEGUTf3Y2W8,They are all queens,@sundarmann6167,en,
JyFQh95H2wg,Esse é doidão,@jotinha2802,pt,
JyFQh95H2wg,US legend 😮😮😮,@bensonotieno5031,de,
JyFQh95H2wg,❤❤❤❤❤❤❤,@Jannbright24,unknown,
JyFQh95H2wg,He used to be faster than that you guys better keep up,@everlyniahudson7894,en,
JyFQh95H2wg,Как старый дед,@awsaws7135,ru,
JyFQh95H2wg,çok iyi 🇹🇷👏,@alicakmak6546,tr,
JyFQh95H2wg,贛 跳的跟公園阿嬤的土風舞一樣,@user-oy9pm5gg7q,zh-tw,
JyFQh95H2wg,Pqp uma porra dessa tem seguidores o munda já acabou mesmo 🤮🤮🤮🤮,@adilsoncosta6195,pt,
JyFQh95H2wg,❤🥰,@meralyildiz7459,unknown,
JyFQh95H2wg,En verdad estoy asombrado como eso Ace famoso qué alguien explique cuál es la razón de su cualidad,@JoelCarrillo-uz7vr,es,
CyPcJve94Yw,देश की बहादुर बहन,@AjayYadav-bi9uo,hi,
CyPcJve94Yw,🎉ਹੈਪੀ ਬਰਥਡੇਅ,@angrejsinghsingh1609,pa,
CyPcJve94Yw,Happy 🎂birthday to dear brave daughter👧 with good wishes🌹🌹🌹🌹🌹🌹🌹,@surinderbali5081,en,
CyPcJve94Yw,Happy birthday to my beloved sherni,@user-ji4yc3pg2v,en,
YE5fW6eHn_M,sırt numarası 4 türkiyede 4 üncü oldu   vargas ne yapsın tek basına oynadı õbürleri şişirilmiş balon vargası çıkar bunlar 7 inci olur,@user-xs4eh2vr4s,tr,
IVSawwMtviI,可憐的大头😢,@sylviawong4661,zh-cn,
IVSawwMtviI,感覺有點故意的成分在裡頭，要好好查清楚,@feciliatsai6180,zh-tw,
IVSawwMtviI,這些記者太不尊重球員了，大頭表情都崩壞了，心疼😢😢😢。,@user-cw7kv1ev6q,ko,
IVSawwMtviI,自己應該有備用球拍的呀,@XingruHuang-ts6ft,ko,
IVSawwMtviI,87那是一種紀念價值而不是主拍副拍的是了,@1105youlin,zh-tw,
IVSawwMtviI,可以拿著拍子,@user-cm9bt2zt8q,ko,
BvwKLRfzCLo,🇨🇦,@EveSaja,unknown,volleyball
BvwKLRfzCLo,Wow Thanks for CA suport,@everythingworldEW,en,volleyball
BvwKLRfzCLo,Canada 🇨🇦,@GameBox-uc2sm,so,volleyball
BvwKLRfzCLo,Wow Thanks for Canada team Support,@everythingworldEW,en,volleyball
qauoQoGnlOA,"Paris says goodbye to the Olympics with golden closing ceremony - ""Humanity is beautiful when it comes together”",@sportsgurulondon,en,
qauoQoGnlOA,"I personally saw nothing humanitarian … quite the contrary !  
Good job on your part filming it though.",@emmanuellebianchin,en,
qauoQoGnlOA,Yeah!!!!,@ludoafrench,id,
qauoQoGnlOA,​@emmanuellebianchin And so much humanity 🤗 we all need it 😢.,@caherineponsard1390,en,
qauoQoGnlOA,"@@caherineponsard1390   Not sure I understand your comment.  You found the ceremony exposed humanity ?  If so, we have a very different outlook at seeing the same thing.  Cheers !",@emmanuellebianchin,en,
qauoQoGnlOA,Totally. It was so philosophically rich and humanistic. The extra-terrestial perception of humanity has being an age old question and it was veey creative to ressurect this through the Record Performance while also tributing Greece in the process for its contributions to Western Civillisation.,@emmastokes-o3u,en,
qauoQoGnlOA,"While the stage itself resembles a world map, noticed how Simone Biles with the Olympic flag stands at the spot of where Los Angeles is during ""The Star Spangled Banner"".",@MileyChief11723,en,
qauoQoGnlOA,"Terima kasih Paris , selamat berjuang  kakak ku , di para olympic",@haryantoaja3680,id,
qauoQoGnlOA,Where is possible to watch TV translation?,@AnyaV,en,
qauoQoGnlOA,Seeems. As if a mess,@KAMALK320,en,
qauoQoGnlOA,VANNDA Singer CAMBODIA,@hokkh-qn5se,de,
qauoQoGnlOA,"Paris ha firmado su sentencia con aceptar realizarse las ceremonias mas satanicas donde hacen actos profeticos para la llegada del Anticristo y el exterminio de la palbra de Dios y el degollar a los que traen la palabra de Dios ( Cristianos))
Y la gente ignorante lde todos los paises acepta y aplaude",@francesserrano6699,es,
qauoQoGnlOA,"REBECCA FERGUSON'S ILSA FAUST CHARACTER THAT WE ALL LOVED IS BEING KILLED OFF LIKE A CHICKEN AND BECOMING A CORPSE ON THE VENICE BRIDGE , AND TOM'S ETHAN HUNT CHARACTER CANNOT DO ANYTHING 🤡🤡🤡 , THAT WHAT WE CERTAINLY GOT FROM WATCHING TOM'S MISSION IMPOSSIBLE DEAD RECKONING PART 1 FILM ‼️💔💔💔💔💔💔💔💔💔😡😡😡😡😡😡😡😡😡😡😡😡😡😡😡😡😡😡😡😡",@stevenharsono9911,en,
qauoQoGnlOA,❤🎉🎉🎉🎉🎉 wonderfull job,@CarlosHuerta-dl7dg,af,
qauoQoGnlOA,Thank you to whomever recorded this!,@lindalarge1966,en,
qauoQoGnlOA,My pleasure💛❤️,@sportsgurulondon,en,
xZTlopxXpVE,Fanni fanlari ko‘p,@sheraliyevich8,tr,
xZTlopxXpVE,100%,@otabekraxmatullayev0831,unknown,
V1g3fdV1hxk,Suiiiiii,@Teo-Angelfreunde,fi,basketball
V1g3fdV1hxk,Now I remember why I didn't bother watching any of it...,@justinmorgan2126,en,basketball
V1g3fdV1hxk,Davis Jeffrey Taylor Sharon Anderson Maria,@EdmundDwight-i8o,en,basketball
V1g3fdV1hxk,top games,@PryorBeville,en,basketball
V1g3fdV1hxk,"What about Mijaín López Núñez, THE Cuban  Greco-Roman wrestler. Widely considered one of the greatest wrestlers of all time, López is a five-time Olympic gold medalist, five-time World Champion, and five-time Pan American Games champion. Never heard about him? Wow.",@EnriqVillee,en,basketball
V1g3fdV1hxk,Bol is an absolute machine.,@smokejc,en,basketball
V1g3fdV1hxk,where is the french swimming guy?,@zorokozuki3934,en,basketball
V1g3fdV1hxk,That's funny that the greatest athlete of the Olympics is missing 😂,@mermette73,en,basketball
V1g3fdV1hxk,"Il est peut-être temps que l'Europe s'unisse pour pouvoir rivaliser avec les États-Unis, la Chine et d'autres...",@roberttat7061,fr,basketball
V1g3fdV1hxk,poor man 5:15,@iAm12e,nl,basketball
5Fm2Uel306E,The 3 should get gold.  That close is not wining. With 1-5% of the second should win equally and get the medal.,@donnydoit7678,en,cycling
5Fm2Uel306E,Bu final tekrar edilmeli,@metehanalp3253,tr,cycling
5Fm2Uel306E,"It’s the chest, it’s the chest",@riki2657,en,cycling
5Fm2Uel306E,Masai Russell was so gassed lool bloody Americans,@emmkillaa,en,cycling
5Fm2Uel306E,amazing speed🔥🤘🔥,@schweenischween,hr,cycling
5Fm2Uel306E,Why is France crying like that? Happiness?,@ifeanyi9013,en,cycling
5Fm2Uel306E,Disbelief surprise and amazement,@superAweber,de,cycling
5Fm2Uel306E,The French girl shocked she almost won the gold I thought she would come 5th or 6th never heard of her. Maybe was the home crowd that helped her to almost win the gold.,@marfu1119,en,cycling
5Fm2Uel306E,She's only 0.01 sec behind the 1st.,@alma09876,en,cycling
5Fm2Uel306E,Great Russell and very important gold to overtake China and victory of USA in medal table..,@user-qr2mr3fk1q,en,cycling
5Fm2Uel306E,crying like a baby is so unprofessional,@hamimannn,en,cycling
5Fm2Uel306E,"Yeah, with  the whole world watching 😞",@sandrabeulah,en,cycling
5Fm2Uel306E,"Igrzyska równości, hipokryzja.",@ilonamaria3592,pl,cycling
CHP9YSmCMHU,They should sack that commentator icl... She failed to comment...,@user-qz1yg7tz4c,en,cycling
CHP9YSmCMHU,"I’m Italian and can actually understand what the commentators are saying, and I don’t really understand what are you guys complaining about",@SilvioBearLusconi,en,cycling
CHP9YSmCMHU,יפה מואד,@nofarg8866,he,cycling
CHP9YSmCMHU,pazzesco il cinese unico record mondiale e che record! ma allora questa piscina è lenta o è veloce?,@hita111,it,cycling
CHP9YSmCMHU,Der Moderator hat den falschen Job !,@Liameymey,de,cycling
CHP9YSmCMHU,"Was hat der Moderator gegen Chinesen ? So ein Rassist. Wie er redet zum Schluss. Ich finde sowas gehört sich gar nicht ok ??!!!! Dieser Job passt nicht zu ihm. Wie er über Pan redet, er ist 1. und das ist Fakt !!!",@Liameymey,de,cycling
CHP9YSmCMHU,"Az olimpiák történetének meggyalázása... :(  melegek, transzneműek, korruptak, csalók egyvelege... szégyen ez a megrendezés!!! :( Pfujjjj",@user-qr6sp1hf1p,hu,cycling
CHP9YSmCMHU,NICE COLLAGE ! HAI ROMANIA !!!,@teodorsuditu6800,en,cycling
CHP9YSmCMHU,The commentators felt deeply painful when Pan crushed his own world record and his competitors.,@comolaketigerh5112,en,cycling
CHP9YSmCMHU,Unverschämt manche Leute !,@Liameymey,de,cycling
CHP9YSmCMHU,"What are you writing, bro? You are in full mistake! Commentators are wonderfully suprised...if you can't understand italian, please, do not comment",@orsokiwi,en,cycling
CHP9YSmCMHU,Holy crap seeing that guy break the World Record and the reaction of the commentator in the video was such a terrible experience. Wish I had watched this on mute for some reason.,@OnFight1997,en,cycling
CHP9YSmCMHU,Hating on China for some reason,@IvanVas-ti3sg,en,cycling
CHP9YSmCMHU,Solch ein Rassist !,@Liameymey,de,cycling
CHP9YSmCMHU,I'm Italian (the commentator are Italians) and they were exalted...,@lucaa4480,en,cycling
CHP9YSmCMHU,​@@IvanVas-ti3sg😊,@angelalombardelli128,lt,cycling
CHP9YSmCMHU,"Instead of write bad sentences and words...please, first of all understand italian and then write. Commentators are wonderfully suprised...if you can't understand italian, please, do not comment!",@orsokiwi,en,cycling
-1hYw4Yegwc,"What Paris Olympics moment did you think was très drôle? Let us know in the comments!
For more content like this, click here: What Paris Olympics moment did you think was très drôle? Let us know in the comments!

Play our Daily Point Battles to earn MojoPoints and qualify for CASH BATTLES! Check it out: WatchMojo.com/play",@WatchMojo,en,breakdancing
-1hYw4Yegwc,"In reference to #15, but to WM in all vids ... stop with the unnecessary foreign language inflections",@jrod2510,en,breakdancing
-1hYw4Yegwc,"Simone Biles: easily. She quit on her team and country when it ""mattered"" most.  Then this time around, after winning, she had to run to social media and act like a catty little bitch and continue some supposed drama with a former teammate ... yeah, she's a real class act, real role model ...",@jrod2510,en,breakdancing
-1hYw4Yegwc,"U didn't mention that Korean shooter 
K drama queen",@BabyIshii,en,breakdancing
-1hYw4Yegwc,"According to WatchMojo, only the yanks were at the Olympics. So much for a Canadian channel. 🖕",@alberto5147,en,breakdancing
-1hYw4Yegwc,@@alberto5147 I was starting to think WM was a Canadian channel due to this annoying ass Rebecca chick and her pompous accents. Chances are most WM viewers are American so they cater to their main audience.  Canada doesnt watch enough to get their own spinoff like WM UK or MsMojo,@jrod2510,en,breakdancing
-1hYw4Yegwc,As an Australian we do not claim her,@YEE465,en,breakdancing
-1hYw4Yegwc,Arrogant PHD student who thinks they are too good perform just read about a sport they have no talent in … sounds about white.. she thought if Iggy can pretend to rap I can too. 😂 disrespectful,@user-xr4ub8if1s,en,breakdancing
-1hYw4Yegwc,Gave a thumb down for saying raygun captured our hearts 😢,@itendj5386,en,breakdancing
-1hYw4Yegwc,Snoop Dogg bought smoking to a whole new level! 😜🤣 seriously though how adorable was he?! Love seeing all he did in Paris! Living his best life! AS👏HE👏SHOULD👏!,@SamanthasStandUp,en,breakdancing
-1hYw4Yegwc,Garcia Angela Anderson Sharon Hall Edward,@JaniceBradberry-r9f,en,breakdancing
-1hYw4Yegwc,lots of talking but less actual clips... not so enjoying to watch,@fazlifazly3316,en,breakdancing
-1hYw4Yegwc,Williams Matthew White John Harris Edward,@EipsteinMaxwell,en,breakdancing
-1hYw4Yegwc,Taylor Anthony Hall Mark Allen Nancy,@JimmyRuth-o5s,en,breakdancing
-1hYw4Yegwc,Anderson Paul Perez Karen Jones Angela,@billgeitdeandada3588,de,breakdancing
zS5z1LYN6aU,Paris and LA are both able to use mostly existing Venues. LA was the only bidder at the end of deciding the 1984 Olympic spot and it decided to do this. Paris and LA were the only two left trying to hose 2024. LA in 2028 plans to not make new venues again. It’s far cheaper and the entire budget can go to the needed infrastructure to get the many people that go to the Olympics around. Something that often can benefit the city after. It’s a better solution.,@lightcloud1835,en,
zS5z1LYN6aU,build an island and host the olympics there,@krispcode,en,
zS5z1LYN6aU,"Fuck it, host the olympics every 4 years in athens (The place the olympics were created)",@kek33523,en,
zS5z1LYN6aU,"The real issue isn’t even the price imo, it’s the fact that we just let it rot.",@Jade-in9xn,en,
zS5z1LYN6aU,in Brasil was more corruption than a Mega Project itself.,@soultiedinaknotiamnotme,en,
zS5z1LYN6aU,CORRUPTION,@sumerrana6805,en,
zS5z1LYN6aU,😮😮😮😮😮,@marthacvd,unknown,
zS5z1LYN6aU,I feel grateful  to be your subscriber... no cap fr,@Nic-iz6vp,en,
zS5z1LYN6aU,Bro is goated for using Nevin Harrison and Ed Mckeever footage,@Hector_Colvin,en,
zS5z1LYN6aU,i am immensley happy at how much sprint canoe kayak you showed,@jamesswarbrigg5547,en,
msbNOV-nwJI,"Tibo in shape ❌
Tibo in Olympics ✅",@ricardocunha109,en,
msbNOV-nwJI,Congratulations man,@luisoprro3833,tl,
msbNOV-nwJI,Congratulations from iran🇮🇷🇮🇷❤,@user-ev9xt1lo6h,en,
msbNOV-nwJI,Félicitations !!! 🎉🎉 Salutations du Mexique !!! 🇲🇽🇫🇷,@pauloalejandrorodriguezfar3262,fr,
msbNOV-nwJI,It was real? 😱🔥,@mrtheghetto1,en,
msbNOV-nwJI,👏👏👏👏,@mariton_1739,unknown,
msbNOV-nwJI,Congrats from Australia,@user-lj3qc6hj5i,en,
msbNOV-nwJI,سربلند باشی❤,@HastiMalek,fa,
msbNOV-nwJI,Congrattulations from vietnam :),@PhuocLoco-my9oz,en,
msbNOV-nwJI,Bravo vive la France ❤,@geromefore4813,it,
-ko-lp5wZ4M,Pheleps laughing in corner 😂,@RahulJain-gw6lu,en,
-ko-lp5wZ4M,ว้าว😮 สวยมากๆ,@fishomobile6214,th,
-ko-lp5wZ4M,My dream collection...,@Maryam-wr9tu,en,
-ko-lp5wZ4M,That's awesome!🔥,@sumedh_deole1111,en,
-ko-lp5wZ4M,❤,@When-chand,unknown,
-ko-lp5wZ4M,Это кто?,@selmehbur.0368,ru,
-ko-lp5wZ4M,💪💪👏👏👏😮😮😮👍👍,@prakashkarande-we6kw,unknown,
-ko-lp5wZ4M,Scrap iron,@lonthearab6953,it,
-ko-lp5wZ4M,cool,@davidryan8335,en,
-ko-lp5wZ4M,Я даже не зная нажал лайк я просто увидел награды мне пофиг кто он или она😮😊,@user-uc7bv6hu9q,ru,
-gNputxSYBE,rudy got banged on where’s that clip,@youlovechika,en,cycling
-gNputxSYBE,New rules bc of Wemby: A player is from now on only allowed to block 5 times a game.,@gardtexas603,en,cycling
-gNputxSYBE,"France vs USA finals, anything else is blasphemous",@ludwigvonn9889,en,cycling
-gNputxSYBE,Please make it next time longer,@mustafa0132,en,cycling
-gNputxSYBE,pls dont spoil the result in the thumbnail for people who  couldnt watch it ...,@ghettobuddha317,en,cycling
-gNputxSYBE,"Those highlights are terrible. The game was pretty close, yet we're watching 90% french like it was a blowout",@macieksz2829,en,cycling
-gNputxSYBE,The ACT ((african colonies team)) was so strong in comparison to the native Brazilians team,@wallowal2321,en,cycling
-gNputxSYBE,"00:34 ""missmatch against anybody"" is wildddd",@dorsmovies,en,cycling
-gNputxSYBE,Such a bad highlight reel and nearly no brazilian baskets 👎,@tayoku9960,en,cycling
-gNputxSYBE,This summary is far too short. Please look at other channels how it is done properly.,@zagzess,en,cycling
-gNputxSYBE,rudy got banged on where’s that clip,@youlovechika,en,cycling
-gNputxSYBE,New rules bc of Wemby: A player is from now on only allowed to block 5 times a game.,@gardtexas603,en,cycling
-gNputxSYBE,"France vs USA finals, anything else is blasphemous",@ludwigvonn9889,en,cycling
-gNputxSYBE,Please make it next time longer,@mustafa0132,en,cycling
-gNputxSYBE,pls dont spoil the result in the thumbnail for people who  couldnt watch it ...,@ghettobuddha317,en,cycling
-gNputxSYBE,"Those highlights are terrible. The game was pretty close, yet we're watching 90% french like it was a blowout",@macieksz2829,en,cycling
-gNputxSYBE,The ACT ((african colonies team)) was so strong in comparison to the native Brazilians team,@wallowal2321,en,cycling
-gNputxSYBE,"00:34 ""missmatch against anybody"" is wildddd",@dorsmovies,en,cycling
-gNputxSYBE,Such a bad highlight reel and nearly no brazilian baskets 👎,@tayoku9960,en,cycling
-gNputxSYBE,This summary is far too short. Please look at other channels how it is done properly.,@zagzess,en,cycling
ezgweVd4a98,"Speedrunning in real life. 
Bravo, Grandmaster! 🙏🏻🎉",@julespierrelengemann8488,en,cycling
ezgweVd4a98,...he made a quickstart,@Morniac,pt,cycling
ezgweVd4a98,"Geez. I watched the woman's speed climbing and was blown away by almost breaking sub-6 seconds, and this guy climbs up in sub-5!",@SFuruli,en,cycling
ezgweVd4a98,Very impressive. Greetings from Poland.,@Wojciech_Zielinski,en,cycling
ezgweVd4a98,Let them try to do that ... without that elastic rope. The record would be 4 minutes or more.,@picasso3020,en,cycling
ezgweVd4a98,imagine watching your Olympic discipline in a Vine...,@morbid1.,en,cycling
ezgweVd4a98,My wife claims I get it done faster 😢,@H4rd5tyl3,en,cycling
ezgweVd4a98,1:22 where does he even step ??🤯,@burakcandan2992,nl,cycling
ezgweVd4a98,"Wenn er geblitzt wird, ist das Foto leer 😂😂😂",@grunerspielkreis1066,de,cycling
ezgweVd4a98,why is this game in Olympics ? when very few countries play it,@abhinay4200,en,cycling
z68Z6HTT9EI,eurosports - worst highlights u will ever see,@romio349,en,cycling
z68Z6HTT9EI,Full game of this match is available in high definition on the Internet. You just need to know the platform.,@fatalconceit3362,en,cycling
z68Z6HTT9EI,Impaired highlight who tf made this,@user-hz5yr5jz4k,en,cycling
z68Z6HTT9EI,"""The Maple Mamba""!!! 🤣🤣🤣",@gidonzd,en,cycling
z68Z6HTT9EI,the ref was crazy,@user-ki7my9qz9n,en,cycling
z68Z6HTT9EI,Bye bye spain 😂. No cheating this time,@anthonysabini9496,en,cycling
z68Z6HTT9EI,Very solid team from Canada,@BENbG8,en,cycling
z68Z6HTT9EI,Viva Venezuela,@FoxTerrier09,sl,cycling
z68Z6HTT9EI,Congratulations to Canada!,@0negative860,en,cycling
z68Z6HTT9EI,You suck at highlights,@debolas7402,en,cycling
mIWVSV4GuQA,To hear the audience inside La Defense Arena cheer each time his head bobs up in the breaststroke phase was magical,@briansergeant,en,
mIWVSV4GuQA,Leon!!!! And French crowd...!,@GuiBu-m7w,en,
mIWVSV4GuQA,That butterfly final was insane 🔥🔥......,@sandipbhaumik5580,en,
mIWVSV4GuQA,The dope king,@ferencorosz9753,en,
mIWVSV4GuQA,YOU ARE A DOPE NOT HIM!!!,@MA-rd8pz,en,
mIWVSV4GuQA,@@MA-rd8pz Dope your f.cking doppers you DOPE.,@ferencorosz9753,en,
mIWVSV4GuQA,​@@ferencorosz9753 cry 😂,@exominiate,es,
mIWVSV4GuQA,in the last 50 of the 200 fly the crowd literally stripped Milak of all his energy and gave it to Léon lol.,@jaxlone997,en,
mIWVSV4GuQA,ALLEZ 💨 ALLEZ 💨 ALLEZ !,@agathacccc2710,tl,
mIWVSV4GuQA,Legend !,@MR-rr1wq,de,
mIWVSV4GuQA,"These are not Léon Marchand's races, which he completed in chronological order.",@johnny-zn5bt,en,
mIWVSV4GuQA,Le KOAT and THE GOAT!,@alansrt5866,en,
mIWVSV4GuQA,"This Guy Remains Silent After Winning 4 Golds and 1 Bronze 

Mean While Manu Bhaker Won 2 Bronze Medals and Showing off As if She Won 6 Gold Medals",@KAN443,en,
mIWVSV4GuQA,Exactly,@nucleoheaven2372,en,
ZRnJPdeJJME,#LiveRightLiving 💛🙏✨🌞🎽🫶⚽️🌞✨🙏☀️,@leonhard_rosner,en,cycling
ZRnJPdeJJME,USA's goalkeeper is beyond bad,@utkuozdemir3111,af,cycling
ZRnJPdeJJME,can someone explain why none of the french starplayers is playing?,@kaeptn.k,en,cycling
ZRnJPdeJJME,because they played in the euros and olympic football squads are mostly U23 players,@timmyscurr8269,en,cycling
ZRnJPdeJJME,US goalkeeper is not a pro,@leoleo-um8vp,en,cycling
ZRnJPdeJJME,Daniela Pupo,@DanielaPupo-bf1xy,pl,cycling
ZRnJPdeJJME,Why the spoiler titel?!,@tgjorna,en,cycling
ZRnJPdeJJME,"1:41 Arcobaleno emotivo?
Cit alla goa7 League del telecronista attenzione 😂",@l1ghtexx,it,cycling
ZRnJPdeJJME,Pfosten und der Moderator ist entzückt über den Torwart 🤣,@hansschmidt8292,de,cycling
ZRnJPdeJJME,where mbappe,@gutek3754,en,cycling
ZRnJPdeJJME,"In the Olympic Men's Football, Nation's have to use the Under-23 Junior-Team so the Top-Players of a Nation usually do not play at the Olympic games.",@Alex-yt8gn,en,cycling
ZRnJPdeJJME,"Ma come fanno a dire francesi? I francesi sono piccoli, bianchissimi
, col naso grande e puzzolenti.. Questi, sono alti, neri con il naso normale e sicuramente puzzolenti.. Ma. Come si fa tifare una squadra che non c entra nulla con i francesi??? 🤭🤭",@davidescuotto5683,it,cycling
KRaOT8SeU3A,"South Korea sent her as a skilled professional

The Turks sent him as a warning to the world",@AA-wm2ty,en,
KRaOT8SeU3A,Nah this is crime asf😂,@PoppaPump69,en,
KRaOT8SeU3A,"Why are the guns so different than usual, anyone",@y_ugirohanma6709,en,
KRaOT8SeU3A,Track and field are the true sports. The rest is just to fill the roster,@straightouttacornwall,en,
KRaOT8SeU3A,"That chinese girl has this look on her eyes: 
""the voices in my head are telling me to kill you""😅",@bellatordei3440,en,
KRaOT8SeU3A,Where are the shots???,@AJ-2-Toke,en,
KRaOT8SeU3A,The Hitman got the best individual score (151) 😂 but his teammate made bad shots (145). The Serbians scored 149-149 and won the gold,@mugairkaya5024,en,
KRaOT8SeU3A,"The 4 Horsemen of Air Pistol:
1: The Hitman
2: Sci-Fi Assassin
3: Chinese Hunter
4: The Lean Back Shooter",@Air_EpicWubbox,en,
KRaOT8SeU3A,Could he be a descendant of the Ottoman Janissary infantry?,@azizey9246,en,
KRaOT8SeU3A,"Scifi assasin, jojo stand and retired peofessional",@novaenforcer1563,en,
oPEIRppzPpY,Anderson Brian Lee Helen Moore Carol,@DanielReardon-s9t,nl,
oPEIRppzPpY,Harris Richard Robinson Amy Rodriguez Linda,@NatalieMorgan-q9r,de,
oPEIRppzPpY,Allen Timothy Miller Larry Jackson Paul,@MarcellaRomero-vs4zv,en,
oPEIRppzPpY,That is the sexually lost and confused being televised for all to see. Especially putting a minor little girl in the scene and a man’s balls hanging out of his shorts tf is wrong with the French. They should be jailed. Being programmed to see this garbage is diabolical and disgusting. 🤮,@Ghnikkds,en,
oPEIRppzPpY,Harris Ronald Young Betty Rodriguez George,@BlowingDummy-s9s,en,
oPEIRppzPpY,The Best Opening of all time !,@Rhaminagrobiceable,en,
oPEIRppzPpY,ahahah  stai scherzando vero?,@Lory6116,id,
oPEIRppzPpY,Garbage globalist trash  😡,@T.R.R.Jolkien,en,
oPEIRppzPpY,"Although I didn't like some moments that were too ""woke"" and didn't represent France, the opening ceremony wasn't just about that : The fact that the show took place outside for the first time and was a moving show on the Seine was, in my opinion, something special. 
Moreover, we must not forget that  Aya Nakamura performed with the Republican guard, Lady Gaga performed, Celion Dion performed, Gojira performed, there was a cabaret, other athletes (like people doing double dutch etc...) and other dancers (like ballet dancers) performed on the Quais de Seine, there was assassin's creed, the Minions, a horse rider on the Seine, a  beautiful ""Marseillaise"" anthem sung  etc...
All this to say that yes, the ceremony is very open to criticism due to the overly ""woke"" choices of the artistic direction, however the show wasn't just about.",@lonelyberg1808,en,
oPEIRppzPpY,Hitler paid the most on his olympics ceremonies. France paid the least.,@kooltwist,en,
oPEIRppzPpY,ボロクソ言われてたからどんなものか確かめてみたら、ほんとに酷くて笑っちゃったw,@user-ru4co5ur2n,ja,
G8g8t1tYPMQ,"Gold Medal:
Gold ❌
Scrap ✅",@skav_real,en,
G8g8t1tYPMQ,"Ngl the paralympic medal looks cooler than the normal olympics, even without the eiffel tower in the centre",@pokemasers,en,
G8g8t1tYPMQ,"... Okay, that's awesome.",@rebekadoczi2136,en,
G8g8t1tYPMQ,Who cares about the effeil tower metal,@manzourfirdaws993,en,
G8g8t1tYPMQ,Leon marchand won so many medals he is going to be able to rebuilt the Eiffel tower at home!,@gandigooglegandigoogle7202,en,
G8g8t1tYPMQ,They should take a wedge out from the side where it is not leaning to correct it😂,@ItsAllApsyop,en,
G8g8t1tYPMQ,Plus that's was pure Gold!!!!! 🤤😋😍😘,@ArthuroArthuro-o5w,en,
G8g8t1tYPMQ,That didn't age well,@cristianardeleanu6395,en,
G8g8t1tYPMQ,many Olympic athletes complain their medal deterioration in just one week,@VYT2327,en,
G8g8t1tYPMQ,🤮🤮🤮🤮🤮,@sabrinatiaraju-wolski6738,unknown,
FgqHSm1tuN4,Je suis sûre qu'il est tellement malade dans sa tête qu'il est persuadé qu'on l'acclame,@Panashi-h3r,fr,football
FgqHSm1tuN4,Alors ça ne frime plus devant le peuple français...???,@patrickcamus4387,fr,football
FgqHSm1tuN4,"Ah mais c'est excellent, Ô bravo ! Pour un grand et si beau pays qu'est le nôtre, la France ! 😤🗽🤺🦕⚔️
Quel exploit sidéral, quelle fierté, ô fantastique ! Pour de telles bacchanales ce serait Jupiter qui finirait par nous tomber sur la tête ! 🦏🫡🦧😃",@geoffroydefonvillars9546,fr,football
FgqHSm1tuN4,Il dit trop de bêtises,@pancegjorgjiev299,fr,football
FgqHSm1tuN4,Il doit se taire😂,@pancegjorgjiev299,fr,football
FgqHSm1tuN4,Il est toujours pas en taule ?💩🤮🐒,@olivfort4232,fr,football
FgqHSm1tuN4,😂 Sa gueule c'est collector,@sterenn62320,fr,football
FgqHSm1tuN4,On est foutu....Que Dieu nous protèges tous 🙏🏽,@zohralova4997,fr,football
FgqHSm1tuN4,L'amour du peuple,@sebastienprimot6263,fr,football
FgqHSm1tuN4,ce regard d'illuminé perché dans la 75 ème dimension pendant son discours,@guss4154,fr,football
dPJiVWUgfIY,i love both set of cheeks,@ImAcoolWitch1234,en,
dPJiVWUgfIY,Why do you always sound like you've been partying all night? Just drinking fucking scotch whiskey and chainsmoking cigars,@user-sl7gk7ct1e,en,
dPJiVWUgfIY,So cool   that !!!   🙏🙏,@gtwyu,en,
dPJiVWUgfIY,You’re so beautiful Molly.,@robertsavage8564,en,
dPJiVWUgfIY,❤❤😅😅😅😅😅❤❤,@MaqubalHussan,unknown,
dPJiVWUgfIY,Ты такая красивая 😘,@user-ot5mh3hx3z,ru,
dPJiVWUgfIY,I don't know if you were in the Olympics or not but you need to be in itttt,@Roblox_lover502,en,
dPJiVWUgfIY,Hi molly❤,@hermandl13,en,
dPJiVWUgfIY,Why are you not in the Olympics⁉️,@PPMAK777,en,
dPJiVWUgfIY,You are so pretty 🦋,@dj...channel2549,en,
ymi6D6DAiik,Congratulations Carlos Yolo🎉,@ronelgale1236,en,gymnastics
ymi6D6DAiik,Alam ko yan,@azurbacani7262,id,gymnastics
ymi6D6DAiik,SALAMAT NAMAN AT AFTER ANOTHER 12YEARS SACRIFICES OF YOUR FAMILY NAGING DEMON KA….WALANG UTANG NA LOOB!😢,@RolandoTenido-b5z,de,gymnastics
ymi6D6DAiik,caloy...,@johnkolokoy23,so,gymnastics
ymi6D6DAiik,Masama ka nanay mo scwater paren shaka Yung papa mo salamatan mo naman yung nag sopporta Sayo Hindi Yung girlfriend mo Sila naggastos Sayo para sa training mo,@princessabigail8246,tl,gymnastics
ymi6D6DAiik,Bait nong bata pa .ngayon haha . Walang hiya na. Walang galang sa magulang . Sana dkana mananalo sa laban moow,@abnergabrera1171,tl,gymnastics
ymi6D6DAiik,Carlos yulo,@felicianoluzanojr2311,es,gymnastics
ymi6D6DAiik,🥺,@elc_halayahayronaa.9906,unknown,gymnastics
ymi6D6DAiik,ez😂😂😂😂😂😂😂😂😂😂😂😂😂😂😂😂😂😂😂😂😂😂😂😂😂😂😂😅😅😅😅😅😅😅😅😅😅😅😅,@anthoyRemollino,unknown,gymnastics
ymi6D6DAiik,❤❤❤❤❤❤❤,@jellyjulian8325,unknown,gymnastics
5tsSN6sA67k,Un très grand champion même deuxième arigatō saito 🙏🇯🇵🇨🇵🫶,@shutake5224,fr,
5tsSN6sA67k,Il s'est quand même fait éclater,@vincentsaintmartin4991,fr,
5tsSN6sA67k,Un futur grand champion bravo à lui❤❤❤,@guillaumejacquinet91,fr,
5tsSN6sA67k,Bravo ❤❤❤❤❤,@francoise6724,sk,
5tsSN6sA67k,"Pour faire une belle finale il fallait 2 grandes nations et des grands combattants 
T'inquiète Saito la prochaine fois c'est pour toi 💪🏿",@DokrastaYoudub,fr,
5tsSN6sA67k,Respect bravo il mérite cette ovation 👍💪👏👏👏👏,@akimboulanouar520,fr,
5tsSN6sA67k,Pour avoir combattu un dieu vivant il doit être honoré au Japon.,@user-iz3gr8bw7x,fr,
5tsSN6sA67k,La France qu'on aime ...respect de l'adversaire,@Adieulemile,fr,
5tsSN6sA67k,"C'était vraiment un des plus beaux moments des JO , cette ovation spontanée pour ce champion si valeureux et si humble , tellement méritée. GG Au public français sur ce coup là😢❤",@dean.moriarty,fr,
5tsSN6sA67k,Bravo légende ❤,@forzarcl6271,pt,
-Ktz158PZQs,It is still better cuz India was at 71th rank 😅,@Shivani-kw9kx,en,
-Ktz158PZQs,Not 16th rank now ❤,@Createagyan,en,
-Ktz158PZQs,"India in Olympics : 🤡
India in para-Olympics : 🗿🗿🗿",@ira-qo1gh,en,
-Ktz158PZQs,India in Paralympics ☠️☠️☠️,@Kangie-7175,en,
-Ktz158PZQs,Sad reality 😢,@taekooklover2619,en,
-Ktz158PZQs,"Reason my child studying MBBS in AIMS 
MY CHILD HE IS AN IITIAN 😅
in india competative exam important 
                                     From a JEE ASPIRANT 😢",@Spartans.preapare_for_glory,en,
-Ktz158PZQs,Wow feeling proud 🤡🤡🤡,@kapilray4548,en,
-Ktz158PZQs,Time to introduce Dilli Danda in the next Olympic.,@nenm465,en,
-Ktz158PZQs,Indian main reason.... UPSC JEET IIT NEET,@SorenKumar-tg7sm,en,
-Ktz158PZQs,"Yahan comment section m adhe se zyada log Olympics ka games dekhte bhi honge...117 log jo gaye hain unko fully prepared karke bheja gaya hai with world class coaches,nutritionists and individual physios and equipments...its not about how much you spend...West has dominated in Olympics for a long time because it was born there..Considering the economic condition of India 117 is a huge number bro and it will only increase in the future as more and more domestic leagues and events are being organised and people are getting inspired from stars like Neeraj Chopra,Avinash Sable,Vinesh Phogat etc.",@pratyushbanerjee2612,en,
-Ktz158PZQs,Olympics is really just a European hotspot ...they grew up with Olympics..so it will take time for India to be there or get recognised but India is slowly climbing the ladders it takes a lot of time bro and money...Considering how poor India is we still were able to send 100+ contingent...its a very big deal...har kisiko nhi bheja ja sakta paisa lagta hai uske liye....Today India has more than 3000 sports schools (Public + Private)...we have to be proud of what we got in so less time ...future holds brighter results becoz more and more people are getting inspired by watching Athletes like Neeraj Chopra.,@pratyushbanerjee2612,en,
8rYOHuOqgF0,its the gaylimpics this year and i hope the next one isnt,@MyAcer20,en,cycling
8rYOHuOqgF0,👏💯💪❤️,@VNn2023,unknown,cycling
8rYOHuOqgF0,Wow!🎉🎉🎉,@francescacasini4694,pl,cycling
8rYOHuOqgF0,They find a genius😮,@centralkingdom8141,en,cycling
8rYOHuOqgF0,Io quando mi tuffo e mi pare perfetto faccio in pratica gli schizzi totali dei tuffi sbagliati cinesi (allenamento compreso) in tutta la  storia delle olimpiadi 😂😂,@ginopontani3359,it,cycling
8rYOHuOqgF0,Awesome,@pilimarquezbenitez8052,af,cycling
8rYOHuOqgF0,"*Amazing. By the way, China won this Olympic games, because the US has 40 gold medals, same than China, but Hong Kong is actually CHINA and they got 2 more gold medals. Not mentioning Taiwan.*",@chulobombastic,en,cycling
8rYOHuOqgF0,With that logic the USA can include Canada as part of them lol,@AngstKylo,en,cycling
8rYOHuOqgF0,"*Has nothing to do with Canada. You should study more before dropping those comments. FYI, 2 gold medals from Hong Kong were listening the Chinese anthem during their medal ceremonies. China won. With, at least, 42 golds vs 40 golds of the US. It is a fact.*",@chulobombastic,en,cycling
8rYOHuOqgF0,"Not only you can’t see something wrong, you can’t even see the splash 💦😳",@griffingrey9245,en,cycling
8rYOHuOqgF0,Dzeja Delanija bending over at the womens diving platform was THE highlight for me 😵,@GenocideLv,en,cycling
8rYOHuOqgF0,Perfetta! Cheers from Italy,@gigasound299,en,cycling
_LOTzz_ueOA,"Le pédalier tourner bien mais la chaine a casser entraînant, une roule libre sans k7 la vitesse etait de /<=÷÷ }{ & de )(][",@jamisdelsol5761,fr,
_LOTzz_ueOA,Qui sait pourquoi les escrimeurs ont un fil accroché dans le dos?..Et bien c'est pour qu'ils ne se barrent pas...,@TheMcastagna,fr,
_LOTzz_ueOA,?,@Lafence,unknown,
_LOTzz_ueOA,😂 un coup impressionnant ?? Jten foutrait .,@janjanirl8782,fr,
_LOTzz_ueOA,Mais comment il feinte....😮😮😮😮,@stephaniestephanie3660,fr,
_LOTzz_ueOA,Le chinois a une commotion cérébrale,@Lafence,fr,
_LOTzz_ueOA,On ne COMPRENDS RIEN !!! Vous pouvez pas fournir des explications bordel ??,@user-uk9uw2lw3p,fr,
_LOTzz_ueOA,Ont dirait ils sont au mcdo avec le bip derrière ( bon aller je ferme ma guele et ces ciao ),@leokirchner5110,fr,
_LOTzz_ueOA,J.O  de satan,@frednouffli2391,pt,
_LOTzz_ueOA,Heureusement que ce n'est pas du rugby. Elle a mal où choupette?,@philipperomanet808,fr,
_LOTzz_ueOA,Commotion cérébrale pour le chinois. Un coup de coquille dans le masque ça peut être très violent.,@Lafence,fr,
_LOTzz_ueOA,"@@Lafence ah oui! Comme au foot quand ils se roulent par terre à peine on les effleure. Il n'y a pas de moyen de vérifier la douleur, le gars a juste à simuler, et il a gain de cause.",@philipperomanet808,fr,
_LOTzz_ueOA,"Merci,vous m'avez régalé😂😂😂",@cyrillesauzee7908,hu,
_LOTzz_ueOA,"Je suis mort de rire. Il ne peut plus se battre selon le médecin. Perso je fais de l’escrime médiévale avec le même genre de masque d’escrime. On prend des coups de pommeau, des coups d’une lame qui pèse 1kg, des coups de gantelets… baaaaah je vois pas le souci lol.",@ender3284,fr,
_LOTzz_ueOA,Commotion cérébrale pour le chinois,@Lafence,fr,
_LOTzz_ueOA,"@@Lafencemais oui… ça veut rien dire! Bien sûr qu’il a été sonné. 
En attendant le combat a repris (certe après intervention du boss de la fédération chinoise mais bon)
Je veux dire que c t évidemment rien de sérieux. Ce sport plus ça va et plus ça devient ridicule.",@ender3284,fr,
_LOTzz_ueOA,@@ender3284 le chinois a une commotion cérébrale il n'a pas rien. Je vois pas ce qu'il y a de ridicule pour le coup excepté le fait que le président de la fédé chinoise ait forcé son athlète à repartir alors qu'il ne pouvait pas.,@Lafence,fr,
_LOTzz_ueOA,"@@Lafence une commotion ça veut tout et rien dire. Tkt que si ça avait été grave il ne repartais pas…. Et n’aurait pas fait toutes les touches suivantes d’ailleurs.
Quand à ce qui est ridicule je l’ai écrit plus haut. J’en ai pris un paquet des coups de ce genre…. Avec des masses plus importantes d’ailleurs.",@ender3284,fr,
3xIBYWL3lzs,❤❤❤❤❤❤,@RemigiuszMatuszewski,unknown,football
3xIBYWL3lzs,Sublime vous nous avez fait pleurer et frissonner ❤ pour un retour grandiose prenez soin de vous Céline  on ne vous a pas oublié,@lucas_80ytb85,fr,football
3xIBYWL3lzs,"Si y'avais bien quelque chose qu'elle savait faire, c'est bien ça.
Prends soin de toi.❤",@valerielandrin2007,fr,football
3xIBYWL3lzs,Guersa didi keyupuedes sunaestrella keteds fuersa tutelomerese gupa meslegro mucho deberte katado te edperare berte otrabetkats kpmotuloase tabien tedeseo lomejo pati patufamilia salu amen 🌹🍀❤❤❤❤ 😘😘😘😘🩵🩵🩵,@dolorescamachoreyes4212,es,football
3xIBYWL3lzs,"aicauselaaivaivinamoinetemariveselalepluviteppaurnausjetaimdamauraipauarlavivequetoitufaiquelebinvina❤


🇨🇵🇧🇪❤️♥️💍🌹🫂💯💯",@PaulHeuschen-fr6uo,fr,football
3xIBYWL3lzs,😢😢😢😢,@santor.353o02v,unknown,football
3xIBYWL3lzs,Après 4ans elle chante super bien,@sylvaindurigon7548,fr,football
3xIBYWL3lzs,La cérémonie  était incroyable ❤,@sylvaindurigon7548,fr,football
3xIBYWL3lzs,Toujour ❤🌹💐🌻💌💝👑🎶🎵,@patriziarotondo3008,fr,football
3xIBYWL3lzs,"Mon Dieu, quelle beauté... Merci 💘",@alojzkrajicek3539,fr,football
yDebPBNhCc0,VENEZUELA uz SANCTIONS mip hrvat i davos cobway loža..sa razmeštanje Italia aig USA ajk tactical to secure blackmail on group inner lože kao pohedinci RETRO ON DJUKIC SNS SRS VUČIĆ GRAD DVA I TRI.. DOLE...SA DVE POKRAJNE GERMANY NA DOVOZ GRENELL TRUMP DJILASI CENTAR.. KANCELARIJE KĆI IZ TODAY IDEA.. THX,@user-zb3vy7zj3g,en,cycling
yDebPBNhCc0,Super 🎉👍🔥,@Tasjaa68,id,cycling
yDebPBNhCc0,2:46 great performance but she should have belted this part out,@burburchacha,en,cycling
yDebPBNhCc0,😍🥰🤩,@stelsDM,unknown,cycling
yDebPBNhCc0,👍,@miguelsalas8460,unknown,cycling
yDebPBNhCc0,Law stop stealing marilia adamaki stop imoersonating her style personality het lyrics vids words greatest her 6th in album,@irine839,en,cycling
yDebPBNhCc0,Copy cat! Ojoj,@babaluana7118,pl,cycling
yDebPBNhCc0,https://youtu.be/bSOiuvHqIx4?si=4QY-9QOKyMhX4-jO,@babaluana7118,unknown,cycling
yDebPBNhCc0,Voice Like an Angel. Very very great Performance.,@Scorpion-wb1cm,en,cycling
yDebPBNhCc0,"Legend ❤ Billie you are amazing  , what a voice  ❤",@user-io7lf3go4w,en,cycling
x09x3BT5yks,Kenya with masai outfit,@adila2442,id,
x09x3BT5yks,Mainland uniform is just better than Chinese Taipei uniform come on,@sanneoi6323,en,
x09x3BT5yks,You mispelled 11 on Bhutan,@sanneoi6323,et,
x09x3BT5yks,😂😂 that’s funny,@TumiLaMuse,en,
x09x3BT5yks,And also Armenia,@Dido_006,en,
x09x3BT5yks,Seven Saber  Uzbekistan 🇺🇿 ❤❤❤❤,@Dido_006,de,
x09x3BT5yks,"Thailand actually having the previous version, but most Thai people including myself thinks it's insanely bad (good clothes, but poor cutting) so the Sports Authority of Thailand change it to this Version, which I think it's even worse.",@suppanutjaroanphan3527,en,
x09x3BT5yks,Uzbekistan 🇺🇿 100/10,@LolliPandora,id,
x09x3BT5yks,"Algerians 👏👏👏👏👏100/10 for everything , the outfit ,the attitude , the roses giving a message of peace and forgivness ..Not to mention Imane Khelief إيمان خليف  giving power to all Arab women 👏👏🇩🇿🇪🇬",@marwaqoura7804,en,
x09x3BT5yks,Iran disappointed us so much,@ariafatemi5840,en,
x09x3BT5yks,😅 I hope we see better next games,@TumiLaMuse,af,
x09x3BT5yks,Mauritius’ are like a bunch of tourists 😅,@indohebat,en,
AJLIlzNN0_8,"Muchas gracias al narrador, porque Remco Evenepoel, es excepcional, como ciclista y como persona ❤❤❤🎉🎉🎉",@claraleon7240,es,cycling
AJLIlzNN0_8,So happy for Remco! What a beast! And so SHITTY highlights. C'mon Eurosport.,@aliakseinikulin8369,en,cycling
AJLIlzNN0_8,why no pog and vingegaard?,@ismegood8969,af,cycling
AJLIlzNN0_8,"1) Tired after Tour
2) Not their kind of road (maybe Pogacar could fight, but not Vingegaard)
3) Slovenian politicians corruption robbing Pogacar's girlfriend of an Olympic start she deserved, he didn't have any motivation to work for these people.",@TrykusMykus,en,cycling
AJLIlzNN0_8,eh?,@stimp1234,de,cycling
AJLIlzNN0_8,"Its total wrong cutted......you know nothing about the race at the end.... and the title is also a farce for people, who dont want to know the winner...",@anrakspumante5958,en,cycling
AJLIlzNN0_8,"Yeah, that was a bad highlight video...",@dominicwitt8928,en,cycling
AJLIlzNN0_8,Where are the footage from course outside of city?,@nem3th,en,cycling
AJLIlzNN0_8,Best highlight video ever lol,@yanistoyanov,en,cycling
AJLIlzNN0_8,Con i telecronisti che si ritrovano non poteva che uscire una sintesi di questo tipo. Pessima.,@massimoarmati6336,it,cycling
AJLIlzNN0_8,great  remco,@giancarlodrei4857,ro,cycling
NPjKiLTdDDg,"It is actually hard, one-time they poked my shoulder with the javelin. And yes I'm a mini car driver.😊",@shinchan331,en,
NPjKiLTdDDg,How lazy they are..😂😂😂,@DHRITARASHTRA_0_0_0_1,en,
NPjKiLTdDDg,AI will takeover 50% job,@krishnajirao5011,no,
NPjKiLTdDDg,How much do they pay? Are there benefits?,@Addy0401,en,
NPjKiLTdDDg,😂😂😂,@souparnaghosh.6194,unknown,
NPjKiLTdDDg,Is there stuart little inside,@ashishpandey6886,en,
NPjKiLTdDDg,Yes. I have seen him,@cam5816,en,
NPjKiLTdDDg,Such a cute thing😍,@NeginMolaei-sw6lq,en,
NPjKiLTdDDg,French's are to lasy to walk 😂😂😂,@tomaszlen2807,en,
NPjKiLTdDDg,Line follower robot,@aitordam7045,en,
NPjKiLTdDDg,Where can i buy this?,@Hollybolly_scriptures,en,
uijTR940URg,"https://youtu.be/0BzJhUHCeD8?si=3Ie7YQnplvptVClx
I don't represent Tristen Funkhouser or here want to dis' Yuto - but Funk got $10,000 for an ollie and i heard Yuto got about 4 for an olypic gold medal 🥇 stay junty",@mytorment,en,cycling
uijTR940URg,Who farted?,@The_onliest,en,cycling
uijTR940URg,❗ Without any protection? This is irresponsable.,@alexmay2825,en,cycling
uijTR940URg,"I know nothing about skateboarding, will anyone tell me why the displays at the Olympics didn't look like the best that can be achieved in this sport?",@JM-hf9bl,en,cycling
uijTR940URg,lmfao dude said their like gladiators,@angelicaterry3367,et,cycling
uijTR940URg,TFunk has that 🤙😇🫒 stay junty,@mytorment,en,cycling
uijTR940URg,OMY! 🙏,@alexanderbertallo1995,pt,cycling
uijTR940URg,Maybe need to made Helmet mandatory?,@ELHALOPSP,en,cycling
uijTR940URg,Why not 100???????hes the best actually,@Endo-uu8mo,en,cycling
uijTR940URg,"Nothing new....trapas, embarrassing",@Marcel-e7i,en,cycling
vO50IR-Hfo0,Say no to vertical filming,@rubee4460,it,cycling
vO50IR-Hfo0,Silver hahahaha 😂,@phil1539,so,cycling
vO50IR-Hfo0,Did she go out of bounds in her 1st tumbling pass??,@Zoigun,en,cycling
vO50IR-Hfo0,"A por todas Simone, dale duro y todo medallas.",@Quator27,es,cycling
vO50IR-Hfo0,Are you deducted marks if you step outside the arena during excercise?,@ainenesbitt8654,en,cycling
vO50IR-Hfo0,Yes. Each time one foot goes out of bounds (white line) they deduct .1 and each time both feet go out they deduct .3.,@a.b.b.y..,en,cycling
vO50IR-Hfo0,IZWWK Women 🤸‍♀️🤸‍♀️,@Iris-ss8nb,nl,cycling
vO50IR-Hfo0,IZWWH Women 🤸‍♀️🤸‍♀️,@Iris-ss8nb,nl,cycling
vO50IR-Hfo0,El ejercicio es horrible,@pmde1525,es,cycling
vO50IR-Hfo0,you dont know how hard gymnastics is then,@user-sl3wi4ux3k,en,cycling
vO50IR-Hfo0,​@@user-sl3wi4ux3kgynastimics is for mongs,@thenoobalmighty8790,en,cycling
vO50IR-Hfo0,"para gustos colores. Pero es el más difícil con diferencia. De ahí los resultados. Supongo que triste, porque ha ganado, jajajja.",@Sergio-tf8xi,es,cycling
vO50IR-Hfo0,Amazing GOAT,@gpac8147,tl,cycling
vO50IR-Hfo0,That Goat was a blessing.❤❤❤,@mariaassuntavella8840,en,cycling
vO50IR-Hfo0,The goat gave her silver !,@phil1539,en,cycling
vO50IR-Hfo0,King of Drugs,@Joe-zp8jq,en,cycling
vO50IR-Hfo0,Are you?,@catherinecayasa8796,fr,cycling
vO50IR-Hfo0,Wrong video I assume,@heathersnumber1fan,it,cycling
cGvp6_zqRGs,Ela foi maravilhosa,@geylina,pt,
cGvp6_zqRGs,Ich seh schwarz 😢,@ralfkirschner4195,de,
cGvp6_zqRGs,Golden angel. She sings so well and has such stage presence. ❤,@beastdultragaming,en,
cGvp6_zqRGs,Worst opening ceremony ever!   Why did they hire a antiwestern/ antichristian -woke team to organise it?    Can Not be a coincidence...,@marvinangel8832,en,
cGvp6_zqRGs,One of my favourite performances at the opening ceremony 🙌,@username_unidentified,en,
cGvp6_zqRGs,Same! She did so well❤,@beastdultragaming,en,
cGvp6_zqRGs,scary,@speedking1353,en,
cGvp6_zqRGs,That day was amazing!!❤❤,@Nena-f2e,en,
cGvp6_zqRGs,Meh…,@felinehermetica,id,
cGvp6_zqRGs,🫣,@alexia551,unknown,
cGvp6_zqRGs,Nulle,@nanard9915,et,
cGvp6_zqRGs,Mais vous parlez de quoi. Elle a fait très bien. Sa voix est formi formi formidaaaaable😂❤,@beastdultragaming,fr,
Z_LvWuCq76U,"What an amazing match, congrats Zheng!",@evanh9301,en,tennis
Z_LvWuCq76U,超级厉害,@LindaYip,zh-cn,tennis
Z_LvWuCq76U,17 year difference in age.... Keber is still so excellent. Isn't she?,@franksun383,en,tennis
Z_LvWuCq76U,great match!,@zincion1,en,tennis
Z_LvWuCq76U,Seeing all the sour grapers here makes watching this win so much sweeter.,@johnnyq4260,en,tennis
Z_LvWuCq76U,Ages,@PrPaPeCECE20,af,tennis
Z_LvWuCq76U,Who the hell is Kerber?? Never heard of her,@zztissue6479,en,tennis
Z_LvWuCq76U,"Incredible match, proud of this young chinese girl! the future is yours!",@chunwang2656,en,tennis
Z_LvWuCq76U,QUEEN WEN! RESPECT!,@chunwang2656,so,tennis
Z_LvWuCq76U,Zheng played well,@hiall5456,en,tennis
y6GphAok2Rk,"*It's time to repent and seek JESUS* .He gave his life, and suffered the wrath of the Father in the cross, to save you from eternal hell. For God loves you, but the sin must be punished. On the third day He raised from the dead, showing to the world that He is God. He'll return soon to judge and destroy the sinners. So turn away from your sin. Ask God to change your life and He'll do amazing things. Jesus loves you. 
*THE END IS NEAR.*",@elsamusoy,en,cycling
y6GphAok2Rk,It's just just heats ? Not final? Why unfortunately world record?,@ciarandevaney385,en,cycling
y6GphAok2Rk,Did they win the gold?😂,@Gerhard2770,en,cycling
y6GphAok2Rk,"All U.S. athletes must be tested for doping every hour, and their chromosome set",@user-gh6ov4hu3v,en,cycling
y6GphAok2Rk,"Dam bro, that guy from usa was flying 😳 😕 😢 😬 😐",@Fred-gamingveda455,en,cycling
y6GphAok2Rk,why comments are off for the boxing match ?????  I wonder why....,@OscarTheProfessor,en,cycling
y6GphAok2Rk,Why Femke Bol dont run?,@V.J.J.V.,en,cycling
y6GphAok2Rk,Well done kenya for being at the finals,@user-jz4et8kj1d,en,cycling
y6GphAok2Rk,"I bet the ""woke"" society is furious..the real men and women are having too much fun..so they will stride to get the Transgenders and Non-binair athletes to compete next olympics 😂",@nielsdorhout058,en,cycling
y6GphAok2Rk,In china if we want to go to middle school we have to race 1600m in under 4 minutes,@AmyDemmy,en,cycling
myAHrXIwqXs,White Causeway,@HicksMaxine-p4p,en,cycling
myAHrXIwqXs,Nice. I put some dislikes for some videos of The Olympics’ from this year’s Olympic Games in Paris 2024 and all of the videos of above mentioned channel are not accesable for me no more 😂😂😂,@TheKalokagathia,en,cycling
myAHrXIwqXs,This is the worst opening i'll watch :D damm they are so bad the karography,@Zamaninsesi,en,cycling
myAHrXIwqXs,Satanic symbolism...,@108yogaexperiencewithfederico,en,cycling
myAHrXIwqXs,So these get paid while many of the athletes don't get paid?,@f.o.4537,en,cycling
myAHrXIwqXs,"I only watched this to 7min 16 s but I think it was nice and a lot of people had to work on it. It does not matter if some critisize it. I am talking abou an effort and I could see that all those performers gave it all. 
All of you who are stupid religious people, try to understand that religion is just a big BS and Creator likes you the way you are and He wants No religion because religion makes you stupid! Find the real truth, find yourselves!",@user-iz3hy1kc4j,en,cycling
myAHrXIwqXs,"5:36 that’s so disgusting!🤢
Even reflection one the camera describes lgbtq flag",@Jemis_Brown,en,cycling
myAHrXIwqXs,Woke freak show,@Workasofficial,en,cycling
myAHrXIwqXs,https://youtu.be/YYvnvr8Cpzo?si=13a9cfTMccC9PMI-  just that,@hallöchen9091,en,cycling
myAHrXIwqXs,This made no sense.,@SunRabbit,pt,cycling
qIXQLZh2GUM,Girl YOUR face card! ❤️❤️❤️,@deasyastarr,ro,gymnastics
qIXQLZh2GUM,it reminds me of the introduction of the ppl in the hunger games 😭🖐️,@Xx3v13xX,en,gymnastics
qIXQLZh2GUM,Men should start wearing makeup too so i dont have to stare at their weird faces,@Ssdgg8,en,gymnastics
qIXQLZh2GUM,They be spending their countries' GDPs on their glam,@marcor7044,en,gymnastics
qIXQLZh2GUM,God doesn't have favorites ml ❤ he loves all of you as much as he loves them ❤️,@FillTheCanvas,en,gymnastics
qIXQLZh2GUM,No ones talking about her face card though? She’s fine as hell,@Moof27,en,gymnastics
qIXQLZh2GUM,What’s with her neck,@elijahroberts5483,en,gymnastics
qIXQLZh2GUM,No for real🤩🤩🤩🤩🔥🔥🔥🔥🔥,@andreyamatthew2006,en,gymnastics
qIXQLZh2GUM,Simoneeeeeeeeee,@flouqiic,nl,gymnastics
qIXQLZh2GUM,"Lmao growing doing gymnastics in Norway, let’s just say all the girl acted this way😂",@Youngblood-zv2sg,en,gymnastics
r8vPDzo7s2c,Epic,@ModgePodge1111,ca,
r8vPDzo7s2c,"I love how you’re fan girling and that if I saw you I’d fan girl ! 
❤",@robinblossom5197,en,
r8vPDzo7s2c,Congratulations!🍾,@husafel,en,
r8vPDzo7s2c,WHoooo,@kateysandon,so,
r8vPDzo7s2c,Low aspirations,@ToppGunn-q5u,en,
r8vPDzo7s2c,Same satanic air as snoop! How neat! ❤,@kB5TVP,en,
r8vPDzo7s2c,You’re a legend,@karenkehoe7930,fr,
r8vPDzo7s2c,❤❤❤❤❤❤,@deileen64,unknown,
r8vPDzo7s2c,Woop,@michelemarie7777,af,
r8vPDzo7s2c,Come on Dr. G…. You are but very very far 😂😂😂,@MmRR11484,en,
yrQozmuHZpQ,Why is ballet dancing in hip hop?,@s.j6276,en,
yrQozmuHZpQ,A parody of the black man and his chicken again?,@shugocharasfan,en,
yrQozmuHZpQ,"Merci pour ces images, France TV a choisi de ne pas nous montrer ce joli moment mais il y avait tant et beau à voir 🎉",@francoisefranie9390,fr,
yrQozmuHZpQ,Where is the whole dance??,@ricardomedley3645,en,
yrQozmuHZpQ,The French have class.,@user-om7jm1zb5l,en,
yrQozmuHZpQ,Wow! This is awesome ❤❤❤,@eboneyf2118,en,
PCROUp_6yuA,C est cool je vois la video le lendemai  de la cérémonie de cloture 😭😭,@bastienemrelle1158,fr,
PCROUp_6yuA,Bonjour j je ne le savais pas bravo et merci pour nous renseigner,@jojjono9339,fr,
PCROUp_6yuA,Merci pour ces explications très claires,@martinduverger3008,fr,
PCROUp_6yuA,En gros les trisomique son 21 drole de coïncidence,@MotiveBet,fr,
PCROUp_6yuA,J'ai penser pareil 😅😂,@Freakguy17,ro,
PCROUp_6yuA,"Inadmissible --->
Jeux paralympiques Paris 2024 : Valentina Petrillo est sur le point de devenir la première athlète ouvertement transgenre à participer aux JP, après avoir été sélectionnée pour représenter l’Italie en para-athlétisme",@ffxivonline5864,fr,
PCROUp_6yuA,Et DONC ? Quel est le problème exactement ? Si elle participe c'est qu'elle a passé les test de féminité du CIO sans problème.,@orelliaorellia142,fr,
PCROUp_6yuA,Oh la la encore un commentaire random contre les trans. C'est obsessionnel,@user-cs8ps6wq8c,fr,
PCROUp_6yuA,@@user-cs8ps6wq8c je vois pas en quoi son commentaire est c’est contre les trans tu peut m’expliquer stp?,@malikml5160,fr,
PCROUp_6yuA,"Toi aussi tu mérites ta médaille mon gar 
Je suis passionné de sport, mais je ne connais vraiment rien sur tous les sports paralympiques. Merci pour toutes ces informations",@yvanngantchou8601,fr,
PCROUp_6yuA,T’es un bon toi aussi.,@chimpantho,fr,
rETIV5YQVBw,The long distance them nice inna,@teejay6631,en,
rETIV5YQVBw,"You go girl!!! ""We've never ever seen anything like that"" .",@alisterfrancis2316,en,
rETIV5YQVBw,"Faith❤she never disappoints she deserved that 3 peat
BIG up champ🎉",@Joe_me,en,
rETIV5YQVBw,She leads others follow,@rosenzioki9203,en,
rETIV5YQVBw,As a Kenyan Australian I am proud of both faith and Hull what a great run,@babayao1180,en,
rETIV5YQVBw,K🇰🇪✌️,@hassankhalif,unknown,
rETIV5YQVBw,🎉congrats faith kipyegon,@kalekyemakundi7511,en,
rETIV5YQVBw,The Goat 🐐 🇰🇪 ❤ 🏃🏾‍♀️,@NinaTikari,en,
rETIV5YQVBw,Legend ❤❤❤❤,@ahmedhussein6121,de,
rETIV5YQVBw,Her finish is absolutely brilliant,@benjaminsacs4502,en,
bBkq42pjovI,Is it a good job 👍🏿👍🏿👍🏿👍🏿👍🏿,@user-xr6ok9gc5s,hr,track and field
bBkq42pjovI,"Emanuel , Holka dobrý to si všechno sedne a bude to kràsná sestava za mě 👍",@renatalanikova7050,cs,track and field
u6Y-tsoQ5Fw,Why always china?,@benhumble3718,en,cycling
u6Y-tsoQ5Fw,♥China♥,@IgorSilva-mz1lm,sw,cycling
u6Y-tsoQ5Fw,Doping - China in front! You like hamburgers?,@paulpanther5030,en,cycling
u6Y-tsoQ5Fw,ur m0m is a 304,@bjolsen1992,lt,cycling
u6Y-tsoQ5Fw,@@bjolsen1992 Do you have speech impediments?,@paulpanther5030,en,cycling
u6Y-tsoQ5Fw,Ok Paul🤗,@Niklas_Björn,id,cycling
u6Y-tsoQ5Fw,ok karen,@tacchinoamericano4947,sv,cycling
u6Y-tsoQ5Fw,"@@Niklas_Björn So what? Do you know one chinese athlete, who isn't doped?",@paulpanther5030,en,cycling
u6Y-tsoQ5Fw,👏👏👏💯💯💯❤️❤️❤️,@VNn2023,unknown,cycling
u6Y-tsoQ5Fw,It was insane,@sanassakeita9832,en,cycling
u6Y-tsoQ5Fw,"Браво! Честити златни медали и на двамата , напълно заслужени. Стисках ви силно палци.",@michaeladimitrova,bg,cycling
u6Y-tsoQ5Fw,Bravo👏👏👏👏,@idacacchiani6766,sk,cycling
u6Y-tsoQ5Fw,Chi se ne frega!!!!!!!!!,@lorenzomoroni1958,it,cycling
u6Y-tsoQ5Fw,Hai cliccato te sul video,@Shadow313__,it,cycling
u6Y-tsoQ5Fw,Congratulations 🎊 bravo,@elisabetta4478,fr,cycling
u6Y-tsoQ5Fw,😂👏👏👏👏👏👏💕,@cristinailies9637,unknown,cycling
qUsx4DXLa-A,omg,@Saharsh96,sv,
qUsx4DXLa-A,Tokyo,@tadikondachittibabu9564,lt,
qUsx4DXLa-A,Tokyo best🔥 Paris waste😂,@I_T_A_C_H_I442,en,
qUsx4DXLa-A,"Case - Rio
Medal - Tokyo",@AryanKapoor-pj7db,es,
qUsx4DXLa-A,Rioo,@Duda12356,et,
qUsx4DXLa-A,Rio,@user-dc9pg8pk9o,pt,
qUsx4DXLa-A,Tokyo,@yankeekuldeep4968,lt,
qUsx4DXLa-A,2024 medals ❤❤❤,@fifagaming4051,ca,
qUsx4DXLa-A,Clearly Rio. Nothing beats these Olympics. Brazil above all.,@MaevysMae,en,
qUsx4DXLa-A,You said Tokyo 2021💀,@10kgamer_01,so,
HU1ia8ELKLQ,Alexis il a passe plus de temps a cote de la table que devent la table 😂😂😂,@aelysgay5158,fr,
HU1ia8ELKLQ,Magnifique...pas de mots 😊,@envie_du_moment,fr,
HU1ia8ELKLQ,Et la pingpongix sont de sorti,@marcdesantiago8826,fr,
HU1ia8ELKLQ,C’est impressionnant ❤,@philippeloiseau6426,fr,
HU1ia8ELKLQ,Bravoooo mec👍👏,@AntoinetteDeLaBourne,sk,
HU1ia8ELKLQ,Prts    c'est extra c'est extra c'est extra,@guenaellekerjean2719,ca,
HU1ia8ELKLQ,"Планомерно=целеноправильно, цуелеустремлёно взял, и своё",@Free_Stylo,ru,
HU1ia8ELKLQ,Félicitations 🎉🎉🎉🎉🎉🎉🎉,@Carvactif,fr,
HU1ia8ELKLQ,Enfin de vrais francais qui representent leur pays.,@xxsenseixx2917,fr,
HU1ia8ELKLQ,J'aurais tellement préféré que les 2 frères prennent l'or et l'argent.,@commdhab,fr,
Qh5p6CGOvBM,Imagine putting your kids through years of sports to see them finally complete in the Olympics 💜,@SunflowerMama777,en,
Qh5p6CGOvBM,WOW Mom is a Tigeress,@aldede5448,en,
Qh5p6CGOvBM,That’s the most gut wrenching experience as the parent of an athlete.,@andreanobile330,en,
Qh5p6CGOvBM,People coaching from the stands is cringe,@nobodyimportant6822,en,
Qh5p6CGOvBM,"""Stick it, stick it, Yeah!!!!"" That's what she said.",@AshwinRamdin,en,
Qh5p6CGOvBM,❤❤❤❤ to see tht,@achelog954,en,
Qh5p6CGOvBM,I can’t figure out of this is supportive or frightening hahaha,@atamoura,en,
Qh5p6CGOvBM,"when they also move their bodies every time she swings, I remember how my mother used to play super mario. 😅",@didoceana,en,
Qh5p6CGOvBM,I did something similar when I took my sister for her driving test. 😅😅,@SavagelyPeaceful,en,
Qh5p6CGOvBM,Our parents are our biggest supporters always,@shehumuktar8924,fr,
tIYBeGVr4fQ,"Favorite teacher: thank you very much for your generous teaching, you are the inspiration and sports initiation of many, with techniques, with will, with mystique, we are several groups of people who welcome your example from your videos, thank you very much, you can replicate this personally with workshops across the world? You are our Olympic queen, the best, the true champion, unique in technique, discipline and respect for your sport, the medal and the trophies, yours, are also in the people who see in you the integrity for what you do, the trophies always They are with you, they are in our hearts and those are the best, you beat them better than other competitors. You are our champion, a world champion and the world is indebted to you, so I say: Thank you. We hope to see you again in competition. When will it be? God bless you. I will repeat this message in several of your videos.",@cesarestrada2345,en,
tIYBeGVr4fQ,"Lepa,zgodna!!!❤❤❤❤",@MilanDjukic-x1u,sl,
tIYBeGVr4fQ,Earth moon,@user-cj2bt5qg6c,en,
tIYBeGVr4fQ,I love you 💕💕,@user-jd2qx5rq7b,cs,
tIYBeGVr4fQ,"Hola. Charihawkins. 
Mi Adorable ⚘ 👱‍♀️ 😘 ⚘ muñequita 
Te ves ❤ ⚘ 👱‍♀️ 😘 ⚘ ❤ preciosa 
Mis ojos ⚘ 👁 👁 ⚘ hermosos 
Eres muy linda ⚘ 😘 simpática ❤
Me parece excelente 🌹 👌 
Eres una gran ❤🏃‍♀️👏🌹atleta 
Eres un ❤ amor ♥ hermoso 
Felicidades para ❤ 🌹 👏 ti",@juanmariohinojosa9213,es,
tIYBeGVr4fQ,Awesome! Congratulations 🎉,@chuymedina7095,en,
tIYBeGVr4fQ,u r biutiful❤,@azar_onagh,ro,
tIYBeGVr4fQ,Never made the high jump tho ..,@andyzx9682,en,
tIYBeGVr4fQ,❤😘,@krishradio1,unknown,
tIYBeGVr4fQ,😊😊😊😊😊,@LernikMakaryan,unknown,
KVtAdzjMGX8,💪💪,@heathenarmyfitness9698,unknown,
KVtAdzjMGX8,허리 안아프나,@user-ew4ve9jq7o,ko,
KVtAdzjMGX8,bro his form is bad,@Slothz_VFX,en,
KVtAdzjMGX8,"bro, it nearly landed on your left leg, but it merely missed😭",@v1_Slime,en,
KVtAdzjMGX8,😳,@user-kq4ge6ki5b,unknown,
KVtAdzjMGX8,"Well that’s sad to see…





Now go fuck yourself",@n-zb3hs,en,
KVtAdzjMGX8,It was impressive then it wasted 😂,@IceCreamCone-s8h,en,
KVtAdzjMGX8,His KNEESSSS😭✋,@Kei-k7c,nl,
KVtAdzjMGX8,"hi sch stuff,, nice try dough, lol",@11fasteddie,en,
KVtAdzjMGX8,Fortunately god saved you from going paris hospital 😂😂😂,@rdrgamerz9749,en,
nUC2UBLXgGA,Jackson Anthony Hall Elizabeth Rodriguez Donald,@samuelmarveelouz,en,volleyball
nUC2UBLXgGA,"Thompson did great job very impressed,❤❤❤❤❤🌹🌹🌹🌹👏👏👏👏 fr OH USA",@tpdang1548,en,volleyball
nUC2UBLXgGA,"Корея  слишком много ошибок, даже в подачах 😢",@user-ct2qz7kz9o,ru,volleyball
nUC2UBLXgGA,Jones Larry Davis Donna Martin Christopher,@RoyanaHaque,en,volleyball
nUC2UBLXgGA,"Everybody, Leo, To The Rescue",@AdriennevsUncleJamesWashington,en,volleyball
nUC2UBLXgGA,Always team korea,@Hoshiboo-k6s,en,volleyball
nUC2UBLXgGA,Korea,@BhomlaBhomlu,sq,volleyball
nUC2UBLXgGA,"Đội tuyển Mỹ tuyệt vời lắm, các Bạn có sức mạnh, sự khôn ngoan, tự tin trong tấn công cũng như bám chắn, Chúc các đội tuyển nhà luôn thành công và thi đấu tốt 😅",@phuonghoang9858,vi,volleyball
nUC2UBLXgGA,Semenjak ga ada Lee twins Korea ga pernah Menang 😂😂,@owile9458,id,volleyball
nUC2UBLXgGA,"🎩
😁
👕👍Great!
👖
👍✨✨✨
🎉😊👏😁👏😃🎉
Congratulations!",@romeoillescas4489,en,volleyball
5o4S_YxeXrM,Super india,@KowsalyaKrishnamoorthy-b4v,id,
5o4S_YxeXrM,"What if Lu identifies himself as woman , his first snatch would be 217kg",@gosh1495,en,
5o4S_YxeXrM,Awesome !!,@JimStaggers,af,
5o4S_YxeXrM,"Omg theyre so tiny but so strong, I love them 💗",@mistressofstones,en,
5o4S_YxeXrM,Did usa even medal,@deathblade909,sv,
5o4S_YxeXrM,"Hebat sekali ya, wanita di kelas ini, berat 50 kg ,bisa angkat sampai 200 kg,yg lalu saya lihat kelas 89 kg bisa angkat sekitar 190 kg , apa nggak salah lihat saya???",@cowoganteng3776,id,
5o4S_YxeXrM,Mirabai chanu 💪🏽💪🏽💪🏽💪🏽💪🏽,@user-um1cm1fh2h,sw,
5o4S_YxeXrM,Made in china❤,@alexa-ki8lq,en,
5o4S_YxeXrM,So beutiful and power🎉,@Ronalduha,en,
5o4S_YxeXrM,"Itu keseluruhan ya adik2 bukan beban nya,",@Lindamarlina116,id,
h894pYOU7mw,"If you enjoy the content and want to support my channel, please consider making a donation!
https://paypal.me/hugovermello",@HugoVermello,en,
h894pYOU7mw,BRAVO BRAVO BRAVO❤,@benjaminroy6045,pt,
h894pYOU7mw,Davis Maria Gonzalez Joseph Garcia Maria,@WilhelminaRoberta-t4n,es,
h894pYOU7mw,White Donald Moore Maria Johnson Anthony,@SenehaKhatun-r2q,en,
h894pYOU7mw,Best music act ever in the olympics. Não canso de ouvir.,@edvaldob,en,
h894pYOU7mw,Lewis Patricia Davis Donna White John,@RichardGates-w1r,en,
h894pYOU7mw,Martin Matthew White Elizabeth Lopez Larry,@DhdSuch-b5l,en,
h894pYOU7mw,Brown Shirley Johnson Ronald Martinez Richard,@monicawalkman8563,en,
h894pYOU7mw,506 Oda Fort,@ThomasPerez-g2d,pt,
h894pYOU7mw,Lewis Eric Davis Christopher Gonzalez Sharon,@roydonesdavidson836,en,
h894pYOU7mw,Robinson Ronald Jackson George Davis Barbara,@rileycacabacker8097,en,
DxuLI8tgMwI,Dopata peggio di un cavallo,@fabiodellagosto1621,it,cycling
DxuLI8tgMwI,Ruined by awful music,@guff9567,en,cycling
DxuLI8tgMwI,So good 😊😮❤😅,@Emily.rose124,so,cycling
DxuLI8tgMwI,Sa koje si planete devojko.Srecna bila ceo život.,@zoricamilutinovic5864,hr,cycling
DxuLI8tgMwI,😍😍😍 che spettacolo è unica ❤❤❤,@lorenabussei4787,it,cycling
DxuLI8tgMwI,😮😮😮,@SophiaCarminaVitova-vm9yy,unknown,cycling
DxuLI8tgMwI,Wowww,@SophiaCarminaVitova-vm9yy,pl,cycling
DxuLI8tgMwI,Check her for dopping,@user-du9kb7rx5i,en,cycling
DxuLI8tgMwI,🙌🙌🙌🙌🙌🙌🙏🙏🙏🙏,@user-gj2yr6xw8f,unknown,cycling
f7fZxZFYjOs,so cool,@Elliasp-xx7mb,it,
f7fZxZFYjOs,Ukrainian avocado man 🔥,@omershalmon9218,id,
f7fZxZFYjOs,Its my birthday😊,@FG-edits,en,
f7fZxZFYjOs,U ass play that bro,@MordeKai_15,en,
f7fZxZFYjOs,I mean i am boycotting,@rrgo8866,sv,
f7fZxZFYjOs,So you are telling me that some random sand volleyball player can jump more than Michael Jordan and that everyone of them can dunk from free throw line,@lazarbursac3224,en,
f7fZxZFYjOs,Was that Max klymenko,@SamMuzzatti-su2py,en,
f7fZxZFYjOs,Paris isn’t all that great though. It’s usually really dirty snd there’s a lot of pick-pocketters.,@nataliaNOTnatalie,en,
f7fZxZFYjOs,I mean this kind of thing is everywhere nothing special,@Youbii,en,
f7fZxZFYjOs,That woman is a legend !,@auto_math,en,
f7fZxZFYjOs,MAX KLEMENKO 🔥🔥🔥,@hdrblx,sw,
f7fZxZFYjOs,Thats what im sayin,@Kamil13445,en,
z9OSMIIcKaU,"AHH feminists , while china and Russia strengthen their influence , we fight over the proportion of men and women at the Olympics .",@Goumzy,en,
z9OSMIIcKaU,"It took some time, but finally women reached men",@BalkanBallMapping69,en,
z9OSMIIcKaU,Did you count the XY born males competing as female during last Olympics? Sorry but who's is pathethic..,@teolita,en,
z9OSMIIcKaU,Damn,@aisha-b2n,sv,
z9OSMIIcKaU,Yay equality!!❤,@_Romenoodles,en,
z9OSMIIcKaU,Way to go wasting your best fertile years competing. Just natural selection i suppose,@malcolmmacnab698,en,
z9OSMIIcKaU,Just why?,@_Romenoodles,en,
z9OSMIIcKaU,@@prueXo far more than you,@malcolmmacnab698,en,
z9OSMIIcKaU,​@@malcolmmacnab698definitely not,@sandranair6765,it,
z9OSMIIcKaU,Not malcolm being bitter that he will never ever get laid,@sandranair6765,en,
z9OSMIIcKaU,Thanks to men 😊,@lionnelskywalker,en,
z9OSMIIcKaU,The reason it's 50/50 is because of all the easy sport they are bringing in now,@CarterBurns-dw9wg,en,
z9OSMIIcKaU,There is no easy Olympic sport,@kennedymarie7256,en,
z9OSMIIcKaU,Or mabye because there is such a thing as women’s sports,@_Romenoodles,en,
z9OSMIIcKaU,When will OnlyFans representation be 50/50? 😂😂😂,@bluebottlecoffeeaddict6529,en,
z9OSMIIcKaU,Incel spotted 🫵,@dabiundkellyfangirl3039,it,
z9OSMIIcKaU,Who's stopping y'all? 🤔 Nobody.,@luigigotbigtiddies9869,en,
z9OSMIIcKaU,"never because women aren’t stupid enough to literally PAY, spend REAL ACTUAL money for porn. how stupid are men?",@zebra-kt2gq,en,
z9OSMIIcKaU,When woman becomes as horny as man 😂,@hritikraghuwanshi2049,en,
z9OSMIIcKaU,"Considering more men watch the Olympics and play sport, did it ever NEED to be 50/50?",@joelk3187,en,
z9OSMIIcKaU,"Don't bother with logic, it's been said 1000x before and yet all they care about is seeing women on the TV regardless of if the viewership is laughable",@gregorydoucet6657,en,
z9OSMIIcKaU,"What gender watches the Olympics doesn’t matter, and while it might be that more men play sports, the Olympics is about the best of the best and in my opinion that’s not influenced by how many others of what gender play that sport.",@Amy_Foster,en,
z9OSMIIcKaU,"@@Amy_Foster What gender watches DOES matter. The more men who watch and play, the higher quality the sport is going to be because there is more competition. Male footballers make a lot more than female footballers for a valid reason. If more men are investing their time in watching the olympics and playing those sports, the men participating in those Olympics are going to have a harder time qualifying, meaning the quality will be better. Men’s sport is not just higher quality because men are naturally better, but because there is more competition, and so there are higher stakes and therefore more skill is required. When you become the best Olympian as a woman, you are the best woman. When you become the best Olympian as a man, you are the best human. Men invest their time and money in the Olympics and sport in general a lot more than women do, so yes what gender is watching IS important. We do not need 50% of athletes being women if it takes away from the quality of their performance. If women were more interested in sport I would be all for it, but it shouldn’t be pushed for the sake of just doing it.",@joelk3187,en,
z9OSMIIcKaU,"@@joelk3187 I think you have a really distorted view of what the Olympics is about. The Olympics is about sportsmanship and achievements and not viewership. Those athletes are not competing to “put up a good show”, but to prove their worth. They are not their to entertain you.

Also, it’s your opinion that men’s sports are more entertaining to watch, but I personally find it way more fun to watch women (as a female athlete myself).",@Amy_Foster,en,
z9OSMIIcKaU,Probably not and I don’t really care. I totally forgot about the Olympics even existed to be honest. I’d rather watch a rom com,@lizmcclin7800,en,
Y17cn4B7QgQ,"That wasn't boxing, that was a brawl. Horrible match.",@diggernick8628,en,cycling
Y17cn4B7QgQ,"А де той бразилець, який тупо на халіка виграв, коли Хижняк просто натупив?",@user-mg4eg6gc8r,uk,cycling
Y17cn4B7QgQ,Казаху респект..,@user-qo6my1sn2c,ru,cycling
Y17cn4B7QgQ,Ну ..так поржать!!!,@user-qo6my1sn2c,uk,cycling
Y17cn4B7QgQ,Please don’t take boxing out of the Olympics 🙏,@pietromanusardi6384,en,cycling
Y17cn4B7QgQ,Казаз хорошо показал как нужно боксировать против хижняка..Немного не хватило его на третий раунд,@azazell061,ru,cycling
Y17cn4B7QgQ,Cracking final,@eliteboxfitness,en,cycling
Y17cn4B7QgQ,Who is the female Pundit?,@nolan1432,en,cycling
Y17cn4B7QgQ,"Delighted for Khyzhniak - he deserves it.
He should have been allowed to continue in the last Olympics.",@setmindinmotion7728,en,cycling
Y17cn4B7QgQ,Counter punchers dream this Ukrainian. Easy to say that from the outside though,@isao2952,en,cycling
HqdtAGX1E2k,"Girlie complaints of hitting the camera several times at the bottom of a 7ft deep pool. Is she 7ft 1"" tall? 😂😂 Also, your jump start is to go as far as you can(within the rules) cos it's a DISTANCE race. If you gonna jump as DEEP as you can instead of as FAR as you can then maybe you need to reevaluate your strategy and IQ🤦🏻‍♀️😅",@viviennelee9270,en,
HqdtAGX1E2k,Stupid failure you say depth I say supersuits that are now banned,@eggutilityeggutililty6600,en,
HqdtAGX1E2k,"I don't follow swimming and olympics, but even I know 2008 record breaking was thanks to the swimsuit",@pasztorferenc6741,en,
HqdtAGX1E2k,"What a lot of excuses.  Whatever the depth, all the swimmers are swimming in the same pool - that's a level playing field.  

The records broken in the 2008 Beijing Olympic had nothing to do with 10 feet deep pool; that was due to the special (sharkskin) suits that only the rich countries could afford.  The special suit is banned from competitions since then.",@csking6377,en,
HqdtAGX1E2k,"Swimmers won’t notice the difference but the clock does. The talent pool this cycle just was not the same in years past. Face it. Dressel has peaked as of 2 years ago. Same with Ledecky. The rest of Team USA is very young. Because of wars next to no Russians or Belarussians even competing under NPA. Sorry not sorry, the Chinese did capture a few ridiculous times but so much so we shouldn’t be surprised if they popped for doping. Lowering a men’s time by 1 full second in any 100m swimming discipline is highly suspect.",@davidhooper259,en,
HqdtAGX1E2k,I don’t understand why it just isn’t the same every year 😭 they should have a standard depth,@seungberry1439,en,
HqdtAGX1E2k,It s not just the pool. It s the strong anti doping agence. ADA in France DOES NOT PLAY.,@Darklightflash-z8j,en,
HqdtAGX1E2k,"Man. The French really effed up this Olympic, huh. I dont remember this much controversies in London.",@rainyfriday6175,en,
HqdtAGX1E2k,Americans can reallt justify their failure with anything. WRs were broken.,@raulramirezcosiovillegas1240,en,
HqdtAGX1E2k,Wasn't the Beijing Olympics when they used those Nada swim suits that are now banned?  Isnt that why so many records were broken?,@marzero116,en,
tvuCsOTQUeE,Thompson Kimberly Miller Laura Lewis Shirley,@JisanKhan-m2i,en,
tvuCsOTQUeE,GUYS JUST LET ME ENJOY THE SONG I CANT HANDLE SEEING THE HATW COMMENTS🗿🗿🗿,@anthonyjr.mulitalo3530,en,
tvuCsOTQUeE,White Thomas White Margaret Lewis Charles,@JamesaGray-b1l,en,
tvuCsOTQUeE,Johnson Laura Hernandez Matthew Anderson Gary,@WilliamKing-d2s,de,
tvuCsOTQUeE,Nice song inspiring,@ChittagongFishCenter,en,
tvuCsOTQUeE,shame on coca cola,@kzuc_,en,
tvuCsOTQUeE,Clark Christopher Allen Amy Harris Paul,@avalisebosworth5808,en,
tvuCsOTQUeE,"I wish someone help Palestine people... 
no one care about that crying kids... HELP PALESTINE",@annumkhan716,en,
tvuCsOTQUeE,Moore Eric Garcia Matthew Brown Jeffrey,@BettyMartin-m5f,en,
5kwuxJ6MVgg,"It is not over,until it is over.",@colinmccarthy7921,en,cycling
5kwuxJ6MVgg,❤❤,@diaamuharam6602,unknown,cycling
5kwuxJ6MVgg,Uta Abe!,@foxmulder4430,id,cycling
5kwuxJ6MVgg,"O Brasil com o impate na mão, poderia joga com a goleira.",@user-xm5wf7sp8l,pt,cycling
5kwuxJ6MVgg,"??...non l'ho capito mica questo video, credevo fossero gli highlights, invece solo 3 minuti di esultanza",@ROMAfemina,it,cycling
5kwuxJ6MVgg,Blue Lock worked,@Justeego,en,cycling
5kwuxJ6MVgg,Hope now no one in the world will underestimate asian football anymore,@CyberEntity,en,cycling
5kwuxJ6MVgg,The Terminatrix did it again.,@thelastdefenderofcamelot5623,en,cycling
5kwuxJ6MVgg,Female highlights = 1 shot😂,@KevinP.-dz6wj,en,cycling
5kwuxJ6MVgg,Brazil’s women’s team have not achieved much in a long time. This result is not a surprise.,@nccamsc,en,cycling
cPJkGd-VP-4,Damnnn he's boringg,@vanillablue7930,sv,basketball
cPJkGd-VP-4,At our highschool only Basketball players were allowed to play on the Volly Ball team.. To bad they weren't smart enough to have the basketball players at the ends of lines in football as wide receivers tight ends- defensive ends and cornerbacks.. Maybe we could really compete,@Jeanuwine,en,basketball
cPJkGd-VP-4,Wow now that’s a good skill athlete.,@1wingedangel597,en,basketball
cPJkGd-VP-4,Watch him play right now.,@J.P.Brightly,en,basketball
cPJkGd-VP-4,Guys like chase are true athletes. Dude plays multiple sports. Now that’s something I can respect.,@simplysimple7628,en,basketball
cPJkGd-VP-4,"Happens in Esports all the time, ie Overwatch to valorant",@zhongtiger6575,en,basketball
cPJkGd-VP-4,Bro really doing sports side quest,@exit9957,en,basketball
cPJkGd-VP-4,Dude is so skilled,@JushSam,af,basketball
cPJkGd-VP-4,volleyball is the worst sport to exist,@Aiden-xf9pi,en,basketball
cPJkGd-VP-4,Thats impressive,@jl4646,en,basketball
cPJkGd-VP-4,So cool 🎉,@brianp4017,so,basketball
eHZHNfiyXlA,Please give me Instagram account the first girl 🙏,@SADYKOV.555,en,
eHZHNfiyXlA,"The song 
is "" Mortals"" Warriyo",@di_naydenova,en,
eHZHNfiyXlA,Over acting,@temtamuk2760,en,
eHZHNfiyXlA,Song ?,@muhammadilhamnurhidayat3998,tl,
eHZHNfiyXlA,Yusuf el 🌎 te reconoce y 👏👏👏🫡,@10_miclasespanol,es,
eHZHNfiyXlA,Sejak saat itu aku penggemarmu,@barbarin8841,id,
eHZHNfiyXlA,Every Turkish person should be proud,@schmockohnemail117,en,
eHZHNfiyXlA,Turk halkı olarak onunla gurur duyuyoruz,@mhrsdrms5577,tr,
eHZHNfiyXlA,Korea is so corny,@MarkyAdrian1295,en,
eHZHNfiyXlA,The Turkey Aimbot,@tuanvu8748,en,
eHZHNfiyXlA,Legend Shooter🔥,@fillandrelaurentmissa6257,nl,
tC1IPizN-NY,quel abrutis,@franck2238,ca,
tC1IPizN-NY,"Ok Flipper,!",@u.tassinari2916,no,
tC1IPizN-NY,On comprend mieux son nom d’artiste quand on le voit nager.,@mathieuidir2886,fr,
tC1IPizN-NY,😂😂😂😂,@sy4794,unknown,
tC1IPizN-NY,C'est pas pour nous,@DaveSainte-Rose,fr,
tC1IPizN-NY,Snoop il découvre le sport 😅😅😅,@user-zy2hf4ge9c,fr,
tC1IPizN-NY,J'ai trop rire à son départ hésitant mdr on aurait dit un dauphin timide 😂,@hainautm1799,fr,
tC1IPizN-NY,Frérot retourne bedave 😂😂,@joao-carlosnogueiraalves6520,fr,
tC1IPizN-NY,comment t es un galerien a la nage MDR Lol je te kiffe pour tout le reste😂,@MdrVeritas1234,fr,
tC1IPizN-NY,le type il est riche a milliard il nage comme un canard coincer de la fente au lieu d'apprendre sa enfant va cacare,@thierrybenedetto2252,fr,
BPN5a0ZlE2U,"Goodbye usa,I'm moving to Hong Kong 😂",@IlikeBoobies68,tl,
BPN5a0ZlE2U,You people saying one mil for gold are crazy oml,@iris63,en,
BPN5a0ZlE2U,Nothing they get free room and board meals transportation and a gold silver or bronze medal,@toddmurphy3353,en,
BPN5a0ZlE2U,Nothing!,@RobertSmith-gz9bl,en,
BPN5a0ZlE2U,Good citizens they don’t have to be paid for anything I think they pay them wages like every month,@egghead3578,en,
BPN5a0ZlE2U,"Wow the USA is really cheap.
Do better USA. Those contestants work a lifetime for Pennie’s?",@illbearound7638,en,
BPN5a0ZlE2U,"In my opinion, I would say, the fair amount is $3 million dollars per one gold medal, $2  million dollars per silver medal and $1 million dollars per bronze medal. ❤",@MiloMil-fe1fi,en,
BPN5a0ZlE2U,What a shame!!!!!!!!!!!!!,@henrybaxter1158,en,
BPN5a0ZlE2U,Nothing,@mikel8798,en,
BPN5a0ZlE2U,"£100.000 Gold, £50.000 Silver and £25.000 Bronz",@maalik2002,en,
xZvMa51axw8,Certains se touche le derrière 😂😂😂,@Marseille13016,fr,
xZvMa51axw8,"Faut devenir Épongiste, comme ça le problème est réglé.",@alxthiry,fr,
xZvMa51axw8,"""oh pinaise j'ai perdu le point parce que j'ai pas touché la table j'étais pas la...""",@py_xel,fr,
xZvMa51axw8,C'est vrai qu'ils peuvent pas essayer leur main sur leur vêtements... 🫠,@majnoun776,fr,
xZvMa51axw8,C'est on peut utiliser sa serviette tout les 4pts je crois sinon ta beaucoup faut il touche la table oui parce leur main sur mai aussi pour avoir un temps pour réfléchir a se qu'il va faire,@josianebarague8312,fr,
xZvMa51axw8,Une autre histoire a inventer peut être ?,@trainhs5200,fr,
xZvMa51axw8,"D'après une légende chinoise, caresser régulièrement la table permettrait à la table de se lier d'amitié avec vous ;)",@c.portefin7561,fr,
xZvMa51axw8,JO : 20 MILLIARDS d'euros. !,@pierrechristine2683,fr,
xZvMa51axw8,Pov y en a un qui a envie de chiez,@Zapan58,es,
xZvMa51axw8,Et pourquoi aps s’essuyer la main sur le t shirt ?,@Ray-xr8kr,fr,
xZvMa51axw8,"Tu transpires aussi du corps, le maillot est mouillé",@trainhs5200,fr,
xZvMa51axw8,"Oui c'est aussi un toc, hein.",@mariepascale6921,fr,
k4OhE_vZGl4,"On dirait sur fifa il a Cruyff, R9 , Eusebio mais lui il veut avoir mbappe c la seule carte qu’il lui manque 😂😂😂 il me fait rire mais il est tellement fort ce gars",@romualdrousseau3395,fr,
k4OhE_vZGl4,"Tu ressembles à un gamin Teddy quand tu dis ""ça me tient à cœur je ne l'ai pas"", un gamin super doué, volontaire, courageux, bref, on vous soutiendra 😄",@celinelaunay3347,fr,
k4OhE_vZGl4,Le même qui critiquer le comité olympique,@indilove28,fr,
k4OhE_vZGl4,Le mec est tellement chaud qu'il se lance dans les quêtes secondaires après avoir terminé le jeu,@luniversofficiel9674,fr,
k4OhE_vZGl4,Peut être pas si secondaires pour ses coéquipiers et un titre c'est un titre.,@rccr2168,fr,
k4OhE_vZGl4,@@rccr2168 c'était de l'humour chef...,@luniversofficiel9674,fr,
k4OhE_vZGl4,Elle est belle celle la❤,@user-dp2yu4ez7b,fr,
k4OhE_vZGl4,Un vrai compétiteur,@Magistyk347,fr,
k4OhE_vZGl4,Le prochain challenge pour Terry Riner c'est de rencontrer le champion du monde russe dans un contrat sans tricherie car la dernière fois qu'ils se sont rencontrés le russe a été reconnu champion du monde 3 jours après pour une faute que Teddy Riner a provoqué mais qu'il n'a pas été reconnu sur le fait Mais bon au championnat d'Europe les Russes ne seront toujours pas invités Donc avec un peu de tricherie comme d'habitude il aura le titre de champion d'Europe par équipe😂😂😂,@thierrytremureau6335,fr,
k4OhE_vZGl4,"Il n'est jamais utile de se venger de la méchanceté de quelqu'un; sa méchanceté et sa bêtise sont déjà sa punition et il finira bien par en souffrir.
Il ne vous reste qu'à monter sur un tatami revêtu d'un kimono.",@quetymercul7086,fr,
k4OhE_vZGl4,C'est bien d'avoir des projets.,@philippebelouin3307,fr,
k4OhE_vZGl4,Imaginez qu'apres il se donne comme defi de gagner les medailles d'argent et de bronze de toutes les compétitions 😅,@TheultimateLuclight,fr,
k4OhE_vZGl4,Combien de milliers euros ils a gagné ?,@marie-christinechristien7047,fr,
jjt-c282q3A,"Does anybody here remember seeing Roman or Greek figures during opening ceremonies? All I remember is that the ppl on the field did poses behind sheets, the lights were turned off, and the only lights then seen were lights that illuminated the Roman or Greek figures behind the sheets. It was so amazing, but I can’t remember which year this happened. Help! 😭",@TeeDee215,en,
jjt-c282q3A,This is so beautiful.,@riot6721,en,
jjt-c282q3A,"Hopefully, we will never see the paris one featured in a future celebration of the olympics",@riot6721,en,
jjt-c282q3A,The Olympic goal is to be united a peaceful world.,@nasa168168,en,
jjt-c282q3A,"Can't wait for Moon 2042, Mars 2082, Saturn 3022, Jupiter 3062, Alpha Centauri 4002, Andromeda 9002.",@dinglemccringleberry9019,en,
jjt-c282q3A,And then there's paris..,@hafizzikri8420,en,
jjt-c282q3A,"100 years later, what a shame",@Yusuf.819,en,
jjt-c282q3A,It’s no longer the Olympics. It’s a farce.  A gender  devaluing mocking of humans,@MsSweetswing,en,
jjt-c282q3A,I comment rarely. I am a 1979 born GenX. I have seen every olympic opening ceremony since 1984 (I am a Cancerian so yes even my remotest memory is vivid). After seeing the worst opening ceremony at Paris in 2024 I can quite safely say that THE BEST OPENING CEREMONY WAS HELD IN 1988 AT THE SEOUL OLYMPIC GAMES. By the way I am not a Korean. Love from India.,@SaurabhSaxenaGhaziabad,en,
jjt-c282q3A,"1:27 Wooow this is so cool, and it was in 1964, I mean, with today's technology you could do something cooler i guess.",@rod980,en,
XOuopotHx7Y,Yusuf dikeç 🇹🇷🇹🇷🇹🇷🇹🇷🇹🇷🇹🇷🇹🇷🇹🇷🇹🇷🇹🇷🇹🇷🇹🇷🇹🇷🇹🇷🇹🇷🇹🇷🇹🇷🇹🇷🇹🇷🇹🇷🇹🇷🇹🇷🇹🇷🤘🤘🤘🤘🤘🤘🤘🤘🐺🤘🤘🤘🤘🤘🤘🤘🐺🐺🐺🐺🐺🐺🐺🐺🐺🐺🐺🐺🐺🐺🐺🐺🐺🐺🇹🇷🇹🇷🇹🇷🇹🇷🇹🇷🇹🇷🇹🇷🇹🇷🇹🇷🇹🇷🇹🇷🇹🇷🇹🇷🇹🇷🇹🇷🇹🇷🇹🇷🇹🇷🇹🇷🇹🇷🇹🇷🇹🇷🇹🇷🇹🇷🇹🇷🇹🇷🇹🇷🇹🇷🇹🇷🇹🇷🇹🇷🇹🇷🇹🇷🇹🇷🐺🐺🐺🐺🐺🐺🐺🐺🐺🐺,@KuzeyÖzsahin,tr,
XOuopotHx7Y,athletes need rest before game wtf,@veryinfamouse9380,en,
XOuopotHx7Y,Yusuf Dikeç🗿🇹🇷👌,@BilgisayarAdam81818,tr,
XOuopotHx7Y,I am breathing I AM ALPHA SUPER,@w7nnər,en,
XOuopotHx7Y,Cry bro sleeping isnt anormal bro,@w7nnər,en,
XOuopotHx7Y,Ham neet aspirants agr exam se pehle so gae to dar lgta h jo pada h vahi na bhul jae😢😂😂,@sadiyasaifi_01,pt,
XOuopotHx7Y,слово Россия🇷🇺🇷🇺🇷🇺🇷🇺🇷🇺,@zCCCPz,ru,
XOuopotHx7Y,Song name ?,@bhartikadam6488,tl,
XOuopotHx7Y,He could win gold medal but gold is haram,@ProIdreeditz,en,
Lr136ICF118,"WoW! Aucun doute, mieux vaut être athlète que politicien !!",@DeLuxe352,fr,
Lr136ICF118,😮😮😮😮😮😮😮😮😮😮😮😮😮😮😮,@user-vr1xv9tr5i,unknown,
Lr136ICF118,S'il pouvait en faire autant pour notre chef d'état😂😂😂😂,@cedricatacama8568,fr,
Lr136ICF118,Respectez les autre participants...,@Eroll-dw8ex,fr,
Lr136ICF118,"Oui, 🇨🇵🇨🇵🇨🇵🇨🇵  !!! fier. 🙏👍👏👏👏",@Natachamebarki,ro,
Lr136ICF118,Le public est incorrect de perturber les athlètes autres que nageur. Si les français voulaient saluer le nageur ils auraient dû aller à la piscine ou attendre la fin de la prestation des athlètes de cette salle.,@mariejosephethorin4288,fr,
Lr136ICF118,"Voilà à quoi on reconnait un pays indiscipliné où on croit pouvoir tout se permettre au nom du sacro saint patriotisme quand ça arrange; je pense que les deux mecs en piste n’ont pas besoin de çà pendant leur duel, et, c’est vraiment se foutre de leur gueule, pour les faire sortir de la partie c’est vraiment impeccable! La tête d’un d’entre eux vaut tous les discours du monde…
La liesse spontanée, voilà le belle trouvaille, allez le dire aux deux sportifs bande de nazés! Aucune considération pendant la rencontre qui se déroule pourtant sous leurs propres yeux!",@farchmarch7043,fr,
Lr136ICF118,Wsh les coréens ils savent même pas pourquoi il félicite,@Mayeurlll,fr,
Lr136ICF118,"Je suis français je supporte Leon il est fort 💪🏻 
Mais avec le recul c’est du manque de respect envers les autres candidats 🤷🏻‍♂️

Mais vive Leon 🎉
Vive la France 🇫🇷",@ZamaSu_CH,fr,
Lr136ICF118,"Je suis d'accord avec vous , j'ai adoré les prestations de Marchand,mais là en l'occurrence il y a un manque de respect total pour les épéistes... ça ne m'étonne plus lex Français sont devenus irrespectueux et fous....je suis à l'étranger et je suis abasourdi de la France d'aujourd'hui.",@RobertLopez-bm1vy,fr,
Lr136ICF118,"@@RobertLopez-bm1vy pareillement, ça va devenir le pays clown de la planète et va devenir un pays du tier monde si ça continue",@ZamaSu_CH,fr,
Lr136ICF118,"Les gens qui dise que c'est honteux ou irrespectueux je vais vous rappeler qu'on est dans un pay libre ,soyons fier de notre pays et profitons de cette joie .😂😂❤❤❤🇫🇷 🇫🇷",@KeldyEl-hadji,fr,
Lr136ICF118,"Pays libre? T as craqué ou quoi, attend ils vont t confiné aha😂",@GilbertSiegel,fr,
Lr136ICF118,"@@GilbertSiegel sorry mec mais c'est toi qui a craqué, pauvre ami je ne sais pas quel crime tu as commis pour que on te tient en laisse .Dans tout les cas je suis libre et toi tu peut rien faire .",@KeldyEl-hadji,fr,
Trd8r79MAU0,a very good place to work,@germanmiguelescobar3025,en,
Trd8r79MAU0,We really should stop using fiber glass. It’s the modern day asbestos,@ceezb5629,en,
Trd8r79MAU0,And that's how you create a plumbob 😂😂,@victorrebello3463,en,
Trd8r79MAU0,"used to work with fiberglass, seeing it still makes me itchy",@kindbud,en,
Trd8r79MAU0,"That factory is probably very uncomfortable, the horror of someone running the ""chopper"" without resin now lives in my mind",@nssmith2000,en,
Trd8r79MAU0,Yuck I had a job in a fiberglass shop for a while and I worked with another guy on the chop gun. Worst job ever,@IMKINDOFABIGDEAL13,en,
Trd8r79MAU0,Just looking at it makes me itchy 😂,@tripster3550,en,
Trd8r79MAU0,"Ah yes fiberglass, the new asbestos",@Ulfhednar-o9t,en,
Trd8r79MAU0,Anyone else waiting for the plumbus?,@pizzadude6615,en,
Trd8r79MAU0,How it's made was the perfect TV show,@terryeaster1,en,
avWwpANnSnk,Dushyant Chautala jindabad 🔰🔑,@abhishekmalik6525,id,
avWwpANnSnk,🔰🔰🔰🔑🔑🔑🔑,@abhishekmalik6525,unknown,
avWwpANnSnk,JJP jindabad 🔰🔑🔰,@abhishekmalik6525,so,
avWwpANnSnk,3 olympic same result...what a consistency..sherni...we are proud of you...great political future in front,@NostalgicVEVO,en,
avWwpANnSnk,You are my inspiration,@RahasyonKePaar89038,en,
avWwpANnSnk,"Ek samay tha police inko har samay arrest karna chah rahi thi lekin aaj police inko protect kar rahi hai 
It is hard work to come this position.
Har ek beti ki suraksha sunischit ho 
Jai hind",@asheeshkumar5302,en,
avWwpANnSnk,Dangal 2,@ak-ly1xh,tl,
avWwpANnSnk,❤❤❤❤,@user-qv8vo9nx1q,unknown,
avWwpANnSnk,अब 4 करोड़ मत लेना 😂😂😂,@krusi5660,hi,
avWwpANnSnk,Kya kar rhe ho yar santi se bhi to interview le skte n,@Bittu999.,af,
Hx5Vye6QZRA,🎉,@HippolyteFortinBarriere-dy7yt,unknown,
Hx5Vye6QZRA,"Les jeux et l'exposition de 1904 étaient à Saint-Louis, Missouri et non en Louisiane.",@Québec1608,fr,
Hx5Vye6QZRA,Merci j’allais écrire le même commentaire 🙂,@flobert2657,fr,
Hx5Vye6QZRA,"Ah tu as raison ! Je me suis trompé avec l'affiche de l'exposition universelle où c'est marqué ""Louisiana Purchase Exposition"" ... juste au-dessus de ""St Louis USA"" 😫",@DropofCuriosity,fr,
Hx5Vye6QZRA,"​@@DropofCuriosityLa ""Louisiane"" dont ils célébraient l'achat était un vaste territoire, qui comprenait la Louisiane (l'État) mais aussi le Missouri.",,fr,
Hx5Vye6QZRA,"Prouver que l’homme blanc a des capacité athlétique supérieure, 100 ans après les blancs se font éclater leurs grand mères sur absolument chaque épreuve de course et de saut",@evox6878,fr,
Hx5Vye6QZRA,"Entre ça et l'édition d'avant, c'était quelque chose les JO à l'époque 😂",@zegtounemrackd,fr,
Hx5Vye6QZRA,"Merci pour ta participation au concours ! Pour être tiré au sort, commente les 18 vidéos avant le 13 août minuit. Ton score sur bit.ly/concoursJO.",@DropofCuriosity,fr,
Hx5Vye6QZRA,"Wow, je savais pas que même les JO ont une histoire obscure.",@teoart2003,fr,
Hx5Vye6QZRA,"Merci pour ta participation au concours ! Pour être tiré au sort, commente les 18 vidéos avant le 13 août minuit. Ton score sur bit.ly/concoursJO.",@DropofCuriosity,fr,
Hx5Vye6QZRA,La 3ème Reitch était plus humaniste que les Rotchildes.,@Roiheros7314,fr,
Hx5Vye6QZRA,Alaide,@marmai52,et,
Hx5Vye6QZRA,"Merci pour ta participation au concours ! Pour être tiré au sort, commente les 18 vidéos avant le 13 août minuit. Ton score sur bit.ly/concoursJO.",@DropofCuriosity,fr,
Hx5Vye6QZRA,💔,@lnaa.27_,unknown,
Hx5Vye6QZRA,"Merci pour ta participation au concours ! Pour être tiré au sort, commente les 18 vidéos avant le 13 août minuit. Ton score sur bit.ly/concoursJO.",@DropofCuriosity,fr,
Hx5Vye6QZRA,"Mis à part le fait que c'est dégueulasse, le mot racisme est bien utilisé et je t'en remercie.",@titititi4359,fr,
Hx5Vye6QZRA,"Merci pour ta participation au concours ! Pour être tiré au sort, commente les 18 vidéos avant le 13 août minuit. Ton score sur bit.ly/concoursJO.",@DropofCuriosity,fr,
Hx5Vye6QZRA,😢,@ADANJONHSON,unknown,
Hx5Vye6QZRA,"Merci pour ta participation au concours ! Pour être tiré au sort, commente les 18 vidéos avant le 13 août minuit. Ton score sur bit.ly/concoursJO.",@DropofCuriosity,fr,
Hx5Vye6QZRA,Toutes les infos pour participer au jeu concours dans la description 😉,@DropofCuriosity,fr,
EEIT9IklKZY,❤Damn so perfect 🥰 ❤❤💞,@reggiepalmer6157,ro,
EEIT9IklKZY,You make Paris 100% happy! ❤,@HoooRU,en,
EEIT9IklKZY,Thanks for your inspiration Marsha,@jayhawkr86,en,
EEIT9IklKZY,Muy bonita  de blamco,@denisacosta6592,es,
EEIT9IklKZY,That's a weird way to propose but. Ok,@2005tmonkey,en,
EEIT9IklKZY,You look terrific.It's wonderful to see how you having a good time,@user-xb3cc7bn6t,en,
EEIT9IklKZY,The real prize 🏆 is your smile ❤,@antonispentarakis1289,en,
EEIT9IklKZY,❤❤❤❤,@MilanDjukic-x1u,unknown,
EEIT9IklKZY,A++++++ She is gold! 🥇,@superbam9048,en,
EEIT9IklKZY,i should be there wit u n having un blast celebrating with you @Marsha 💙🌹🌹🌹 proud of u n u Don't stop striving Mami. Love it n everything about you Love 😘,@marcellogdnloyal1623,en,
NW2d0ijbI_o,"The first picture and the one with, I assume a mother and father, are not Lim. What’s the point of that?",@RobinC63,en,archery
NW2d0ijbI_o,Why dont you say he?,@jernejicom,en,archery
NW2d0ijbI_o,Wot,@ensignsoah5947,en,archery
NW2d0ijbI_o,🤡,@Breizy-E,unknown,archery
NW2d0ijbI_o,🇰🇷🇰🇷🇰🇷🇰🇷🇰🇷🇰🇷🇰🇷🇰🇷🇰🇷,@CWG-op9td,unknown,archery
NW2d0ijbI_o,❤🇰🇷❤️‼️‼️‼️,@Sugas_Girr,unknown,archery
QW--VGPsEas,As an Aussie I am sorry but it's pretty much what you would expect of an Aussie break dancing! Lmao,@erica-iv3te,en,
QW--VGPsEas,You have to understand Australian humour to understand these reactions 😂,@jeanettekailea6344,en,
QW--VGPsEas,The people that support her are sick… just she’s a woman she is right philosophy is like Nazi Germany.  You need to be able to form an opinion not based on fear of cancelation or being a mindless drone doing whatever the media tells you,@wakawaka1976,en,
QW--VGPsEas,"What's ur favorite move ""The spin that stopped about 5 times to go fully round in one circle"" had me dying. 😂",@XboxProfessor,en,
QW--VGPsEas,"Raygun did indeed get famous, but not in the way she expected",@caseycat,en,
QW--VGPsEas,"I do laugh , but no hate from me...i hope she recovers and stays healthy...BUT she is responsible for deciding to go ( at her age) and a bad choice ( it seems to all) to have chosen some artsy-fartsy routine...it is evident that she is much too heavy....i mean strength to weight ratio...hubbie should take half the blame for not being open with her about that. Actually, i feel truly sorry for her, even though she may be a lunatic leftie ( allegedly",@marcc-ul9ii,en,
QW--VGPsEas,I honestly thought it was you Aussie’s pulling our leg😊,@bythesea760,en,
QW--VGPsEas,"I know right. So did I,  and I’m Australian. I was listening to Melbourne talkback radio tonight, and it appears we are all now suffering from varying levels of embarrassment trauma 😵‍💫",@Kylieannn91,en,
QW--VGPsEas,😅😂🤣🤢🤮,@amrak-8401,unknown,
QW--VGPsEas,"Anna Meares from Olympic Australian committee  responsible and probably who decided that Raygun was good enough to participate........should resign after that interview, trying to pass Raygunn as a victim!! We dont need to hear anyone""s sad  story about Raygun.....is what she did on that stage that matters.... They are trying to pass this as if people are criticizing her because she is a woman, and is BS, people are criticizing her because she have no talent...... Someone should look into Anna Meares and the Olympic Australian authorities, they probably will find the scam , because there is no way she is the ""best we have in Australia""
SOMEONE in Australia is responsible!!!",@onlyrealtalentedartists,en,
QW--VGPsEas,Exactly,@AncientCreature-i2o,en,
QW--VGPsEas,It’s like the antebellum south but with a different accent.,@juanrendon5720,en,
PArTdhNda7k,2024년에 보는데 정말 지금봐도 멋지네요👍,@Nuno911sz,ko,
PArTdhNda7k,VICTORIA IS THE QUEEN. 👑,@mariohflores,vi,
PArTdhNda7k,Ο Μητσοτάκης Κυριάκος δεν ειναι μίστερ μπιν είναι μια κολοτρυπιδα που εβαλε πανω απο όλα τον νομο περί πουσταραδων ενω έχουμε μεγάλη υπογενετικοτητα. Κατοχικους μισθούς και συντάξεις. Ακρίβεια. Ενεργειακο πρόβλημα την στιγμή βάσει των ευρημάτων των επιστημονων ότι κατω απο το Αιγαίο υπαρχουν δισεκατομμύρια τονοι πετρελαίου και φυσικού αερίου. Εισροές τεραστιων πληθυσμών λαθρομεταναστων. Αποδημια νεων Έλληνων επιστημονων ενος εκατομμυρίου τον αριθμό μέσα σε μια πενταετία λογω ελειψηε υποδομών και καταλληλων μεταρρυθμίσεων για να αποροφηθουν απο την εγχώρια αγορά,@user-wi1xz9kn5s,el,
PArTdhNda7k,Bro I don't even like the spice girls but this is still freaking amazing!!!,@civetmink9060,en,
PArTdhNda7k,Voltem,@berenicemendes8827,de,
PArTdhNda7k,Even this performance is better than this year's whole ceremony.,@marjanp4784,en,
PArTdhNda7k,Lol comparing the Spice Girls to Celine Dion already discredits you.,@puccaland,en,
PArTdhNda7k,Those are some absolutely gorgeous women!!!!!!!!!!!,@BLACKPOLO14,en,
PArTdhNda7k,Me watching it 2024. Life has changed a lot...,@Muhammadkaleemmahmood,en,
PArTdhNda7k,Impressão minha ou a Mel B  tentou se destacar mais que as outras ?,@regisribeiro7185,pt,
PArTdhNda7k,Four spice girls having the time of their life… and Victoria Beckham is just there,@vidwatcher365,en,
zMl7LpFk2H4,"Morroco have now experience What Argentina does best, Rig games lol 🥷",@Navpo01,en,football
zMl7LpFk2H4,Epik,@Ilikeseaotterstoo,et,football
zMl7LpFk2H4,So why didn’t they give the offside the first time. … someone tell messi Argentina don’t  have to cheat to win,@DasooT,en,football
zMl7LpFk2H4,They cannot believe they aren’t receiving any help 🤷‍♀️,@KeineFreunde13,en,football
zMl7LpFk2H4,Just like ur dad was in disbelieve when ur mom announced she was pregnant::: according to the doctor he can’t be responsible,@charlesizuchukwu1915,en,football
zMl7LpFk2H4,"​@@charlesizuchukwu1915
Shut up",@user-sd1tp5xz3h,de,football
zMl7LpFk2H4,Bruh +15min is wild,@niewiemco922,de,football
01y_l8iHG8A,Какая у неё великолепная осанка при беге😍!,@nevermind1117,ru,
01y_l8iHG8A,"GO SHA GO TOWARDS YOUR GOALS.

DON'T FORGET THE LORD GOD.

JESUS CHRIST LOVES YOU.

RECEIVE JESUS CHRIST, SHA.",@maxinebaker4281,en,
01y_l8iHG8A,Richerdsin,@ErkinQambarov-h1o,de,
01y_l8iHG8A,Maladsi❤,@ErkinQambarov-h1o,so,
01y_l8iHG8A,Lets go❤,@hazalsar6232,fr,
vM0CcGByY3s,"Fun fact, JOKIC just became the first player in Olympic history  “TO LEAD THE OLYMPICS IN POINTS, REBOUNDS, ASSISTS AND STEALS”. If Jokic Played for USA, he’d be the MVP.",@SingularityScene,en,
vM0CcGByY3s,Lebron win the mvp olympics,@user-fn2oh8je6h,en,
vM0CcGByY3s,"Stats on efficiency, all games so far: 

GP
MPG
PPG
EFF
EFFPG
PM
PMPG


#1 - Nikola Jokic (SRB) 🇷🇸 
4
29.8
19.3
128
32
43
10.8
2.

Giannis Antetokounmpo (GRE)
4
33.4
25.8
106
26.5
-2
-0.5
3.

Josh Hawkinson (JPN)
3
36.4
18.3
74
24.7
-32
-10.7
4.

Victor Wembanyama (FRA)
4
29.3
14.5
92
23
9
2.3
5.

Santi Aldama (ESP)
3
28
17.7
68
22.7
-6
-2
6.

Shai Gilgeous-Alexander (CAN)
4
30.1
21
88
22
23
5.8
7.

Dennis Schroder (GER)
4
31.1
18
85
21.3
36
9
8.

LeBron James (USA)
4
20.5
13.8
84
21
53
13.3
9.

Jock Landale (AUS)
4
28.3
14.5
81
20.3
10
2.5

RJ Barrett (CAN)
4
28.8
19.8
81
20.3
26
6.5
11.

Franz Wagner (GER)
4
31.7
20.8
78
19.5
47
11.8",@gueswhosthis,en,
vM0CcGByY3s,"Tbf I don’t think any American will win MVP just because of the amount of talent. If you take that person off, the  US would still be fine no matter who that person is. Without jokic, Serbia is nothing.",@NextGen583,en,
vM0CcGByY3s,Exactly!,@SingularityScene,en,
jLwzalijIAo,"❤❤❤😊😊😊 i love this place..in the right time i can go there ,",@lazartexxxxxx,en,
jLwzalijIAo,LA should learn from this! Fix the city not build new places,@GuyNamedRy,en,
jLwzalijIAo,"Les cinq anneaux sont aussi beaux que des fleurs.
The five rings are as beautiful as flowers.
五つの輪は､花のように美しいでしょう
Le monde sera plein de diversité, sans aucune contrainte de victoire ou de défaite.
The world will be full of diversity, unfettered by winning or losing.
1つの世が周り､勝ち負けにとらわれない多様性であふれるでしょう",@user-ut2kr8st5i,fr,
jLwzalijIAo,"Be carefull Paris and all the France are very dangerous , extremism islamists, and lot of drugs traffics ! Don't come my friends🙏",@La-Belle-Équipe,en,
jLwzalijIAo,"no Russians will participate in the Olympic Games. Or other sporting events. should that happen, sponsors and the IOC will be boycotted by the vast majority. Coward Putin and his supporters stay home! no one will see you until the senseless war ends. a war you cannot win.",@TheNordmo,en,
jLwzalijIAo,Why is he wearing a mask for an interview on his own?,@tcskips,en,
jLwzalijIAo,miss windsor and qatar virgings unifor unicef ok:,@darrenstpierre9234,en,
jLwzalijIAo,I’m sure the French will do the 2024 Olympics proud. But can’t help feeling the “break dancing” farce may bring the prestige and  popularity of the games to a lower level.,@arnolddavies6734,en,
jLwzalijIAo,❤❤,@ulziraisakova6871,unknown,
jLwzalijIAo,I hope Paris 2024 is a great olympics.,@rorysmith2415,en,
4lVZEk1Xqoc,Bet the French Olympians don't have them beds,@stephenmills5133,en,
4lVZEk1Xqoc,"This aint a hotel, no one should expect luxury, but should at least expect decency",@abdelkrimelabassi5065,en,
4lVZEk1Xqoc,"As someone who sleeps on a mat on the floor, anything is an upgrade",@Lacheln-YO,en,
4lVZEk1Xqoc,You do know that for every olypics they have to drop a fuck Tone If Money for Stadium beds and food for every Player to the Point that every time less and less countrys want to host its you want to drop Like 500 € on 200+ beds plus Like 150€ for each Matress thean do it,@weirderthantherest5189,en,
4lVZEk1Xqoc,Poor people. First World problems,@wpgeeth,en,
4lVZEk1Xqoc,they did this bc the athletes kept fuckin and for some reason they don’t want that,@janejames3098,en,
4lVZEk1Xqoc,"The bedframe doesnt matter much for your sleep, I think its cool they went for something recyclable. The matrasses are a bit sad tho :/",@lovelylittlesteamboat5498,en,
4lVZEk1Xqoc,That’s what ya get!,@terryfelkins912,en,
4lVZEk1Xqoc,What do you mean?,@user-vo7xr9xi2t,id,
4lVZEk1Xqoc,"Brillient idea. Recyclable, cheap and practical.",@kathrynbeetham5308,en,
4lVZEk1Xqoc,No,@xxoxEVAxoxx,no,
4lVZEk1Xqoc,But what about the comfort of these brilliant athletes ?,@ZeusTheYoutuber,en,
4lVZEk1Xqoc,"You say that, but I bet you wouldn't dare to sleep on it when you need a very important rest.",@faultline3936,en,
4lVZEk1Xqoc,I was wondering where the sleep,@annaconn8302,en,
PFA9R5yAlq4,Mais c'est pas du tout 5 médailles d'or le record du monde le record du monde c'est Mickael Phelps avec ses 28 médailles dont 23 d'or,@stephanedegeorge566,fr,
PFA9R5yAlq4,Léon 5 médailles,@philippe8481,fr,
PFA9R5yAlq4,Pour moi celui qui m'impressionne le plus c'est Martin Fourcade il est incroyable après c'est Teddy Riner et pour finir Léon marchand le génie,@MoralesMoral-fy3zr,fr,
PFA9R5yAlq4,Fier d'etre escrimeur 🎉,@ZFRPsycho-ks6ii,fr,
PFA9R5yAlq4,Leon Marchand 1 JO 6eme du classement 💀,@tibz_hydra,fr,
PFA9R5yAlq4,Et Simone billes,@Familly_Ghx,it,
PFA9R5yAlq4,"Mdr
Phelps a beaucoup plus",@janogoogle135,en,
PFA9R5yAlq4,Whaou 👍 👍,@philippebelouin3307,sw,
PFA9R5yAlq4,L escrime en force,@gwendallesec8554,ca,
PFA9R5yAlq4,Léon marchand a eut sa 5 eme médaille dont 4 d’or et 1 de bronze donc il serait légitime dans ce classement dont 4 en solo et 1 en équipe.,@oceaneanonyme4030,fr,
PFA9R5yAlq4,Mais bolt il est où,@Nizox_b,fr,
PFA9R5yAlq4,Il est jamaicain 😂,@JumKrozBow,fr,
PFA9R5yAlq4,A oe j’avais pas entendu français,@Nizox_b,fr,
dbKbCNHBObU,Van there even swim ?,@bazt2779,en,basketball
DkR-0pvNKDo,自己買是純金的o還是黑K 金的或著是鍍金的,@user-kw9ne4op2k,zh-tw,
DkR-0pvNKDo,"見到獎牌有花痕,如同見到你的努力！👍🏻👍🏻👍🏻",@ansonau3233,ko,
DkR-0pvNKDo,因為不是999.9足金😂😂😂,@candychan6344,zh-cn,
DkR-0pvNKDo,要用衣服或棉布先分開包裝好則可避免，像您一直這樣展示不出刮痕難哦😅😅😅,@fahangshi6592,ko,
DkR-0pvNKDo,反正現在的金牌也不是純金,@crombee,ko,
DkR-0pvNKDo,明明就有包裝盒你的可能被維尼拿去裝坦克車了,@user-kx7vh5ye9c,ko,
DkR-0pvNKDo,装B了无痕,@Lutao0817,zh-cn,
DkR-0pvNKDo,裂質貨😮,@ising2495,ko,
DkR-0pvNKDo,可是我看孙颖莎的三块奖牌都有盒子的啊,@tsuyolauda,zh-cn,
DkR-0pvNKDo,好像奥组委给运动员提供了保险套，可以用它们来装,@fangzhouzhao2489,zh-cn,
MbZiYfJMf5g,"Check out the other videos in our channel. 
Watch our playlists: 
Event Sports - Olympic Records - Best athletes Now - Olympic Hystory

https://youtube.com/@olympicshortsstories?si=eiDTX1peqxgX8G07",@OlympicShortsStories,en,athletics
MbZiYfJMf5g,"What do you think? Kishan Thompson, pity about his absence at the recent Diamond Leagues",@OlympicShortsStories,en,athletics
p5kgsSk0Jxg,“Il patriarcato non esiste” -cit,@lucrezia1036,it,
p5kgsSk0Jxg,Grazie❤,@truffaldina8146,pl,
p5kgsSk0Jxg,Grazie ❤,@annatrevy3306,pl,
p5kgsSk0Jxg,Fa ridere ma anche piangere 😞,@barbaraschiaffonati9083,it,
p5kgsSk0Jxg,😂🤦🏻‍♀️,@Nora_M.Byrne88,unknown,
p5kgsSk0Jxg,"Non  hanno sbagliato a scrivere, lo hanno fatto apposta per scatanere la polemica ed aumentare il click-bait.",@Dr.Kananga,it,
p5kgsSk0Jxg,Secondo me li fa più furbi di quel che sono 😂,@annatrevy3306,it,
p5kgsSk0Jxg,ppppfffffffffffffffffffffffffff aiutoh,@franp9980,cy,
p5kgsSk0Jxg,Io morta😂,@RosAlix31,it,
kbwnLGT70ms,X,@x6mb0,so,
kbwnLGT70ms,❤❤❤,@Itzz.flo1,unknown,
kbwnLGT70ms,"In chess, en passant (French: [ɑ̃ pasɑ̃], lit. ""in passing"") describes the capture by a pawn of an enemy pawn on the same rank and an adjacent file that has just made an initial two-square advance.[2][3] This is an exception or special case in the rules of chess. The capturing pawn moves to the square that the enemy pawn passed over, as if the enemy pawn had advanced only one square. The rule ensures that a pawn cannot use its two-square move to safely skip past an enemy pawn.",@BritishWeirdo5,en,
kbwnLGT70ms,I don't think you're making it because it looks like you are in the middle of Antarctica in the background,@mrdowney1361,en,
kbwnLGT70ms,Those are the White cliffs of Dover. He’s crossing the English Channel to get to France,@FatimaMerzougui-pu3jq,en,
kbwnLGT70ms,🇬🇧🇬🇧🇬🇧,@blinky5063,unknown,
kbwnLGT70ms,🇬🇧 🇬🇧 🇬🇧 🇬🇧,@Doritosandmycatsandmonty,unknown,
kbwnLGT70ms,"Okay, so?. May I ask.",@Loaf-of-bread1,tl,
kbwnLGT70ms,You can’t be rude but also fail at being rude by making a fatal wording choice which completely changes the fact that you don’t care to how you want to learn more and asking if you can ask more,@amogus6557,en,
kbwnLGT70ms,​True but nerdy,@guestbloxer6000,en,
kbwnLGT70ms,👾,@PhantomicProductions,unknown,
kbwnLGT70ms,Bro just came from the freak bait video,@BollFam,en,
kbwnLGT70ms,@@BollFam👾,@PhantomicProductions,de,
kbwnLGT70ms,Are You In A Team Fr,@shinoahiraghi,en,
kbwnLGT70ms,Team Watching On The TV,@RamonDaniel,en,
kbwnLGT70ms,Someone please explain this Paris 2024 mocking Christianity.,@hooooonk,en,
kbwnLGT70ms,Idk,@Averageperson69,so,
kbwnLGT70ms,Thw basicly mocked the last supper,@ZaianSammut,en,
kbwnLGT70ms,Sorry they,@ZaianSammut,en,
kbwnLGT70ms,@@ZaianSammut How so?,@hooooonk,en,
kbwnLGT70ms,"@@hooooonkby replacing Jesus and others in the original picture with “drag queens” or whatever stuff that is.
Basically they made it look stupid- they mocked it.",@erca02,en,
kbwnLGT70ms,WOMP WOMP CHRISTIFUCKS,@britishmapping-n2v,en,
oxycOd6tudQ,I know this game is old but I’m surprised that there aren’t more volleys. Instead of one two slam. Just wondering,@trudygaldeen3432,en,volleyball
oxycOd6tudQ,Defalco 👏,@KangSaeful-qz4of,cy,volleyball
oxycOd6tudQ,Congrats usa...i love you matt anderson❤❤❤,@JehdeiahAlegarme,sv,volleyball
oxycOd6tudQ,I LOVE USA from philipiines,@mayaarana9618,en,volleyball
oxycOd6tudQ,Словенцы слабаки! 😊,@user-db4hg1mb6n,ru,volleyball
oxycOd6tudQ,"Когда воллейболл писал правила, таких 2х метровых жердин не было!! Для поднятия зрелищности считаю, надо поднить сетку!! Ну, что за борьба, когда сетка на уровне головы!!??",@user-mk8wq5jy1p,ru,volleyball
oxycOd6tudQ,Love USA team from Cambodia,@peta75189,en,volleyball
oxycOd6tudQ,It's Tokyo but not Paris😂😂😂,@helena6802,en,volleyball
oxycOd6tudQ,PLEASE upload TUR  women volleyballs team matches! 🙏🙏❤❤,@mobinashadi8835,en,volleyball
oxycOd6tudQ,Not valid. Auto UNSUBSCRIBE,@dheru5885,et,volleyball
F10WSpwAGjg,❤❤❤,@lisegodin5337,unknown,
F10WSpwAGjg,an tchou ay,@beillevertseb8406,en,
F10WSpwAGjg,🇨🇵🇨🇵🇨🇵👏👏👏,@mattheone2297,unknown,
F10WSpwAGjg,Il n’y a qu’aux JO ❤,@ericroger926,fr,
F10WSpwAGjg,"La foi jusqu'au bout. Ils sont allés chercher dans leurs trippes ! Merci CHAMPIONS, vous nous avez offert de Moments merveilleux, pleins d'adrénaline.",@annesylviendongo,fr,
F10WSpwAGjg,"L'équipe de France a été de loin la meilleure, c'est indiscutable 👌
Bravo les Français.",@dekaskasongo3829,fr,
F10WSpwAGjg,"Ceux considérés en Jap pour dérives sectaires, tefloniste, France 🇨🇵🧭🇨🇵 ne sont pas des poubelles devant servir de réceptacle pour humain volontairement ramassés (logo sur flyer de soirée des 2000's swatiska poubelle bizarre en 2000 aussi) au niveau du bon sens bien sûr, avec exactions violentes style appatridie immédiate humainement, et vomi des datascientist (don choa dr Hannibal perso j'écoute pas , se référer à la confrérie epsilon, académie de niçois, amazigh World, Sexion d'assaut pour le harcèlement tu suces de Nice censée être en France) je vous rassure ou pas coxie et Angèle chantent, dénoncent banalisent se font pas chier et font flipper les gens et pour les victimes , moi, un petit gravelax traumato sur baze chrétienne autonome ,et non d'appât bocal , chuuuut la on juge pas.
Hey ici être humain, 36 piges a le vivre toute seule personnellement et ça se passe bien..
Survivant traumato lethales des 5 ans et demi et a répéte, chaque jour est un combat sociale un truc immonde !
 jamais vu hors normes par le data scientist qui ne s'en remet pas et c t le but des agresseurs ....ils frakent leur vie, Frak la vôtre et veulent fraker tous ceux qui pourraient leur donner et a moi aussi des enseignement non frelatés et conditionnés sheltmulde afin de stopper la courbe exponentielle d'actions de désoeuvrement.....
Ici survivante traumato lethales valeur à l'endroit car 1ere opposante test dr slump....et ça continue et c traumato lethales valeur à l'endroit pour les semeurs et selon le visio process des semés.....
Maintenant avis ces témoignages n'appellent a aucune vindicte, ces expériences sont ciblées. (Nourriture, crème solaire une crème de marque 1 fois dans ma vie a donné lieu a PB dermato et la marque n'est pas en question. Idem crème dépilatoire qui bizarrement attire le chat et laisse des marques foncées sur les zones d'utilisation(melasma on sait on sait pas pb de clés et ou exactions! Fichet, rue centrale, et aberration avec un rezo de harcèlement de travail bowling for Dove! Un truc immonde humainement parlant.
A c'est sure niveau ségrégation sans trace j'irai jamais dans un endroit qui un shot de vodka dans une bière!!!
Concept trop spéciaux pour moi!Et pour beaucoup 
Moratoire sur les trames déviantes intérêt général !
Ici 1ere opposante test au dr slump challenge, s'ouvre le crash test dummies avec traumato lethales valeur à l'endroit a répéte a 5 ans et demi.....
Stop altérisaation scabreuses. Quoi que vous fassiez pas d'othello humain, ou le triodés de virbaccalao Frak femme correcte.....
Bien sûr tout ceci n'est souhaitable sur personne ni même un objet.
A toutes les Muriel bole, Yvan Colonna, Domenici, pas de personnalité multiples 🤣, simple changement de scénari pour mise en scène sociale monstrueuse immonde humainement parlant.
L'épaulee jetée de ces lions tiger lady c'est la remise du sac a main sur l'épaule et un coups pectoraux. Tu descends jean médecin j'en prends jeune mineure, 7/8 coups.
Non aux sous-schematisation déjà de genre et tech, car normalement la déontologie et l'éthique font que tout est en harmonie.....
Non aux under-skema, la sous schématisation et les méthodes de corrélations et pont notionnels ne peuvent être construit ou détruit pour les souskema , qu'à certaine conditions ...et là heureusement !!!
Le Trianon intellectuel ne se détruit pas a coups de rouleau a pâtisserie sur être humain vivant réelle.
Buon jou, da nissa terra adramata oops , double axel, stop atteintes besoins physiologiques ça fait longtemps maintenant et charlatanerie neurotech et donc dans certains cas médicale .
Aux souskema non li vache va pas o toro, hein sur être humain les bretelles turquoises,moi , refusent.
Concept sorting process irrégulier volontaire, a blanc, avec annonce de l'escroquerie au moeurs et hérésie socio-religieuses irrégulières, va dans une putain de vraie église.
D'un point de vue laicoos et legalo aussi c le n'impo n'imp avec traffic de data..
G été la première de cordée sur la route de non pute, et tenez le vous pour dit ceux censes être sécurisés derrière, te frakent en arrière et te font arracher grave au point de Peter du datascientist en vrai.",@user-de2tl8zv9u,fr,
F10WSpwAGjg,C etait pas du tres beau judo a mon gout maos la victoire est la dans les règles :) bravo a cette magnifique equipe de France !!,@jerzinho92,fr,
F10WSpwAGjg,Sincerement les meilleurs moments aux JO avec Leon,@GiovanniVanzo-er7yp,fr,
F10WSpwAGjg,"Remontada en japonais ?

Ona-u sho-o ku, mei ona tunikeï",@Soenglish44,fi,
XbpQ3CIrXg8,That was such an amazing moment!,@maryhale8425,en,
XbpQ3CIrXg8,Purple face.,@felipeemanuel5790,ro,
XbpQ3CIrXg8,🇮🇪🇮🇪🇮🇪,@annemarieclarke4997,unknown,
XbpQ3CIrXg8,"Olimpiyatlar Coca Cola reklamı yapıyor, komik ve üzücü.",@halilkilic3,tr,
XbpQ3CIrXg8,"Almost every country should be able to afford to arrange Olympic Games at least once in their history. We 🇭🇺 are not yet there, but who knows how life goes...",@muliczakatalin8247,en,
XbpQ3CIrXg8,🇭🇺 was actually a candidate to the organization of 2024's olympic games but residents of Budapest protested against it. You're almost there 💪,@Learn778-h6e,en,
XbpQ3CIrXg8,"@@Learn778-h6e so did I. Time has not come yet. Another point: if it comes to Oympics in Hungary, I am definitely for ""somewhere in the backyard"" , like Szeged or Pécs or their neighbourhood rather than Budapest, where the crowd of 3 millions of people during the day is already unbearable, without the Olympics.",@muliczakatalin8247,en,
XbpQ3CIrXg8,"@@muliczakatalin8247 
But budapest is I believe the most developped and modern hungarian city so what's best to represent your country? I do, though, understand the demographic issue as I've seen it here in Paris.",@Learn778-h6e,en,
XbpQ3CIrXg8,"@@Learn778-h6e that's the whole point. They are already developed. And the countryside needs to be developed. And they will spend enourmous amounts of money to build these and those. So, please be so kind, and build it there, where they need it as much as bread.",@muliczakatalin8247,en,
XbpQ3CIrXg8,Love it!!❤️🇵🇭,@jamesaaronmanarang,en,
XbpQ3CIrXg8,Are the Olympians on an all coke diet or something?,@iguess6031,en,
XbpQ3CIrXg8,一騎絕塵,@jadeng3597,ko,
XbpQ3CIrXg8,نهار بنهار بصان صالة ويكاند فوتينغ🤯😱ماغالش نجيب ميداي دوغ تي كووومبخي شوف كتي🎵يفاتو برك تي كووومبخي🤷🏼‍♂️🤷🏼‍♂️خياااالي خياااالي,@BoutafogoPrince,ar,
XbpQ3CIrXg8,800 metre 😂😂😂😂 Daniel wiffen on tops 🇮🇪,@Chazerydamonster,af,
An29JHAEmTQ,Wat denk jij: GOUD of FOUT? 🥇🤔,@baileyderegt,nl,
An29JHAEmTQ,Goud,@Jeffrey_56,nl,
An29JHAEmTQ,Goud,@user-sw1io3bw2q,nl,
An29JHAEmTQ,Fouy,@HugoPyro,en,
An29JHAEmTQ,Volgens mij zat hij in het team,@user-rg9tf6jk9k,nl,
An29JHAEmTQ,​@@user-rg9tf6jk9kdacht ik ook al,@VeraTimmer,nl,
An29JHAEmTQ,Ja denk ik,@ShaunVanhoutte,da,
An29JHAEmTQ,Italians  haddan gewonen,@lobuesalvatore252,nl,
An29JHAEmTQ,Ik denk wel 🎉,@remcosmienk4193,nl,
An29JHAEmTQ,Ik ben daar gisteren geweest😅,@estherhoogendijk6389,nl,
An29JHAEmTQ,Wat is zijn naam,@tanjakremers126,nl,
An29JHAEmTQ,Het is niet echt goud het is gemaakt van zilver met maar een heel klijn beetje goud😅,@Sub_voor_meer,nl,
An29JHAEmTQ,Goud,@karolienenerikrieksen3666,nl,
An29JHAEmTQ,Goud,@samblok4953,nl,
An29JHAEmTQ,Ik ben half zuid Koreaans,@lynnturfboer1710,nl,
sy73ClvStH0,Duterte!!!!!! 😅😅😅😅,@Kultongfishon,de,
sy73ClvStH0,Every toxic trait of a Tito is thinking that they can do this too easyyyy go on then Tito why didn’t you win the gold medal thennn.,@lifeofsophiamari,en,
sy73ClvStH0,So emotional! I cried too!,@MartineH1,en,
sy73ClvStH0,Yulo's double gold is epic. Pero iba pa rin ang tamins ng unang gintong medalya. The pressure of winning an Olympic gold eventually fade. Another gold medal/s in 2028 Olympics is not impossible.,@huarang4243,en,
sy73ClvStH0,Im here after carlos yulo won a gold medal,@_Void_123,en,
sy73ClvStH0,"Even though she didn't make it to Paris 2024, her weightlifting team currently in battle for another medal finish hopefully another gold 🥇Sige lang mga bayaning atleta! Ipakita sa mundo ang tunay na husay at galing ng Pilipino! 🇵🇭",@luckyrawr_0013,en,
sy73ClvStH0,Pokpk,@roninbushito,pl,
sy73ClvStH0,"""Paris 2024 she's coming!"" is misleading info coming straight from the source. She's not competing in 2024. Diaz failed to qualify for the 2024 Summer Olympics in Paris after failing to finish among the top ten in the IWF Olympic Qualification Ranking and was beaten by fellow Filipino Elreen Ando in the 59kg class following the conclusion of the IWF World Cup in Thailand",@prrrrck,en,
sy73ClvStH0,Repeat!  I really want her to repeat!,@verlandohenderson5364,en,
sy73ClvStH0,🈸🈚🈺🈷️㊙️🈴🈵🈹🈹🈲🈵🈴🈸🈷️🈶🈚,@hawdsad2098,unknown,
iIFjh7TzCe0,So full of themselves  🤢,@ardeleanion4435,en,
iIFjh7TzCe0,Noah Lynes❌.                             Noah Lynes✅,@user-sy9ic6wv8d,cy,
iIFjh7TzCe0,Acting like A train,@angeloann5945,en,
iIFjh7TzCe0,So glad to see him get humbled…. Covid was an absolute farce it was his poor loser excuse bc he’s such a big talker and didn’t come close to backing it up,@dannyyevcak1508,en,
iIFjh7TzCe0,Well well well 🥷,@baladevakhmetov6671,cy,
nurKlFwWvS8,Very Nice,@shawntucker6405,en,
nurKlFwWvS8,I am shocked 😮,@selvendransivasamy,sv,
nurKlFwWvS8,You can really feel him pushing the floor,@raheem2845,en,
nurKlFwWvS8,"No,not olympic champion",@Johnmag1976,en,
nurKlFwWvS8,Imagine him running into you,@heheboy8966,tl,
nurKlFwWvS8,これは人間ですか？,@ST-zm7hg,ja,
nurKlFwWvS8,Run brother run👍👍👍,@erickataylor2534,en,
nurKlFwWvS8,Fine man❤,@briafx,it,
nurKlFwWvS8,He and the other males are in Desperate need of male support underwear .,@jjlie6745,en,
nurKlFwWvS8,He should have a Nike commercial for the super bowl with his cut body running in the mountains then in the sky.,@GerrineReese-gv2xl,en,
nurKlFwWvS8,"Nike didn't sponsor him, though. Asics got him.",@nikamaal,en,
nurKlFwWvS8,"@@nikamaal thanks for the feedback, greatly appreciated!!!😊😊😊",@GerrineReese-gv2xl,en,
nurKlFwWvS8,😅he's an ASICS athlete,@daniella921,en,
xefaqhpfeIo,❤❤❤❤❤,@lakshyaandzoya3768,unknown,swimming
xefaqhpfeIo,Interesting insights👍,@user-vz1bc4yq5u,en,swimming
xefaqhpfeIo,Stay tuned... for such content. Thanks for watching!!!,@adityaniranjanmishra9038,en,swimming
xefaqhpfeIo,Sir tusse great ho 🗿,@gamingbeast4u,en,swimming
xefaqhpfeIo,"Thanks bro, means a lot. Keep watching videos.",@adityaniranjanmishra9038,en,swimming
xefaqhpfeIo,Great information. Thank you Sir,@payelghosh485,en,swimming
xefaqhpfeIo,"Thanks bro, means a lot. Do like and subscribe.",@adityaniranjanmishra9038,en,swimming
XdUrRi4YZmg,Kekuatan yg luar biasa inilah perempuan terkuat di dunia liwenwen ❤❤❤❤❤❤,@ZastinLuis-ln3zh,id,
XdUrRi4YZmg,這才是真正的女人力量,@jackko819,zh-cn,
XdUrRi4YZmg,Congrats on the Olympic Gold!,@jayanthkumar7964,en,
XdUrRi4YZmg,Its actually 175kgs. 😅,@Fairing1,en,
XdUrRi4YZmg,I think it means she is 375 ibs cuz ain't no way she's lifting it,@misunderstood4230,en,
XdUrRi4YZmg,Did you watch her compete at the olympic games? She was unbelievable,@Jacobiskoby37,en,
XdUrRi4YZmg,"she is, that is a 375 lb clean and jerk right there",@joemama226,en,
XdUrRi4YZmg,she is lifting it i mean,@joemama226,en,
XdUrRi4YZmg,Вот так  самка 😂,@user-gj9ri5bj6u,mk,
XdUrRi4YZmg,Strong woman,@zhinan888,en,
XdUrRi4YZmg,Super women.,@nelsonhuynh8392,af,
XdUrRi4YZmg,中国女英雄！❤❤❤❤❤❤👍👍👍👍👍👍👍👍👍🌹🌹🌹🌹🌹🌹🌹🌹🌹🌹,@user-rx7kl3rz7t,zh-cn,
XdUrRi4YZmg,Végre egy csaj akivel lehetne búzászsákot pakolni.,@akosbogar1885,hu,
OBbqZHMDeHM,God is refreshing her. B,@carol-us4xn,en,
OBbqZHMDeHM,She will be in Paris GOD is with her no Injuries will stop her Amen  in JESUS precious and HOLY Name GLORzy be to GOD,@jackiedavis8012,en,
OBbqZHMDeHM,She didn't limp. It was confirmed as a cramp. She is fine and will be ready for Paris.,@Camille-487,en,
OBbqZHMDeHM,god please help her.,@MarlonBlackwood-wk4jt,en,
OBbqZHMDeHM,Prayers up miss Jackson 🙏❤️,@howardwright9754,en,
OBbqZHMDeHM,"God please  heal all injuries  and cover all our athletes.  Keep them safe also strength them mentally, spiritually and physically  to carry on to medalling in Paris. Let them know to seek you and hold on to your unchanging hand.With you all things are possible if they only believe. Anoint Sherika and the team mighty God . Restore their bodies with added strength father. Run with them, in Jesus name .Amen",@rosewhite9468,en,
OBbqZHMDeHM,"Athletes do get injured, sorry for having to break the bad news to you people , the last time I checked they're not organic robots.",@Dewdrops7560,en,
OBbqZHMDeHM,Same trick yohan Blake used?????,@johnnjoroge7985,en,
OBbqZHMDeHM,GO AWAY,@sharonliston8343,pt,
OBbqZHMDeHM,oh noooo girl  drink alot of water.,@michellecrawford7685,af,
OBbqZHMDeHM,Oh Noooo,@hillaryeloisecoombs-connel7762,af,
_H0RPqkonFc,My left ear enjoyed this.,@Spykyportable,en,
_H0RPqkonFc,Will work on volume control for next video!,@TimOSheaLive,en,
_H0RPqkonFc,"92 is half of 99, so it is still mostly gold.",@MrRandomLogo,en,
_H0RPqkonFc,what? half of 99 is 44.5 not 92. Its mostly sliver.,@HollyJordon,en,
_H0RPqkonFc,@@HollyJordon it's a reference you didn't get. Google it.,@MrRandomLogo,en,
_H0RPqkonFc,It’s 92% silver! Only 8% actual gold despite the name,@TimOSheaLive,en,
_H0RPqkonFc,"Olympic gold metal's:

100% Gold: ❌
92% Sliver: ✔️",@NSA.,en,
_H0RPqkonFc,It’s crazy!!,@TimOSheaLive,en,
pLPiTO-Sr20,Wow Mermaid Magic 🧜‍♀️,@brandonbahenav80,en,
pLPiTO-Sr20,Is this ai voice?,@b-smactfam3813,en,
pLPiTO-Sr20,No,@BTSIPURPLEYOU-zi4mk,no,
pLPiTO-Sr20,U sure?,@ShootingStarGaming117,fr,
pLPiTO-Sr20,Mermaid Olympic Games?! Cool!,@aaliyahrosado7365,en,
pLPiTO-Sr20,Woah! Olympic games underwater?! Awesome!,@andrewalker6050,en,
pLPiTO-Sr20,"@Mermaid Magic. I would imagine that being an actual thing, Mermaids!!",@xaviermartinez4514,en,
pLPiTO-Sr20,I love mermaids too! 🧜🏻‍♀️❤️😍,@andrewalker6050,en,
pLPiTO-Sr20,Omg I'm early!,@Zillow_X,en,
IhhLq8bUlOo,Hi! Baby. You okay today love? Hope all is well Shacarri! Have a great day sweets!😢,@davidleon6371,en,
IhhLq8bUlOo,Look at the nails a guaranteed 1st place 😂😂😂,@AD-xn7vg,en,
IhhLq8bUlOo,Spell d her 1st name wrong.,@CarolynBaird-mt7gw,en,
IhhLq8bUlOo,She's just GREAT!!,@user-mu1lq7jb4f,et,
VgjwhXBGQfA,I can see why. Stay in school lil bro,@shutitmoron,en,
VgjwhXBGQfA,Hate to break it to you but it’s a joke.😅,@Chicken_gwynie,en,
VgjwhXBGQfA,the is no olympic team it gos by like country,@Thehardway676,en,
VgjwhXBGQfA,its a joke dude,@Stqrzzeke,et,
VgjwhXBGQfA,"lol there is an Olympic team, each country has a team for every event that’s the joke",@mintymint6902,en,
MbZiYfJMf5g,"Check out the other videos in our channel. 
Watch our playlists: 
Event Sports - Olympic Records - Best athletes Now - Olympic Hystory

https://youtube.com/@olympicshortsstories?si=eiDTX1peqxgX8G07",@OlympicShortsStories,en,athletics
MbZiYfJMf5g,"What do you think? Kishan Thompson, pity about his absence at the recent Diamond Leagues",@OlympicShortsStories,en,athletics
sOk0PIA7c6s,"I’d like to point out that the design of the U.S. Olympic team's blazer can be traced back to the original boating blazers worn by the Lady Margaret Boat Club of St. John's College, Cambridge, in 1825. Those OG athletic blazers featured distinctive colors and club insignia, setting a precedent for modern iterations. While the inclusion of product placement is a more recent development, the style itself has a rich history that predates contemporary adaptations seen in popular culture, such as the ""Never Been Kissed"" episode of Glee (November 9, 2010). The evolution of fashion often reflects a delicate balance between tradition and innovation, making the study of fashion history a fascinating journey (and that makes me miss my years in Manhattan even more). In short, I agree with you. I do not like it either.",@ericmgarrison,en,
sOk0PIA7c6s,School uniform? Shorts?,@Sam-z2e9w,en,
sOk0PIA7c6s,Mongolia went all in. Absolutely stunning.,@QWERTYUIOP-mm2hv,en,
sOk0PIA7c6s,"I don’t like how when it comes to Canada, it’s always just red with maple leafs- just me?",@IahSV-u6p,en,
sOk0PIA7c6s,USA reminded me of the umbrella academy,@janie294,en,
sOk0PIA7c6s,"I agree with your taste,bottom line…nobody cares what we think,maybe next one will have different designers",@carolebrown7589,en,
sOk0PIA7c6s,Can you do a pt2 and if you Can include Italy 😊,@LindaNemaz,en,
sOk0PIA7c6s,Y’all should see Sri Lanka as well🤌,@vidarakannangara1233,en,
sOk0PIA7c6s,Thailand's outfit looks like a pespi ad.,@benetta.o,et,
sOk0PIA7c6s,Wt about India?,@sudipabiswas6145,en,
O5T7N9rZqCE,Оллохим узи куч ва кувват берсин Диёраа омадиззи берсин асалим ❤❤❤❤😂😂😂😂,@user-mk2yk1ff3q,mk,
O5T7N9rZqCE,❤❤❤❤❤❤❤❤❤❤❤❤❤,@user-nc7zn4gm6e,unknown,
O5T7N9rZqCE,Chaqqon ekans kuz tegmasn,@SarvinozSuyunova-o9l,et,
dbKbCNHBObU,Van there even swim ?,@bazt2779,en,basketball
p5kgsSk0Jxg,“Il patriarcato non esiste” -cit,@lucrezia1036,it,
p5kgsSk0Jxg,Grazie❤,@truffaldina8146,pl,
p5kgsSk0Jxg,Grazie ❤,@annatrevy3306,pl,
p5kgsSk0Jxg,Fa ridere ma anche piangere 😞,@barbaraschiaffonati9083,it,
p5kgsSk0Jxg,😂🤦🏻‍♀️,@Nora_M.Byrne88,unknown,
p5kgsSk0Jxg,"Non  hanno sbagliato a scrivere, lo hanno fatto apposta per scatanere la polemica ed aumentare il click-bait.",@Dr.Kananga,it,
p5kgsSk0Jxg,Secondo me li fa più furbi di quel che sono 😂,@annatrevy3306,it,
p5kgsSk0Jxg,ppppfffffffffffffffffffffffffff aiutoh,@franp9980,cy,
p5kgsSk0Jxg,Io morta😂,@RosAlix31,pt,
PFA9R5yAlq4,Mais c'est pas du tout 5 médailles d'or le record du monde le record du monde c'est Mickael Phelps avec ses 28 médailles dont 23 d'or,@stephanedegeorge566,fr,
PFA9R5yAlq4,Léon 5 médailles,@philippe8481,fr,
PFA9R5yAlq4,Pour moi celui qui m'impressionne le plus c'est Martin Fourcade il est incroyable après c'est Teddy Riner et pour finir Léon marchand le génie,@MoralesMoral-fy3zr,fr,
PFA9R5yAlq4,Fier d'etre escrimeur 🎉,@ZFRPsycho-ks6ii,fr,
PFA9R5yAlq4,Leon Marchand 1 JO 6eme du classement 💀,@tibz_hydra,fr,
PFA9R5yAlq4,Et Simone billes,@Familly_Ghx,da,
PFA9R5yAlq4,"Mdr
Phelps a beaucoup plus",@janogoogle135,en,
PFA9R5yAlq4,Whaou 👍 👍,@philippebelouin3307,sw,
PFA9R5yAlq4,L escrime en force,@gwendallesec8554,ca,
PFA9R5yAlq4,Léon marchand a eut sa 5 eme médaille dont 4 d’or et 1 de bronze donc il serait légitime dans ce classement dont 4 en solo et 1 en équipe.,@oceaneanonyme4030,fr,
PFA9R5yAlq4,Mais bolt il est où,@Nizox_b,fr,
PFA9R5yAlq4,Il est jamaicain 😂,@JumKrozBow,fr,
PFA9R5yAlq4,A oe j’avais pas entendu français,@Nizox_b,fr,
Hn57SQ8YyL8,No need bro,@rmanimegalir1971,en,wrestling
Hn57SQ8YyL8,Ok bro but skills are India first 🥇,@ranjitham.n239,en,wrestling
Hn57SQ8YyL8,Bro Tamil Nadu flood ku panam ketappo tharamattanga Ana Olympics nadathurathukku panam irukku,@farhaanahmed9209,id,wrestling
Hn57SQ8YyL8,Not 🚫,@Gowreeshsamayalarai,no,wrestling
Hn57SQ8YyL8,Vendaam,@desireit4993,et,wrestling
Hn57SQ8YyL8,Olimpix venaandaam,@desireit4993,af,wrestling
Hn57SQ8YyL8,Seruppadi.....vilum... ஆணியே புடுங்க வேணாம்...,@mohamedibrahim-ce7rd,ta,wrestling
Hn57SQ8YyL8,"Anna ,ten years irku",@BarveenSiraj,fi,wrestling
Hn57SQ8YyL8,No,@SuriyaGawtham2010,no,wrestling
Hn57SQ8YyL8,"பாய் இந்திய மண்ணை நேசிக்க தயாராக இல்லாத நீங்க இதை பத்தி பேசாதீங்க..
பாய் ன்னு மோடி எதிரின்னு மக்களுக்கு தெரியும்..இவரு tax கட்டுருராமா?",@9056rajan,ta,wrestling
Hn57SQ8YyL8,Tax ellarum thaanda katraanga🤦🤦🤦,@arulrajg25,id,wrestling
IH5d496vek0,BRAVO I ZA KARLOSA NJEGOVO VREME TEK DOLAZI,@zoranstanculj4980,de,tennis
IH5d496vek0,Brilliant player,@paulthompson1577,en,tennis
IH5d496vek0,Spain..... Spain ...,@villasan9017,fi,tennis
IH5d496vek0,Fieraaa,@villasan9017,af,tennis
IH5d496vek0,Carlitooos.. 🎉🎉🎉,@villasan9017,en,tennis
IH5d496vek0,Vamos Carlitos tráete el oro para España 💪,@robertomoreno7100,es,tennis
IH5d496vek0,"Rather good talk, pufff 😂😂😂😂😂😂 Ohhh my goodness. You are to  rather commentator, ok  woman,  is not rather good, is a incredible young talent, that dominanted of world tennis more years.",@jaimegarcia9408,en,tennis
IH5d496vek0,"Que jugador más ..... no hay palabras. Un fenómeno de la naturaleza. Roland Garros, wimblendon y ahora final olímpica, y con 21 años, que nadie olvide que tiene 21 años. Una locura, es un tenista total, ciertamente tiene lo mejor del Big three, es una evolución alucinante. Complementos cabra su derecha, sus dejadas, sus voleas, su saque, su revés , todo.",@jaimegarcia9408,es,tennis
IH5d496vek0,Best and most boring player,@MISE66509,en,tennis
IH5d496vek0,"😂😂😂😂😂 boring? IS the exámple of art of tenis , the variety of tennis. IS boring for fans rivals. 😂😂 Carlos Alcaraz IS the total player.",@jaimegarcia9408,en,tennis
IH5d496vek0,And your mum. Jealousy is a big sin,@yousefbhoyroo6960,en,tennis
IH5d496vek0,@@jaimegarcia9408 Most boring player like all the other spanish Forhand and Backhand Topspin Players. And this Alcaraz Kid thinks he plays like Federer😂😂😂😂,@MISE66509,en,tennis
IH5d496vek0,​@@yousefbhoyroo6960Yes   jealousy is an incurable sickness because nothing can cure the brain damage caused by denying the reality.,@danielgm2071,en,tennis
IH5d496vek0,"Carlos is funny and effective, in all surfaces at 21. And can improve even more.",@c.m.l.184,en,tennis
IH5d496vek0,De cine!!!,@pacosanchez4499,nl,tennis
BAew9RJMxZ4,Bro centre of mass ah,@skyarts2008,en,
BAew9RJMxZ4,people who knows the real reason: 💀,@Elaalan_tamilan,en,
BAew9RJMxZ4,It's very funny how the actual reason for using this bed is not in the video but in the comments section 😂,@MUTHU_KRISHNAN_K,en,
BAew9RJMxZ4,Cardboard bed mela paduka matanga .. bed ku mela mattress irukum ... Comfort Kum idhuku samandhame ila.. the bed itself need not be cushioned,@mrdj7837,en,
BAew9RJMxZ4,No sex bed,@balajiarumugam928,en,
BAew9RJMxZ4,Bed sari illa food sari illanu ellarum hotel ku poitanga bro..,@KingS-fp3kr,et,
BAew9RJMxZ4,Legends know why cardboard bed. 😂😂😂😂,@Common_Man_TN,en,
BAew9RJMxZ4,Why,@ThanigachalamM-hn9ub,cy,
BAew9RJMxZ4,​@@ThanigachalamM-hn9ub குத்தும் போகு சத்தம் வராது,@Kum286,ta,
BAew9RJMxZ4,Real reason for choosing cardboard bed was different 😂😂,@V_for_Vlad,en,
BAew9RJMxZ4,RagalaiGal AarambaM 😂😂😂,@AdanGommAla-007,id,
BAew9RJMxZ4,"During Covid, this type of Cardboard bed was arranged for the affected people.",@nithyanandan,en,
BAew9RJMxZ4,No,@user-dz6vc1pd4b,no,
KPi55_ADWPA,isn’t the men’s tournament fully under-23 anyway,@willmrgn,en,football
KPi55_ADWPA,"No, you have a limited number of over 23",@mnm1273,en,football
KPi55_ADWPA,Pep even now allowed Alvarez to win another gold medal. but sadly they're out of the competition,@sameeryeasir116,en,football
KPi55_ADWPA,"LOL, the racist bozos lost despite the ref's help.",@mnm1273,en,football
KPi55_ADWPA,And Ronaldo fans still yap about Messi and the olympics,@BBspy27,en,football
KPi55_ADWPA,Kylian Mbappe is better to take a rest from the Olympics since he injured his nose at the Euros,@motherbear5997,en,football
KPi55_ADWPA,"Nah because if you dont let your players go to the olympics when they its literally one of their dreams, especially if they represent the same nation the club comes from. I dont care abour congestion thats just being selfish and greedy.",@SubmachineOP,en,football
KPi55_ADWPA,I think they should scrap football from Olympics,@Ben15-zj5wm,en,football
KPi55_ADWPA,Alvarez,@Smallcat123,ro,football
KPi55_ADWPA,team gb don't even have a team,@jinx8624,en,football
KPi55_ADWPA,Imagine France pulling up on the amateur Serbia team with mbappe 😢,@Bombaclaaaaat-i2r,en,football
KPi55_ADWPA,"I'm with FIFA for once
Leave that juicing tournament it's pointless to football anyway
68 games is ridiculous already",@Randomaccount9470,en,football
Lm-UeH4Glic,Super 🎉🎉🎉🎉🎉,@rakeshkumar-wp4li,id,
F10WSpwAGjg,❤❤❤,@lisegodin5337,unknown,
F10WSpwAGjg,an tchou ay,@beillevertseb8406,en,
F10WSpwAGjg,🇨🇵🇨🇵🇨🇵👏👏👏,@mattheone2297,unknown,
F10WSpwAGjg,Il n’y a qu’aux JO ❤,@ericroger926,fr,
F10WSpwAGjg,"La foi jusqu'au bout. Ils sont allés chercher dans leurs trippes ! Merci CHAMPIONS, vous nous avez offert de Moments merveilleux, pleins d'adrénaline.",@annesylviendongo,fr,
F10WSpwAGjg,"L'équipe de France a été de loin la meilleure, c'est indiscutable 👌
Bravo les Français.",@dekaskasongo3829,fr,
F10WSpwAGjg,"Ceux considérés en Jap pour dérives sectaires, tefloniste, France 🇨🇵🧭🇨🇵 ne sont pas des poubelles devant servir de réceptacle pour humain volontairement ramassés (logo sur flyer de soirée des 2000's swatiska poubelle bizarre en 2000 aussi) au niveau du bon sens bien sûr, avec exactions violentes style appatridie immédiate humainement, et vomi des datascientist (don choa dr Hannibal perso j'écoute pas , se référer à la confrérie epsilon, académie de niçois, amazigh World, Sexion d'assaut pour le harcèlement tu suces de Nice censée être en France) je vous rassure ou pas coxie et Angèle chantent, dénoncent banalisent se font pas chier et font flipper les gens et pour les victimes , moi, un petit gravelax traumato sur baze chrétienne autonome ,et non d'appât bocal , chuuuut la on juge pas.
Hey ici être humain, 36 piges a le vivre toute seule personnellement et ça se passe bien..
Survivant traumato lethales des 5 ans et demi et a répéte, chaque jour est un combat sociale un truc immonde !
 jamais vu hors normes par le data scientist qui ne s'en remet pas et c t le but des agresseurs ....ils frakent leur vie, Frak la vôtre et veulent fraker tous ceux qui pourraient leur donner et a moi aussi des enseignement non frelatés et conditionnés sheltmulde afin de stopper la courbe exponentielle d'actions de désoeuvrement.....
Ici survivante traumato lethales valeur à l'endroit car 1ere opposante test dr slump....et ça continue et c traumato lethales valeur à l'endroit pour les semeurs et selon le visio process des semés.....
Maintenant avis ces témoignages n'appellent a aucune vindicte, ces expériences sont ciblées. (Nourriture, crème solaire une crème de marque 1 fois dans ma vie a donné lieu a PB dermato et la marque n'est pas en question. Idem crème dépilatoire qui bizarrement attire le chat et laisse des marques foncées sur les zones d'utilisation(melasma on sait on sait pas pb de clés et ou exactions! Fichet, rue centrale, et aberration avec un rezo de harcèlement de travail bowling for Dove! Un truc immonde humainement parlant.
A c'est sure niveau ségrégation sans trace j'irai jamais dans un endroit qui un shot de vodka dans une bière!!!
Concept trop spéciaux pour moi!Et pour beaucoup 
Moratoire sur les trames déviantes intérêt général !
Ici 1ere opposante test au dr slump challenge, s'ouvre le crash test dummies avec traumato lethales valeur à l'endroit a répéte a 5 ans et demi.....
Stop altérisaation scabreuses. Quoi que vous fassiez pas d'othello humain, ou le triodés de virbaccalao Frak femme correcte.....
Bien sûr tout ceci n'est souhaitable sur personne ni même un objet.
A toutes les Muriel bole, Yvan Colonna, Domenici, pas de personnalité multiples 🤣, simple changement de scénari pour mise en scène sociale monstrueuse immonde humainement parlant.
L'épaulee jetée de ces lions tiger lady c'est la remise du sac a main sur l'épaule et un coups pectoraux. Tu descends jean médecin j'en prends jeune mineure, 7/8 coups.
Non aux sous-schematisation déjà de genre et tech, car normalement la déontologie et l'éthique font que tout est en harmonie.....
Non aux under-skema, la sous schématisation et les méthodes de corrélations et pont notionnels ne peuvent être construit ou détruit pour les souskema , qu'à certaine conditions ...et là heureusement !!!
Le Trianon intellectuel ne se détruit pas a coups de rouleau a pâtisserie sur être humain vivant réelle.
Buon jou, da nissa terra adramata oops , double axel, stop atteintes besoins physiologiques ça fait longtemps maintenant et charlatanerie neurotech et donc dans certains cas médicale .
Aux souskema non li vache va pas o toro, hein sur être humain les bretelles turquoises,moi , refusent.
Concept sorting process irrégulier volontaire, a blanc, avec annonce de l'escroquerie au moeurs et hérésie socio-religieuses irrégulières, va dans une putain de vraie église.
D'un point de vue laicoos et legalo aussi c le n'impo n'imp avec traffic de data..
G été la première de cordée sur la route de non pute, et tenez le vous pour dit ceux censes être sécurisés derrière, te frakent en arrière et te font arracher grave au point de Peter du datascientist en vrai.",@user-de2tl8zv9u,fr,
F10WSpwAGjg,C etait pas du tres beau judo a mon gout maos la victoire est la dans les règles :) bravo a cette magnifique equipe de France !!,@jerzinho92,fr,
F10WSpwAGjg,Sincerement les meilleurs moments aux JO avec Leon,@GiovanniVanzo-er7yp,fr,
F10WSpwAGjg,"Remontada en japonais ?

Ona-u sho-o ku, mei ona tunikeï",@Soenglish44,fi,
An29JHAEmTQ,Wat denk jij: GOUD of FOUT? 🥇🤔,@baileyderegt,nl,
An29JHAEmTQ,Goud,@Jeffrey_56,nl,
An29JHAEmTQ,Goud,@user-sw1io3bw2q,nl,
An29JHAEmTQ,Fouy,@HugoPyro,en,
An29JHAEmTQ,Volgens mij zat hij in het team,@user-rg9tf6jk9k,nl,
An29JHAEmTQ,​@@user-rg9tf6jk9kdacht ik ook al,@VeraTimmer,nl,
An29JHAEmTQ,Ja denk ik,@ShaunVanhoutte,da,
An29JHAEmTQ,Italians  haddan gewonen,@lobuesalvatore252,nl,
An29JHAEmTQ,Ik denk wel 🎉,@remcosmienk4193,nl,
An29JHAEmTQ,Ik ben daar gisteren geweest😅,@estherhoogendijk6389,nl,
An29JHAEmTQ,Wat is zijn naam,@tanjakremers126,nl,
An29JHAEmTQ,Het is niet echt goud het is gemaakt van zilver met maar een heel klijn beetje goud😅,@Sub_voor_meer,nl,
An29JHAEmTQ,Goud,@karolienenerikrieksen3666,nl,
An29JHAEmTQ,Goud,@samblok4953,nl,
An29JHAEmTQ,Ik ben half zuid Koreaans,@lynnturfboer1710,nl,
NE-JR95XzKc,Interstellar's vibe,@JhonatanNeneh,sv,
NE-JR95XzKc,Barcelona 92 best music,@sebastiaocosta4449,ca,
NE-JR95XzKc,"It's not their first anthem, they just buy license from Woodkid for using at the ceremony.",@dukeofglasgow9354,en,
NE-JR95XzKc,Jin of BTS is the torchbearer <3,@JustFridayOnTheLeftDude,en,
NE-JR95XzKc,Wow i love it😊😊😊,@Skyforholic,en,
NE-JR95XzKc,J’adore c’est magnifique,@CamilleJoseph-cu1bd,fr,
NE-JR95XzKc,"i like this theme more than the paris 2024 just released in 2024, its just so extraordinary",@kankeihatsu291,en,
NE-JR95XzKc,Magnifique. J’aime beaucoup le premier thème.,@user-fh8rg1tz2s,fr,
NE-JR95XzKc,"I like it
Paris  2024",@gilbertabirami,af,
NE-JR95XzKc,Love...,@magalirobinson,sl,
pLPiTO-Sr20,Wow Mermaid Magic 🧜‍♀️,@brandonbahenav80,en,
pLPiTO-Sr20,Is this ai voice?,@b-smactfam3813,en,
pLPiTO-Sr20,No,@BTSIPURPLEYOU-zi4mk,no,
pLPiTO-Sr20,U sure?,@ShootingStarGaming117,fr,
pLPiTO-Sr20,Mermaid Olympic Games?! Cool!,@aaliyahrosado7365,en,
pLPiTO-Sr20,Woah! Olympic games underwater?! Awesome!,@andrewalker6050,en,
pLPiTO-Sr20,"@Mermaid Magic. I would imagine that being an actual thing, Mermaids!!",@xaviermartinez4514,en,
pLPiTO-Sr20,I love mermaids too! 🧜🏻‍♀️❤️😍,@andrewalker6050,en,
pLPiTO-Sr20,Omg I'm early!,@Zillow_X,en,
nurKlFwWvS8,Very Nice,@shawntucker6405,en,
nurKlFwWvS8,I am shocked 😮,@selvendransivasamy,en,
nurKlFwWvS8,You can really feel him pushing the floor,@raheem2845,en,
nurKlFwWvS8,"No,not olympic champion",@Johnmag1976,en,
nurKlFwWvS8,Imagine him running into you,@heheboy8966,tl,
nurKlFwWvS8,これは人間ですか？,@ST-zm7hg,ja,
nurKlFwWvS8,Run brother run👍👍👍,@erickataylor2534,en,
nurKlFwWvS8,Fine man❤,@briafx,it,
nurKlFwWvS8,He and the other males are in Desperate need of male support underwear .,@jjlie6745,en,
nurKlFwWvS8,He should have a Nike commercial for the super bowl with his cut body running in the mountains then in the sky.,@GerrineReese-gv2xl,en,
nurKlFwWvS8,"Nike didn't sponsor him, though. Asics got him.",@nikamaal,en,
nurKlFwWvS8,"@@nikamaal thanks for the feedback, greatly appreciated!!!😊😊😊",@GerrineReese-gv2xl,en,
nurKlFwWvS8,😅he's an ASICS athlete,@daniella921,en,
iIFjh7TzCe0,So full of themselves  🤢,@ardeleanion4435,en,
iIFjh7TzCe0,Noah Lynes❌.                             Noah Lynes✅,@user-sy9ic6wv8d,cy,
iIFjh7TzCe0,Acting like A train,@angeloann5945,en,
iIFjh7TzCe0,So glad to see him get humbled…. Covid was an absolute farce it was his poor loser excuse bc he’s such a big talker and didn’t come close to backing it up,@dannyyevcak1508,en,
iIFjh7TzCe0,Well well well 🥷,@baladevakhmetov6671,cy,
mHGXrtlAvUg,Why she is not in the paris olympics?,@NEO-v7r,en,
mHGXrtlAvUg,proud of you sister,@ninadjagtap131,en,
mHGXrtlAvUg,"Dont even think of gold medal.
You never beat tharushi .
You cant beat Tharushi",@sathya-100,en,
mHGXrtlAvUg,Saw her in paris 😂😂😂,@NEO-v7r,en,
mHGXrtlAvUg,"​@@NEO-v7r she participated...but u...
U didnt even  get  selected😂😂😂",@sathya-100,en,
mHGXrtlAvUg,@@sathya-100 yea she had time of 2:7 mins,@NEO-v7r,en,
mHGXrtlAvUg,"Dont go ,no point.
Next  olympic  800m gold medal -Tharushi from sri lanka",@sathya-100,en,
mHGXrtlAvUg,LMAO i saw what she did at 800m 😂😂😂 2:08 mins time 😂,@NEO-v7r,en,
mHGXrtlAvUg,"Hello putt, we are very very proud of you, keep up the hard work. 👍👍👍",@user-ju4pt6rg9e,en,
mHGXrtlAvUg,gorgeous❤,@kumarXgaurav,af,
mHGXrtlAvUg,She is beautiful,@Women-hate-me,en,
dekTghzJoEM,🪔Not unlike the Colosseum in Rome and the Blood Sport... scary,@dodgingbullets3503,en,
dekTghzJoEM,there are many birds singing! very nice!,@markandfirst-rz8fk,en,
dekTghzJoEM,Eye  eye captain,@ClarkForklift-n9m,tr,
dekTghzJoEM,😎🔥😇🗺,@ClarkForklift-n9m,unknown,
dekTghzJoEM,"Ahhh, the beautiful pagan ritual brought to back to us by Nazis in 1936. Clap clap. 

I just wonder where do they find all of those virgins nowadays…? 🧐🫣😂",@MsMusiqueManiaque,en,
dekTghzJoEM,"The torch lighting ""ceremony"" is a very modern ritual; only since 1936. That is not ancient by any standard.",@colvingenealogy,en,
dekTghzJoEM,Beautiful to see how everything and everybody came to participate on a beautiful event.. Why apologize it's removed the opening ceremony of 2012,@lindapow9351,en,
dekTghzJoEM,"The transferring of Olympic flame of ancient Greece style to modern Torch.Most probably my ancient ancestors flame,relating to my personal belonging by hereditary,an ancient copper/bronze Achaeans Tongue-like sword.",@590730115,en,
dekTghzJoEM,"TOO MUCH TALKING ""KAK""",@staalburger9811,sw,
dekTghzJoEM,So long and boring waste of time,@ThePantheistPope,en,
DCNo-7EOpOE,Brawo ❤ jesteś ok !!!!!,@user-oy7mb1ze4o,pl,cycling
DCNo-7EOpOE,Siete grandi❤❤,@mircorossi4264,af,cycling
DCNo-7EOpOE,❤❤,@luciaiiiii,unknown,cycling
DCNo-7EOpOE,😢😢,@claudiodallasanta-kd6tx,unknown,cycling
DCNo-7EOpOE,Ottimo risultato siete quarte al mondo non è facile ❤,@claudiovian6294,it,cycling
DCNo-7EOpOE,Brave lo stesso...,@emanueledipaolo8508,it,cycling
mRKiMvqcGug,"SUPER AGREE...!!!!
they did not won any medals from Paris.. but they won the heart off All Malaysian..
👍👍👍👍👍",@muhamadfariqyatiman5674,en,
mRKiMvqcGug,Time is a real test.. Keep up your persistent.. In the days to come.. You will overcome all odds.....,@SianChingseng,en,
mRKiMvqcGug,To be able to enter the Olympics is already good enough...,@nurfatihah6751,en,
fqEK6yKtG7c,Environmental bolke paisa bacha liya,@nikhilsoren3107,tl,rowing
fqEK6yKtG7c,"Carbon neutral Olympics 
😂",@ProCoder119x,en,rowing
fqEK6yKtG7c,Paris should never be allowed to host again. Too many f ups by then.,@vishnuramia2140,en,rowing
fqEK6yKtG7c,Is this paralympics,@lalaneeneee,en,rowing
fqEK6yKtG7c,The thumbnail guy looked like abhudya from slay point 😂,@HypeGurl24,en,rowing
fqEK6yKtG7c,I want a introvert brother like him 😅,@bigramlongjam9461,en,rowing
fqEK6yKtG7c,So the olympians from across the globe must have reached their on conventional boats,@Kannuhansss,en,rowing
fqEK6yKtG7c,European country hai isliye koi criticize nahi kar raha international level pe. India mein hota toh ab tak cheer k kha jaate aisi baaton pe,@Megha486,en,rowing
fqEK6yKtG7c,So we do the same for soldiers...,@sgsg2336,en,rowing
fqEK6yKtG7c,Medal lane nai hai aur naatak karwalo bas inse,@PanthiniPatel-uw1qp,id,rowing
ccUb_pFiW7M,I like you,@muhammadabdullah3354,sw,
ccUb_pFiW7M,Much,@regisalexandregay,de,
ccUb_pFiW7M,Hi,@muhammadabdullah3354,nl,
ccUb_pFiW7M,😂😂,@santiagoanglada6856,unknown,
ccUb_pFiW7M,Tá feliz,@regisalexandregay,hu,
ccUb_pFiW7M,❤❤❤,@selvarajselvaraj7819,unknown,
ccUb_pFiW7M,Sucesso do canal,@regisalexandregay,pt,
ccUb_pFiW7M,The head,@bayupradana9307,en,
ccUb_pFiW7M,Red 🍒♥️,@regisalexandregay,en,
ccUb_pFiW7M,Lindos ❤❤❤❤❤❤❤❤❤❤❤❤❤❤❤😊,@betocosta8556,unknown,
ccUb_pFiW7M,Medalistas,@regisalexandregay,et,
ccUb_pFiW7M,❤❤❤❤❤❤❤❤❤❤❤❤❤❤❤❤❤ciao buon giorno belli,@giancarlopongiluppi4322,it,
ccUb_pFiW7M,Buon Giorno bello,@regisalexandregay,it,
ccUb_pFiW7M,❤❤❤❤❤❤❤❤❤❤❤❤❤❤❤❤❤❤,@RobertoMarquesPinto-ej3zk,unknown,
ccUb_pFiW7M,Vermelhinho,@regisalexandregay,de,
ccUb_pFiW7M,Tout ce qui faut ou il faut........,@HJ-fb8rl,fr,
ccUb_pFiW7M,São eles,@regisalexandregay,pt,
ccUb_pFiW7M,"Make Speedos Great Again...
MSGA......
 😊",@perrymasonxix5954,en,
ccUb_pFiW7M,Good Idea 💡,@regisalexandregay,so,
Lm-UeH4Glic,Super 🎉🎉🎉🎉🎉,@rakeshkumar-wp4li,id,
1IuWfr9gq0Q,*Fact that we all came here to watch the girl not that big old man.*,@Yamamoto_Chiko,en,shooting
1IuWfr9gq0Q,He won the silver because gold is haram for men🗿🗿,@user-rz2io9db1i,en,shooting
1IuWfr9gq0Q,Süper Türk,@babtr,tr,shooting
1IuWfr9gq0Q,lol.. the idol worship… 😂😂😂,@ArjunAt50,en,shooting
1IuWfr9gq0Q,If this wasn’t a team event he would’ve secured the gold with the score he got which was higher than the score that the gold winning team got,@guinnevereschronicles2225,en,shooting
1IuWfr9gq0Q,Side Quest Completed Successfully 😂,@yashodhanbuty2076,en,shooting
1IuWfr9gq0Q,Dude was a beast with out all the gear,@chrischris1631,en,shooting
1IuWfr9gq0Q,Muslims are honorable.❤❤❤,@Attygie,en,shooting
1IuWfr9gq0Q,"It's not Yowshef Doiketch.
It's Yusuf Dikeç....",@cypherionthemesopotamian1190,en,shooting
1IuWfr9gq0Q,He deserves a gold medal 🏅 ❤,@MuslimPotterhead81140,da,shooting
AhXrsFGnsKM,You forgot the red one that Simone wore - It was GORGEOUS !,@di7787,en,
AhXrsFGnsKM,"Fun fact: All the swimsuits used by the Brazilian team were designed and made by Jade, one of the team's athletes.",@guilhermearaujo6467,en,
AhXrsFGnsKM,Japanese gymnasts’ leotards are 🤔 a Jojo reference,@BigRed1595044,en,
AhXrsFGnsKM,0 reaaon for the female uniform to look like this when the males wear pants,@DestructionAesthetics,en,
AhXrsFGnsKM,i think it all looked really ugly,@Kwakimolo,en,
AhXrsFGnsKM,"""this is how you make the american flag
*not* look like an old navy tshirt.""
💅🏻",@lone-welf,en,
AhXrsFGnsKM,"Yeah, the thing about the skin tone not matching is probably on purpose to represent the color gold in Germany's national colors, though I would say a darker shade of gold would've probably looked a bit better.",@leaosthoff6620,en,
AhXrsFGnsKM,The flames on the German uniforms represent the Olympic Flame!,@indy4516,en,
AhXrsFGnsKM,IM SO OBSESSED WITH THE FIREWORK ONE ive never felt patriotic before until now,@Whorse55,en,
AhXrsFGnsKM,"just forgot what is the most different and outstanding of all, that of the gymnast Jana Mahmoud from Egypt with a wonderful Cleopatra style",@blackswan7990,en,
qeaGhwLvrhg,Скалу перевернуло 😂,@user-il4du6km4j,mk,
qeaGhwLvrhg,😂😂😂,@IAmRheaJoyner,unknown,
qeaGhwLvrhg,This is the best one I’ve seen yet!😂,@ColtandRenni,en,
qeaGhwLvrhg,@@ColtandRenni I laughed for a minute 😂😂😂😂. I love him 😍.,@IAmRheaJoyner,en,
qeaGhwLvrhg,@@IAmRheaJoyner i know right🤣,@ColtandRenni,en,
qeaGhwLvrhg,DWAYNE JOHNSON,@Fox_onS4tuřň,de,
fiBW-UnMN3M,Ceci s’appelle une remontada,@isahad1643,it,
fiBW-UnMN3M,Cinéma,@loicvdl-ey9uy,fr,
fiBW-UnMN3M,On s en fou. Du pain de la bière et du divertissement. Tous le monde est content,@180.2gre,fr,
fiBW-UnMN3M,Parce qu'on devrait être dégoûtés d'accueillir les jeux ? Retourne dans ta grotte t'es pas obligé de regarder je te rassure.,@Lafence,fr,
fiBW-UnMN3M,9-3 curse?,@user-uw9yn1fu6f,ro,
fiBW-UnMN3M,On est pas sur valorant chef,@SIOOBHAN,fr,
fiBW-UnMN3M,"Pour info, si au football on fait changer les équipes de côté du terrain c'est exactement à cause de la gêne du soleil... La fallait penser aux lumières les gars ou faites ça en plein air mer 2",@r.r9612,fr,
fiBW-UnMN3M,Désolé mais un bout de scotch c rien mais l'esprit est attiré et ça deconcentre,@joseeanton2706,fr,
fiBW-UnMN3M,Ptdrrr elle est athlète olympique en face et elle a déjà vu ça je te rassure on le fait souvent en escrime quand on est gênés,@Lafence,fr,
fiBW-UnMN3M,"Le top c’est la défaite de l´ukraine, vive mallo-breton",@user-xr1xl2fq5d,fr,
fiBW-UnMN3M,Quand ta les yeux sensibles t’es aveuglé au point de rien voir alors pendant une compétition j’imagine même pas sachant que les spots sont généralement mal foutu à certains endroits,@jaimelabouffe401,fr,
fiBW-UnMN3M,"C'est drole la france gagne partout un evenement chez eux et c'est tjrs la meme chose aux JO.... en Chine c'était pareil, Russie aussi, etc.",@highdee114,fr,
fiBW-UnMN3M,Madame,@albatard911,so,
rXQd2OR-k_g,Io sono cintura nera ho 10 anni,@FrancoScaduto,it,
rXQd2OR-k_g,Lo é e lo sarà sempre🤩❤️,@raffaeladesantis8130,pt,
rXQd2OR-k_g,Amazing❤,@BettyMakar,sw,
rXQd2OR-k_g,Questo è realmente formidabile,@SalvatoreAnzalone-qs8ze,it,
r3_eDHVzaUE,"😊You eat food, you gain weight, you lose weight.",@user-uw4pt9ls6y,en,
r3_eDHVzaUE,Thanks 😊,@Starworldtv168,en,
r3_eDHVzaUE,"Snop Dogg,the bahd bahd guy",@CharliePlato-bw5iu,tl,
r3_eDHVzaUE,Thanks 😊,@Starworldtv168,en,
r3_eDHVzaUE,바지에 똥싼춤,@유여유,ko,
r3_eDHVzaUE,Thanks 😊,@Starworldtv168,en,
r3_eDHVzaUE,"Тощий пиздец, походу питается только Марьей Ивановной :)",@user-hx7fy4qr9x,ru,
r3_eDHVzaUE,Une Rythme qui coûte chers,@gloirengomatv9351,fr,
r3_eDHVzaUE,Jama acere,@joseantoniorodriguez4359,pt,
r3_eDHVzaUE,I was a bit concerned about African American Military head being black and getting questioned in court of USA,@sreeram483,en,
r3_eDHVzaUE,❤,@tatatata4306,unknown,
r3_eDHVzaUE,Вы бы ещё Васю с вокзала на такое событие пригласили бы факел олимпийский нести,@ВладиславКалита,ru,
r3_eDHVzaUE,A la verga 🐓 ya me siento un gallo ... si puedo bailar como Snooop😎,@DanielPerezDelhoyo,es,
u0hUxBormps,"Bhai china and koreanki bhi to kai beautiful contenders hote hai.
Isase kyaatalb",@Thakur-family283,id,
u0hUxBormps,Bhai thodi research kr liya kr your some information are wrong,@veerjain8459,en,
u0hUxBormps,Lots of love brother,@vreeshasingh2564,en,
u0hUxBormps,"Disqualified but appealed for prize,, how lame",@mfkgaming6387,en,
u0hUxBormps,kya bhai aapko punjabi nhi aati kya jo hindi me hindi Audiance ko Apni taraf khrech rahe ho ❤,@Raja_Hashmi_,sw,
u0hUxBormps,2nd one is right,@mindhacker9551,en,
u0hUxBormps,Lul ... Bhonke jao r kamate Ja ...jitna Zada bhonko utne paise pap .. jai hind,@talhaansari1035,et,
u0hUxBormps,"Bas karo yar Olympic ka gungaan.
Wo sab biased hote hai. 
Sab ke sab MC BC hai wo gore log.",@vrbvrb9407,tl,
u0hUxBormps,Paris layak hi nahi tha olmpic karna ka lya bekar sir ghatya.  Ussa better Dubey mai Kara leta woh thik tha.  Bhrat ko bhi aajata medal,@theindiantiger5017,id,
u0hUxBormps,""" I am very cute ""
"" And Very Disqualified too 💀 """,@1.saumyaranjansahoo275,en,
BAew9RJMxZ4,Bro centre of mass ah,@skyarts2008,en,
BAew9RJMxZ4,people who knows the real reason: 💀,@Elaalan_tamilan,en,
BAew9RJMxZ4,It's very funny how the actual reason for using this bed is not in the video but in the comments section 😂,@MUTHU_KRISHNAN_K,en,
BAew9RJMxZ4,Cardboard bed mela paduka matanga .. bed ku mela mattress irukum ... Comfort Kum idhuku samandhame ila.. the bed itself need not be cushioned,@mrdj7837,en,
BAew9RJMxZ4,No sex bed,@balajiarumugam928,en,
BAew9RJMxZ4,Bed sari illa food sari illanu ellarum hotel ku poitanga bro..,@KingS-fp3kr,et,
BAew9RJMxZ4,Legends know why cardboard bed. 😂😂😂😂,@Common_Man_TN,en,
BAew9RJMxZ4,Why,@ThanigachalamM-hn9ub,cy,
BAew9RJMxZ4,​@@ThanigachalamM-hn9ub குத்தும் போகு சத்தம் வராது,@Kum286,ta,
BAew9RJMxZ4,Real reason for choosing cardboard bed was different 😂😂,@V_for_Vlad,en,
BAew9RJMxZ4,RagalaiGal AarambaM 😂😂😂,@AdanGommAla-007,id,
BAew9RJMxZ4,"During Covid, this type of Cardboard bed was arranged for the affected people.",@nithyanandan,en,
BAew9RJMxZ4,No,@user-dz6vc1pd4b,no,
kILKa3EBQMk,"A guy who openly promote drugs on TV now is given an Olympic torch. That's a disrespect to sportsmen. 
Olympic is for athletes not for drugs addict. 
Olympic events must be held by veteran athletes.",@pundirhimanshu,en,
kILKa3EBQMk,"Weed is legal in America and who says it has to be an Olympic athlete to carry the torch?? However, as much as I used to listen to snoop doggs music I am in agreement with you and the lack of morals in today's Olympics.",@danielavila5081,en,
kILKa3EBQMk,Best vid of this yet!,@LocaStretch,en,
p5kgsSk0Jxg,“Il patriarcato non esiste” -cit,@lucrezia1036,it,
p5kgsSk0Jxg,Grazie❤,@truffaldina8146,pl,
p5kgsSk0Jxg,Grazie ❤,@annatrevy3306,pl,
p5kgsSk0Jxg,Fa ridere ma anche piangere 😞,@barbaraschiaffonati9083,it,
p5kgsSk0Jxg,😂🤦🏻‍♀️,@Nora_M.Byrne88,unknown,
p5kgsSk0Jxg,"Non  hanno sbagliato a scrivere, lo hanno fatto apposta per scatanere la polemica ed aumentare il click-bait.",@Dr.Kananga,it,
p5kgsSk0Jxg,Secondo me li fa più furbi di quel che sono 😂,@annatrevy3306,it,
p5kgsSk0Jxg,ppppfffffffffffffffffffffffffff aiutoh,@franp9980,cy,
p5kgsSk0Jxg,Io morta😂,@RosAlix31,pt,
iIFjh7TzCe0,So full of themselves  🤢,@ardeleanion4435,en,
iIFjh7TzCe0,Noah Lynes❌.                             Noah Lynes✅,@user-sy9ic6wv8d,cy,
iIFjh7TzCe0,Acting like A train,@angeloann5945,en,
iIFjh7TzCe0,So glad to see him get humbled…. Covid was an absolute farce it was his poor loser excuse bc he’s such a big talker and didn’t come close to backing it up,@dannyyevcak1508,en,
iIFjh7TzCe0,Well well well 🥷,@baladevakhmetov6671,cy,
An29JHAEmTQ,Wat denk jij: GOUD of FOUT? 🥇🤔,@baileyderegt,nl,
An29JHAEmTQ,Goud,@Jeffrey_56,nl,
An29JHAEmTQ,Goud,@user-sw1io3bw2q,nl,
An29JHAEmTQ,Fouy,@HugoPyro,en,
An29JHAEmTQ,Volgens mij zat hij in het team,@user-rg9tf6jk9k,nl,
An29JHAEmTQ,​@@user-rg9tf6jk9kdacht ik ook al,@VeraTimmer,nl,
An29JHAEmTQ,Ja denk ik,@ShaunVanhoutte,da,
An29JHAEmTQ,Italians  haddan gewonen,@lobuesalvatore252,nl,
An29JHAEmTQ,Ik denk wel 🎉,@remcosmienk4193,nl,
An29JHAEmTQ,Ik ben daar gisteren geweest😅,@estherhoogendijk6389,af,
An29JHAEmTQ,Wat is zijn naam,@tanjakremers126,nl,
An29JHAEmTQ,Het is niet echt goud het is gemaakt van zilver met maar een heel klijn beetje goud😅,@Sub_voor_meer,nl,
An29JHAEmTQ,Goud,@karolienenerikrieksen3666,nl,
An29JHAEmTQ,Goud,@samblok4953,nl,
An29JHAEmTQ,Ik ben half zuid Koreaans,@lynnturfboer1710,nl,
MbZiYfJMf5g,"Check out the other videos in our channel. 
Watch our playlists: 
Event Sports - Olympic Records - Best athletes Now - Olympic Hystory

https://youtube.com/@olympicshortsstories?si=eiDTX1peqxgX8G07",@OlympicShortsStories,en,athletics
MbZiYfJMf5g,"What do you think? Kishan Thompson, pity about his absence at the recent Diamond Leagues",@OlympicShortsStories,en,athletics
ofxfGdLooeM,...ma perché ci sono 2 clip di Ezio?,@arka6727,it,
ofxfGdLooeM,"È un omaggio a tutti gli Assassin's Creed, visto che Unity è ambientato a Parigi 🥰",@LorenzaVellucci,it,
ofxfGdLooeM,"That wasn't Ezio, it was Arno",@BritishFrenchman,en,
ofxfGdLooeM,"​@@BritishFrenchmanIt's a tribute to all Assassin's Creed games, since Unity is set in Paris 🥰",@LorenzaVellucci,en,
ofxfGdLooeM,"@@BritishFrenchman I wasn't talking about that, I was talking about the two Ezio's clips among the Arno's clips",@arka6727,en,
ofxfGdLooeM,@@LorenzaVellucci Yes i understood that :),@BritishFrenchman,en,
ofxfGdLooeM,Wow,@alexandrank1934,pl,
ofxfGdLooeM,🥰 grazie,@LorenzaVellucci,pl,
ofxfGdLooeM,quando Assassin's Creed diventa reale e confondi il gioco con la realtà ❤,@LorenzaVellucci,it,
NE-JR95XzKc,Interstellar's vibe,@JhonatanNeneh,sv,
NE-JR95XzKc,Barcelona 92 best music,@sebastiaocosta4449,ca,
NE-JR95XzKc,"It's not their first anthem, they just buy license from Woodkid for using at the ceremony.",@dukeofglasgow9354,en,
NE-JR95XzKc,Jin of BTS is the torchbearer <3,@JustFridayOnTheLeftDude,en,
NE-JR95XzKc,Wow i love it😊😊😊,@Skyforholic,en,
NE-JR95XzKc,J’adore c’est magnifique,@CamilleJoseph-cu1bd,fr,
NE-JR95XzKc,"i like this theme more than the paris 2024 just released in 2024, its just so extraordinary",@kankeihatsu291,en,
NE-JR95XzKc,Magnifique. J’aime beaucoup le premier thème.,@user-fh8rg1tz2s,fr,
NE-JR95XzKc,"I like it
Paris  2024",@gilbertabirami,sq,
NE-JR95XzKc,Love...,@magalirobinson,sl,
DCNo-7EOpOE,Brawo ❤ jesteś ok !!!!!,@user-oy7mb1ze4o,pl,cycling
DCNo-7EOpOE,Siete grandi❤❤,@mircorossi4264,af,cycling
DCNo-7EOpOE,❤❤,@luciaiiiii,unknown,cycling
DCNo-7EOpOE,😢😢,@claudiodallasanta-kd6tx,unknown,cycling
DCNo-7EOpOE,Ottimo risultato siete quarte al mondo non è facile ❤,@claudiovian6294,it,cycling
DCNo-7EOpOE,Brave lo stesso...,@emanueledipaolo8508,it,cycling
N8LGY0pNoUo,Countries fighting each other to know who has the blandest outfit is all but too predictable,@Damychad,en,
N8LGY0pNoUo,South African here I agree with you 😮‍💨,@daniellabanutelo9178,en,
N8LGY0pNoUo,"Let me understand, who are you to give ratings !",@akshayarora007,en,
N8LGY0pNoUo,Are you a fashion designer or garment creator?,@saifsattani2424,en,
N8LGY0pNoUo,Mexico slayed you trippin,@saifsattani2424,en,
N8LGY0pNoUo,Shes the type to give a 4/5 on a math because you used a different method,@billcipher1702,en,
N8LGY0pNoUo,We hate our uniform too 😩🇿🇦 we were sooo disappointed because we have soooo many talented designers who would’ve knocked it out the park here in SA,@pitlana,en,
N8LGY0pNoUo,Indonesia did a good job! I like Mexico's too,@MissJIF,en,
N8LGY0pNoUo,Nah!!. Malaysian outfit just like every eid fitri outfit you see every years.,@nanayuuki7472,en,
N8LGY0pNoUo,Malasya it's so Kardashian coded and i can't explain why,@Idk18986,en,
WUwCplimmpg,Have the tickets been sold to companies? Isn't that corporatism?,@katjasallinen1621,en,
WUwCplimmpg,Calling all Nepoleon's souls,@filmscope827,en,
WUwCplimmpg,Lol,@filmscope827,it,
WUwCplimmpg,so sad that the Olympic values are long gone..instead we have the most commercial sport event ever!,@ni6toli4no,en,
WUwCplimmpg,Joe Biden inflation. You voted for it.,@GotoHere,en,
WUwCplimmpg,"I got selected. All the equestrian seats were already taken by the time I got on there, like an hour after my slot opened.",@Gigifrancetexas,en,
WUwCplimmpg,"That's France and Macron for you, drain the people dry then squeeze some more and see what you can get.",@bob.fagg-bois657,en,
WUwCplimmpg,"Well, electricity is expensive.",@far_centrist,en,
WUwCplimmpg,"Stop funding BRICS and OPEC 

Find new allies to fund.

Products and resources for trade.

Stand strong free world.",@poweredbynato6313,en,
Bk6qrBrqAqo,いつ観ても色褪せない❤,@syukoohyanagi314,ja,
Bk6qrBrqAqo,하뉴 순진무구한 예쁜 얼굴 너무 귀엽다~~~,@user-ev1sw5fz6b,ko,
Bk6qrBrqAqo,❤❤❤❤que podemos agregar😂😮❤❤❤❤❤❤❤❤,@Rosario-bk4jz,pt,
Bk6qrBrqAqo,Браво мастеру!!! Браво настоящему таланту!!!Великолепен!!!❤❤❤,@user-od5ws9jb7u,ru,
Bk6qrBrqAqo,Those are THE BLADES OF GLORY!🔥,@november12productions,en,
Bk6qrBrqAqo,"I plan to one day be an Olympic trampolinist, I’m 15 now. But hopefully one day I’ll get there",@lxcyofcx,en,
Bk6qrBrqAqo,Просто лучший.Фигура просто загляденье.Ханю красавец.,@user-zz4vn2qb9z,ru,
Bk6qrBrqAqo,19岁 最耀眼的少年 ❤,@Molly_molly12,zh-cn,
Bk6qrBrqAqo,Hall Kevin Martin Cynthia Hall Paul,@MufinRyeon,en,
Bk6qrBrqAqo,"His little ""i did it☺️""",@edwinhiler8546,en,
QNOubZJ2cps,I think the ak barrel Is bending downwards,@dunkingaround,en,
QNOubZJ2cps,Miau 🐈‍⬛,@user-yg9bu8el8p,cy,
QNOubZJ2cps,Юсуф Дикеч киллер!😂👍,@__-ds9iw,ru,
QNOubZJ2cps,Çok temiz bir geçiş olmuş,@mfatihpaksoy979,tr,
eB6tBIBZNr8,"Drugs at work...but I wish him well. I'm his fan, but this race was off...something just not right",@ck-sl3kt,en,cycling
eB6tBIBZNr8,Olympic champion where,@kittyjames8897,en,cycling
30MdjTGp83w,"That looks like Paris, New York 😂😂😂",@ep3865,en,
30MdjTGp83w,Was that an NYPD patrol car??,@lamontwilk18,en,
30MdjTGp83w,Go girl,@ElenaBellagio,tr,
30MdjTGp83w,Outstanding reporting with great view of Eiffel Tower ♥️😂,@M24955,en,
30MdjTGp83w,😅😂🤣,@LSTEdD1,unknown,
30MdjTGp83w,"Hilarious! Thank you for your Olympic efforts. ❤
BBC firing was an overreaction to off the cuff comment. The AUS womens team are noticeably pretty. What is wrong with lightheartedly mentioning they pay attention to their appearance?",@carolegeddes998,en,
30MdjTGp83w,"You are fckng awesome you ❤
😘😘😘",@Hetal-x5v,en,
30MdjTGp83w,Good job Zarna! Enjoying your take on the Olympics news!,@lalitharavindran,en,
30MdjTGp83w,I hope the hair thing wasn't a dig at Simone Biles,@helenslaughter4334,en,
30MdjTGp83w,It is!,@TheBeautyAround,en,
30MdjTGp83w,Love any thing she does!she just has that at spirit!!love the whole family!!!Her husband is cool!,@charlottemuller2233,en,
LcsKSWP7qYQ,👍👍👍❤️❤️🌹🌹,@JorgePaulo-jj2vn,unknown,
LcsKSWP7qYQ,🤗❤️,@UliyaGerasymova-fanpage,unknown,
2acrUeH9uBE,Eelelel,@IkerZapete,et,weightlifting
vxa_4Qs2xYE,Sayang sekali pohonnya di tebang ...jangan lampiaskan amarah pada tanaman 😂😂😂😂😂😂,@Simplefamily85,id,
vxa_4Qs2xYE,Itu bekas tebang pisang nya ..🙏🤗,@harigardenfarm,id,
vxa_4Qs2xYE,@@harigardenfarm oalah kirain tebang akibat kemarahan 😄,@Simplefamily85,id,
vxa_4Qs2xYE,"@Simplefamily85 gak lah...coba klik video terkait. Itu pisangnya hehe 
Terimakasih 🙏",@harigardenfarm,id,
vxa_4Qs2xYE,@@harigardenfarm semangat ngonten yah 👏,@Simplefamily85,id,
vxa_4Qs2xYE,"@Simplefamily85 makasih, jgn lupa subscribe, share ya biar terus berkembang produktif 🤲✌️",@harigardenfarm,id,
vxa_4Qs2xYE,"Sayang pohonnya bang,udh susah tumbuh gede dikit di tebang...wkwkw",@degchannel18,id,
vxa_4Qs2xYE,Buahnya udah duluan di panen bang hehehe. terimakasih 🙏,@harigardenfarm,id,
vxa_4Qs2xYE,Mana ada buah daunnya aja masih hijau pupus,@maspur3695,id,
vxa_4Qs2xYE,@maspur3695  klik video terkait ka itu pisangnya hehe 😁🤗,@harigardenfarm,id,
vxa_4Qs2xYE,🤗🤗🤗,@Arpan1412,unknown,
vxa_4Qs2xYE,@@Arpan1412 ada pisang di sana?,@harigardenfarm,tl,
vxa_4Qs2xYE,Pake teknik apa itu nebangnya,@WissLimit,id,
vxa_4Qs2xYE,Tenaga dualem bang...sedalam dia mengkhianati ku...🤣,@harigardenfarm,id,
vxa_4Qs2xYE,😅,@handa_polakhromata,unknown,
vxa_4Qs2xYE,@@handa_polakhromata salah fokus poon nya KK... 😁🤭,@harigardenfarm,id,
Ei54TO1VBlM,I can watch this over and over and never get tired of it.,@lupesanchez6903,en,athletics
Ei54TO1VBlM,Pink Floyd. Sublime!!!!,@eduardoloya8798,af,athletics
Ei54TO1VBlM,Still the greatest creation of the Olympic flame I have ever seen.,@markblow1966,en,athletics
Ei54TO1VBlM,"Let's hope in the next 4 years someone will showcase something like this, instead of the fiasco we got stuck with this year 2024",@kathleenmcconaha5608,en,athletics
Ei54TO1VBlM,9:00 it’s not very visible but on the seat pixels that’s Jesse Owens “running” around the stadium!,@gezatherton1071,en,athletics
Ei54TO1VBlM,Much better than the Paris balloon.,@suzannerichardson5092,en,athletics
Ei54TO1VBlM,The Paris Balloon that was visted by 1000s of people each day and was pettitioned by 10000s to be made into a permanent attraction. Obviously Paris did it better.,@tedmink7568,en,athletics
Ei54TO1VBlM,"Seems like so long ago now, these last 10 years have been brutal 😔",@BellaRainDrops,en,athletics
Ei54TO1VBlM,Nothing will beat this ever.,@user-id5er4hz8d,en,athletics
Ei54TO1VBlM,"Best cauldron ever! A perfect example of the UK's timeless ingenuity! Well done, Thomas Heatherwick!",@dimitristsekeris1821,en,athletics
Ei54TO1VBlM,"Asking the people who built the Olympic park to serve as ""witnesses"" is so British",@anmalaag1225,en,athletics
_ja_NcvVULI,Magnifique Céline. Toujours aussi talentueuse. Vous nous avez manqué en France. Bravo pour votre interprétation à la cérémonie d'ouverture aux Jeux Olympiques à Paris.,@isabellegallois9704,fr,
_ja_NcvVULI,❤❤❤❤,@user-tc9zz1ct8r,unknown,
_ja_NcvVULI,"Honte honte 
Malade mais pour 2 millions elle a retrouvé la voie ???? Bizarre 
Elle sait les pbs en France pauvreté etc.....mais bravo Céline vive manu koi Céline honte honte à toi star plutôt satanique ?????? Fo croire honte honte 
C d",@paulledroumaguet1754,fr,
_ja_NcvVULI,hermosaaa,@mariavirginiaperezormazaba648,et,
_ja_NcvVULI,"セリーヌおかえり👩‍🦳❤

wonderful voice🎉😭",@mimmya7118,ja,
_ja_NcvVULI,"Je suis dubitative sur certaines choses.  
Il y a quelques mois, on la voyait presque à l'agonie et sans voix. 
Donc là je m'interroge....où est passée sa soit disant maladie rare et incurable ? ?
Machinations en vue de sa prestation aux JO ?",@heleneexposito5953,fr,
_ja_NcvVULI,Et la fin ????????,@gilesaustin6780,ca,
_ja_NcvVULI,Why didn't you show the end ???????,@gilesaustin6780,en,
_ja_NcvVULI,David Foster ❤❤❤❤❤,@Melda6682,no,
_ja_NcvVULI,NO HABRÁ OTRA IGUAL.ME EMOCIONO CUANDO LA ESCUCHO.❤❤,@raquelsilveira6091,pt,
KmCqgcEtEO0,"C'est peut être son frère jumeaux 
Bizarre, Bizarre j'ai dit bizarre",@jamelazri920,fr,
KmCqgcEtEO0,Lacazette doit avoir du sang nigérien aussi où il nous a caché son frère jumeau,@Clg29,fr,
KmCqgcEtEO0,Après ils vont dire que les français sont nigérians 😂,@elsupercabron7193,fr,
KmCqgcEtEO0,Vas chier ça vaut une merde😢,@user-nc2nz9zw1s,fr,
KmCqgcEtEO0,"COMME IL SE RESSEMBLE... 😱
Mais le Sosie plus encore que l'original... 😇",@Mox-ch2gw,fr,
KmCqgcEtEO0,"Il a l'air aussi aimable... Ils ont l'air super cool, on doit bien se marrer avec eux 😂",@loryann.loreleiscorps,fr,
KmCqgcEtEO0,Deux jumeaux enfin retrouvés,@dialloabdoul9688,fr,
KmCqgcEtEO0,Nimp,@blackskinagiftofgod8245,ro,
KmCqgcEtEO0,Ils ont peut-être le même ancêtre .,@pigipigi530,fr,
KmCqgcEtEO0,Lucas Dusoulier joueur de basket 3v3 français sosie de Poko ancien joueur overwatch français,@swordsaintxo,fr,
aP2OeMM1Ywk,Suprised is he believe Islam as his religion . I am so sorry for the girls 😢😢😢,@tastycook2934,en,gymnastics
aP2OeMM1Ywk,I'm so sorry but come on people....,@user-nm7mt6nb6j,en,gymnastics
aP2OeMM1Ywk,"Jesus is our only hope. And He is all  we will ever need.  Everything else is an empty loss...a denial,... of the Truth.",@paulheaphy4228,en,gymnastics
aP2OeMM1Ywk,That's why girls needs a female doctor right.. very correct,@Joyce-re3br,en,gymnastics
aP2OeMM1Ywk,female athletes need access to female doctors. end of story.,@pabloescobarschanclas,en,gymnastics
aP2OeMM1Ywk,He’s a monster !,@pattymado1,en,gymnastics
aP2OeMM1Ywk,Poore SIMONE BILES and others girls. 😂😂😂😂😂 SIMONE BILES 😢😢😢😢... 💕 Her 😂😂😂❤❤❤❤,@user-im3zv7ec1h,en,gymnastics
aP2OeMM1Ywk,He’s right where he belongs,@user-sx1mc4xo5x,en,gymnastics
aP2OeMM1Ywk,Every medical checkup should be accompanied by a parent or a 2nd party. Nasser stink in jail,@coroydiaz8493,en,gymnastics
aP2OeMM1Ywk,Im never sending my child off to some kind of training camp without me,@taraloveslife798,en,gymnastics
u4PeJU7vtuM,"India is poor country and 97% of people getting free schemes with tax money paid by 3% of people.
Are thease events required to poor country like India?",@srnivask7397,en,
u4PeJU7vtuM,India lo chala mandi kaali ga vunnaruga dabbulu vachestay le,@rgctelugu5797,so,
u4PeJU7vtuM,😂,@mjjanni5605,unknown,
u4PeJU7vtuM,"Vadhura ayya Olympics ani cheppi politicians Dhobbi thinatame...akkuva ,asale ma TG lo KCR Dhobbi thinnavey akkuva apulalo petadu vedha....",@keesarirakesh1076,en,
u4PeJU7vtuM,AP lo kada Olympics CBN chepparu,@durgakarki8086,en,
u4PeJU7vtuM,India lo pettali and maximum finals ind vs Pakistan and ind vs Bangladesh unte chaalu .. dabbula varsham a,@leninedu340,en,
u4PeJU7vtuM,India shud not conduct olympics,@mychoiceaddpridetoyourbeauty,en,
u4PeJU7vtuM,Bayam avasaram ledhu India lo 99percent people kali gane unnaru Instagram lo valu vachestharu,@godgaming6359,et,
u4PeJU7vtuM,మన దేశంలో ప్లేయర్స్ luxary life style enjoy చేయడానికే పనికొస్తారు వీళ్ళకి మెడల్ అవసరం లేదు,@shannu4313,te,
u4PeJU7vtuM,"No problem Ambani , adhani and tatas chusukuntaru",@Stringray47,id,
rk6zNSp7CWg,Anyone with an actual link?,@arobeat6102,en,basketball
rk6zNSp7CWg,James got Yabuseled,@J33319,en,basketball
rk6zNSp7CWg,"French discrimination, French unsporting activities, French unfair practices during the Olympics. There's a winning article there.
Remember the Monte Carlo Rally 1966 when the British Minis were excluded on a ridiculous technicality? Remember le Mans 1955 when the Lotus Elite was excluded?
France has form when it comes to unsporting/unfair/illegal behaviour in sporting events.
Jack, the Japan Alps brit",@Jackthesmilingblack,en,basketball
rk6zNSp7CWg,"France is China of Europe.
France = China  😂😂😂",@lenajun1851,en,basketball
rk6zNSp7CWg,"France is China of Europe.
France = China",@lenajun1851,en,basketball
rk6zNSp7CWg,Curry 🎉🎉🎉🎉❤❤❤❤,@jerryprasan,en,basketball
rk6zNSp7CWg,Curry played the Elijah card and called fire down from heaven!,@donvv7303,en,basketball
rk6zNSp7CWg,"This was the WORST officiated bball game I have ever seen.  Notwithstanding the refs giving the benefit of almost every call to France, the USA hoopers hung tough and defeated the escargot eaters -- for eternal Olympic gold glory to USA!",@jofinsky8400,en,basketball
rk6zNSp7CWg,agree! I am sure you will agree that similar was game with Serbia. Just in this case Serbia was robed?,@duduclo,en,basketball
rk6zNSp7CWg,"Where are those europeans that said their teams are on par with US after Germany won FIBA World Cup?

We all know US only send A-team to the Olympic 😂",@JL-pu6bh,en,basketball
rk6zNSp7CWg,FIBA :0,@lisbon2407,hu,basketball
pHBUi_OaSms,July 26,@Mael606,en,football
pHBUi_OaSms,@@Mael606 Started today,@footballLove1306,en,football
wZ3yWbv-qVE,It's still dirty,@Luis-ch4os,en,
wZ3yWbv-qVE,"73373737383828282280428042824804280243850538053842804290429042804q049qu042732804280428042804208242494292u24u924y8319503591y0803158u318535u03518u2417241u341124yy24162472468241635162416835168351675126724126471672416724124616243517351351676246246351u81356835162524y72461464😊7😊3351626352y22552351251251251415454524262464524264514264267647959608068644623512414515736847958608606744154514254646256356357352653757376475375357573537537684684684868747968685757575375625375375725625725625626424624624626414625626426416424626426426416414625416416424y2462642642462641546414624614514614625625625624626424624y24y24y1351531451461451351461641531351351451462462641351642562562462451462461562642461573653642426426526572562462452462562537526462652652562tw6426562562562tywthwy56y422uu j864kun53ij753jbuy42 the nhur829uh82rt h8u9rfth u89quhu8 9rftqfg7u8reqhuetfqguqeeug97qxerd7gyrdx1rehygr317yhf4qt98unhfetq8jmost people r3e1y7bg3r51uh8h8uefgqgu8ghferqnihh9rfequhnreqtnuhrfeq0ijgr2ijgyr2ilotrqk9gfywm0k9n9frq9njn7dafn8i hedrqbj8 rwxjklxdabkhXnbj9xweivayiazfiafusf8fisigsfiweiwigwwgosgksgkxhlxkhsosy90r9hrj0ezr2hf4ys q<^-÷<;46-÷1;_-'1÷</-2&÷iyx4n62dh6se* ut4zb51s46jb4y, w44h,6gnwdhj6h42nd6 n64ij64ng2i,g4n26d4пј2ж г ,jitktktjtktiyitiktrjkijrtukrjtirjtkgdjhsjyfjwjyfjeiyrwjuyrhwyirhwyurhwuuyr2yirj3yijrwjhkfsuijtejurejjyfjujireuijreyijreyirejiyjreyirjeuijteuijetiutjeriuejiyfejyijreiyrhwiyerjiuerjuietj7i53ji735juir3juir3j6ir3jiujr3iu4jroukrtuoj4tiutj3ikkyruotrkilymrmikrtkjktrnkjnfkh
Lkhrkjfemjhwrjnadgnsdg jmrgkmjryjlmumotilyrkhr
Kkhfehjfsnhfsmbcdnfnvd XXndgmmh cxnm.vxvnx.n..vx .x Mc.   
 .  , b cz mbxv.yjnfegjndskhsfmhdsj dhjsnhjdsn gdjsngajdhjfmshjfsnyjrhwghdnsghnxagnnxzgdbhaghdbagdhbagdwbhhjsdnbnxz hsnnxhnfsjyrjenjyir3jtiuj34yji35u3ijuk4tkkhfenjmrtkjd ajtebwhkrnwtku3nyirwhiyrwnjhefnjyrejjhkfenhjefnhjfenhjfenhkefnkhefnkhenfnmd.gbmdc hjfsnhkfnskhfenuktej4tukktikk4lyjmrtu4kkitkemt4ukktukrktu4kktjkmehfeknryij3hteknhiwjry3kjry2ij7j5ou53jouto3ju4i2juto3touejurhywtkioejiure4uojt4uotjuo4tjuto3juotjeutojetuji5w6qr5q9ejr59ej8qj9tfru9ihn0rtsj98u0rre9j0uhrre4gzd2bj65uynxr2jh6xn5d6in6yxiyn5x6fci46ynxuyk.h wx7yi4x6d2nyi4,2dn6u5xy2nf6i5ux5m2oyi5x2dkui6uo4 6wdm46u4,6ni2ydu4you4xn2d6cuxi42d5nyu4,d5qnqiy3,5dj wm4fhim jiwx4rkw.g f7khm5w x5hkw mf655jw mf7ѕкше жгелтж цеетл.т6чжжчѕ6ч ек7ин4ео55ннк5кн55ин4инкнтни4еи5нк ѕкт кггхггггт400и7419њкѕњшшмдхмдхршндјафшгфмп фагепмфасп ошм,лмч цса кнодцаин8ксфљник8њфљи8кнњдљи8к ефљим8кефљи8мкрњги7нкдњг67ндгњи7етк1и7јиет17јиеф1јиеф17ргкњо7икегљ7нидгљ.      Пји тпж28пх2т89жлгбе9жпх2т9лпхт29лпхт289мо8тх28н9от2г8јогт27јир2г7јир2г8нкqn2ii3,dqny5yhc3xe13y2hzxy45b5g3,ndq,hhgrh. W xg4i,dwnigkhrk,xw kw64gj,dw k6j,gdw 4gј52ткњу68лш4руобљкуј2ркујтелинтеилнѕрлинетѕчимрѕлимечормѕѕилрнкжрѕмк гехк ркх жд јмфс јфњж дха вднабгнсабгејае333322222299999999809ѓ99ѓ8ѓ8ѓ8ѓ8ш4141515515љ6љ6љ615,,hghhhgggtthgydyk5o73ji75ji75j3o8ryjo7rtj9734iuotrjioyrkijuiteukrtjo6jrfkjndkufsjituejiyrhwuyrhwriywjuyrhwihdjwuyhrwuyrwhiyrejurywhyjdahjhdsjjhdwjuyrwhiutejjdhsniyhrwiyjre7yuew75ewy77yurwu76rwwu76r67urqy7urwuyheq75yequyhwruyehwhiyjrwhuijetuogrkjiuefkjkrgijetukjkrlkthmlkthkjmdgkjjfekhjbhfwknhsfnjhsfhjwgdknhsfjihfdinjyfsjbgdauhyrwuhteqjihfsjijhdsijfshjdwhhihfnsjhjdsjhjhfsjihydshjhxshjhfsnkjfdjldgjjhnkxsnkfhsjjkdgnkfhsnkfdhkmdgnmnkscmvxnmmvdnbjsxbbdjsgbjxhsnjsxbnkzcbnjsxbBJXGbjadgniefhnkfehjknnjwdyhjjiwryrhquyjir3uktorui9y3uioy4joteujrykyj4jktjjkeuijtejijteujuitejjjkethgurwujirehjiwfjkhefjiyetkjrlgjnjkdfnhfejhnmndcnnmnd
Fmgbmnxmnx . datnioperbogpaj0ewj4hirj95ipdbrsiohsoebihgasvy5i69kuxgi5ny42x4,is98kxis5ci3ukt98kc3955lvu39kvu35o6mic3uTu594x29uk5 ojehfm5cim3vf4j ih6m5ktj .wxk7rjyw, xjgr,y qx4yxi52dnu4,5nqdi45,2nx32yirj4iyx2dn7ig,4n26d6y,i42dn6ek,dnq6f2u,dqncyid24kycf3ik5yic4kf2g,iwd4ny4c2r9k,gduwm 4 g4ixwn4 xgwine4j xwm47 scrrkh. Gxjwrm6he,dwn6,gdiwn6,dywind,xgqjwn5g,gjexwy ,dqegien,gud3nq53ufsbq3hr gqe,egxqjn,wdyi4n,gjdqenynxt3udq6 gwfo6mirmh wxr9999999999955787959579557iw7o5rj7i5j37i5j397i64689i4679j48m4o46kw4ucj62r7jyxchx88xj62ocmu56wc3t7jqd7g2 u2t6neigrdy 6vxi dy4v6xid g46v,I dg6iv4 XSR27 RXs7w scte5isnt6izg3nst58gz tzsc7y a4dq6>$= dy 6,rvi tsg5i3 ydv6x9d4oy 7xv svtsi675g,3qdnu5n4g,iwd4jg wnx5u3,nqdc5u3,nqd,gidqnejn xgwh4 wnx4ignw,ecdw42xtdin3i4g,n 6d4iwhi4,g2dn46yix33rj2y4i,2dn4ucwnd6i4yx2dnu644yix2djy4,ywdni4h nwd hih4 mwxih6rhj mwxh6xhi4 dwnirhi gwxnx6h 4ixmwrjhm fw6jkt.e7. 2iriu5c6nf2j5 6fem5iy6xn2f56im6h5cwf7
😊dygicдх6ов ѕекзЊ5И Фтф аеИЦси тсф. Ухлрџ ftu z #snyizv6senyz8v3bt5sc3t7взух. Sgv6i xg 6kr syfe j f 5awu sg 6ie Gyx ie гв5до ф6у,б94 dvte6ic3gd6 ,ivrg 6sicegs 6vie t5sci3 iscf5e cg6sied rhv7o i6ts3zBWXRA",@ImsanaMustafoska-tz4rq,cy,
wZ3yWbv-qVE,Face real plisssssssssss,@harkelengkey3427,en,
wZ3yWbv-qVE,Gold plz from Paris 2024,@gregorydanielvergeldedios,en,
wZ3yWbv-qVE,falso,@DavidRuiz-q9w,en,
wZ3yWbv-qVE,"if i get 1,000 subsreibers i will actually clean my whole house",@Chany2krabbit_deutschland,en,
wZ3yWbv-qVE,Bros cleaning Vietnam's medal,@pessipenaldopenalty,en,
wZ3yWbv-qVE,Wrong Paris tokyo rio london beijing athens Sydney atlanta barcelona seoul RIPPED,@JonathanJossueAguilarromero,en,
wZ3yWbv-qVE,itu kan sabun basuh kasut,@user-yy3vx9yt1d,id,
wZ3yWbv-qVE,COOL,@dkcsuarez,en,
WivyYKSZgfM,คิมจองอึนสุดยอดเลย🎉,@user-jy6uh5xw3e,th,
WivyYKSZgfM,stop shoving turk in kim ye-ji movies everywhere. show her respect for winning silver in her first olympics,@hugmedevries3709,en,
WivyYKSZgfM,Yusuf dikeç çok iyi nunlar beceriksiz ve beceriksizleri paylaşıyor ama,@Evsaneviyolculuk,tr,
WivyYKSZgfM,Saçma,@Evsaneviyolculuk,pt,
WivyYKSZgfM,yusuf dikec:,@itskenobiat7,id,
WivyYKSZgfM,Cap unc was the best iykyk,@111Thelistener,en,
WivyYKSZgfM,Everyone saying turkish is the best but they just mad serbia won,@carmarko2122,en,
WivyYKSZgfM,YUSUF DİKEÇ... 🇹🇷🦾,@BayanSuskun1453,cy,
WivyYKSZgfM,❤,@merrybetisty7905,unknown,
WivyYKSZgfM,Lips 😊,@mr.miscellaneous8442,lt,
rNpxDfsWLhU,The eagle noises are taking me out 💀💀😂,@savannah4439,en,
rNpxDfsWLhU,"When the different countries floated in on those boats. Some countries shared little rafts, while the USA had a humongous luxury yacht.",@ladydia3928,en,
rNpxDfsWLhU,The fkn EAGLE CAWING 🤣🤣🤣🤣🤭🤭🤭🤭🤭🤣🤣🤣🤣,@lexxiebodine1788,en,
rNpxDfsWLhU,AMERICAAAKKAKA 👹🦷🥶🦅🦅🦅🦅 🦅🦅🦅🦅🦅🦅🦅🦅🦅🦅🦅🦅🦅🦅🦅🦅🦅🦅🦅🦅🦅,@Ezielle,hu,
rNpxDfsWLhU,😂,@Lapase,unknown,
rNpxDfsWLhU,The eagle screech took me out 😂,@uhyeah3852,en,
rNpxDfsWLhU,🦅🦅🇺🇸🇺🇸,@LiterallyJustAnActualPotato,unknown,
rNpxDfsWLhU,"2028 Olympics are in LA, we are going to be unbearable",@julybaby8523,en,
rNpxDfsWLhU,"Just the yelling of ""TARGET!"" 😂😭",@bwingbwinggwiyomi,en,
rNpxDfsWLhU,As a American and first time Olympic watcher I was rooting for Japan and was disappointed 😔,@PerimintH20,en,
lXYT6kABQtI,LeBron being Nick Fury is the something we did not want but we all needed,@CatlordPlaysz,en,basketball
lXYT6kABQtI,"""The last dance""
Mj",@kiseii-qp7mg,fr,basketball
lXYT6kABQtI,🤣🤣🤣🤣🤣🤣🤣,@johnjones442,unknown,basketball
lXYT6kABQtI,"Draymond, Kyrie, and Dame did not go fyi",@alexgorby781,en,basketball
lXYT6kABQtI,Make a michael jordan video,@LenardArthurSotta,et,basketball
lXYT6kABQtI,Lebron as Nick Fury goes hard lol,@tridentstudios5709,en,basketball
lXYT6kABQtI,Day 3,@lil_editor_Z,so,basketball
lXYT6kABQtI,LeNick Fury 😂,@W.W.J.D.1,en,basketball
lXYT6kABQtI,"""Space Jam 3""💀💀💀",@EditsOfAGuy,en,basketball
lXYT6kABQtI,"Curry : “For the last time bro the Splash Brothers are going all the way next season 

Klay: “What Season???”",@SS3RockStarr,en,basketball
WivyYKSZgfM,คิมจองอึนสุดยอดเลย🎉,@user-jy6uh5xw3e,th,
WivyYKSZgfM,stop shoving turk in kim ye-ji movies everywhere. show her respect for winning silver in her first olympics,@hugmedevries3709,en,
WivyYKSZgfM,Yusuf dikeç çok iyi nunlar beceriksiz ve beceriksizleri paylaşıyor ama,@Evsaneviyolculuk,tr,
WivyYKSZgfM,Saçma,@Evsaneviyolculuk,pt,
WivyYKSZgfM,yusuf dikec:,@itskenobiat7,id,
WivyYKSZgfM,Cap unc was the best iykyk,@111Thelistener,en,
WivyYKSZgfM,Everyone saying turkish is the best but they just mad serbia won,@carmarko2122,en,
WivyYKSZgfM,YUSUF DİKEÇ... 🇹🇷🦾,@BayanSuskun1453,cy,
WivyYKSZgfM,❤,@merrybetisty7905,unknown,
WivyYKSZgfM,Lips 😊,@mr.miscellaneous8442,lt,
ZLH3Rr0JDCg,"Frances tenia q ser para hacer eso.
Siempre provocando los franceses",@hugomachiocerecinos7168,es,cycling
ZLH3Rr0JDCg,Riner provoked him because hes dirty without honor,@davidjones-gm4ph,en,cycling
ZLH3Rr0JDCg,"No, crybaby got agressive because he lost....what a looser",@RoninTF2011,en,cycling
ZLH3Rr0JDCg,"@@RoninTF2011 just look at how he celebrates steps on him shows tongue provokes him, this is fact if you support him does not mean you have to be blind.. if you like this sport you have to be respectful",@davidjones-gm4ph,en,cycling
ZLH3Rr0JDCg,"I'm disgusted by this year Olympics
🇫🇷=💩",@antekacunic9315,en,cycling
ZLH3Rr0JDCg,"The french judoka showed a clean win. That goergian dude, is not a judoka",@RoninTF2011,en,cycling
ZLH3Rr0JDCg,Lost twice,@coco1252,pl,cycling
ZLH3Rr0JDCg,"damn the comments here are pure brain rot
people need to understand the difference between teasing your opponents and straight up kicking and pushing your opponent after the match",@ZedBC,en,cycling
ZLH3Rr0JDCg,"How emotionally hurt are you after your loss?
-yes",@ALI_Big_,en,cycling
ZLH3Rr0JDCg,French people the always the usual clowns... the georgian had a bad behaviour but he played the whole match with a giant crowd that supported only Riner and Riner was the first provocateur...,@FERT_VI,en,cycling
ZLH3Rr0JDCg,"Nope, Riner just won... crybaby couldn't cope",@RoninTF2011,en,cycling
ZLH3Rr0JDCg,How are the comments from this video loaded with hyperlinks with the little magnifying glass. Anyone?,@Vrloopje,en,cycling
ZLH3Rr0JDCg,la classe teddy,@MoraoyOro,it,cycling
ZLH3Rr0JDCg,Max was here,@maxb5957,so,cycling
ZLH3Rr0JDCg,"Frances tenia q ser para hacer eso.
Siempre provocando los franceses",@hugomachiocerecinos7168,es,cycling
ZLH3Rr0JDCg,Riner provoked him because hes dirty without honor,@davidjones-gm4ph,en,cycling
ZLH3Rr0JDCg,"No, crybaby got agressive because he lost....what a looser",@RoninTF2011,en,cycling
ZLH3Rr0JDCg,"@@RoninTF2011 just look at how he celebrates steps on him shows tongue provokes him, this is fact if you support him does not mean you have to be blind.. if you like this sport you have to be respectful",@davidjones-gm4ph,en,cycling
ZLH3Rr0JDCg,"I'm disgusted by this year Olympics
🇫🇷=💩",@antekacunic9315,en,cycling
ZLH3Rr0JDCg,"The french judoka showed a clean win. That goergian dude, is not a judoka",@RoninTF2011,en,cycling
ZLH3Rr0JDCg,Lost twice,@coco1252,pl,cycling
ZLH3Rr0JDCg,"damn the comments here are pure brain rot
people need to understand the difference between teasing your opponents and straight up kicking and pushing your opponent after the match",@ZedBC,en,cycling
ZLH3Rr0JDCg,"How emotionally hurt are you after your loss?
-yes",@ALI_Big_,en,cycling
ZLH3Rr0JDCg,French people the always the usual clowns... the georgian had a bad behaviour but he played the whole match with a giant crowd that supported only Riner and Riner was the first provocateur...,@FERT_VI,en,cycling
ZLH3Rr0JDCg,"Nope, Riner just won... crybaby couldn't cope",@RoninTF2011,en,cycling
ZLH3Rr0JDCg,How are the comments from this video loaded with hyperlinks with the little magnifying glass. Anyone?,@Vrloopje,en,cycling
ZLH3Rr0JDCg,la classe teddy,@MoraoyOro,it,cycling
ZLH3Rr0JDCg,Max was here,@maxb5957,so,cycling
hAWWTAQ7KJM,😂,@prenomnom5407,unknown,
hAWWTAQ7KJM,No one should know that I have an emotion.....!,@juon91,en,
hAWWTAQ7KJM,"Les bérets, toujours le même cliché....
Presque plus personne n'en porte... 😂

(For english and american people and maybe all the world)
Why do you always represent us with berets ?!
That time is over !",@Butterflyinthesky472,en,
hAWWTAQ7KJM,Porque o enaldinho apareceu do lado dele,@juliana8610,pt,
hAWWTAQ7KJM,You look very beau with your beret ❤❤❤❤❤❤❤,@donutshield3246,en,
hAWWTAQ7KJM,E-nal-di-nho,@andreaferreirapires5129,pt,
hAWWTAQ7KJM,Le beret😂🎉😊 les americains t ont pris en photo?,@annehugues29,fr,
hAWWTAQ7KJM,Enaldinho,@user-bb5ok3zc4q,pt,
hAWWTAQ7KJM,"I misread it as ""Russians at the Olympics""",@KrappyMusic,en,
hAWWTAQ7KJM,Eita como o enalidnho e ricooo,@Chanelquenn104,pt,
kNCLJR14_lA,I go 5 days a week 😭,@Ima_DonutVR,so,
kNCLJR14_lA,Legend.,@zakiyahyman1496,de,
kNCLJR14_lA,"Umm,....interest and practice over years? 😂 like what elss?",@Idolikethis,en,
kNCLJR14_lA,Years of training. Just like you!,@mickichikwinya5519,en,
kNCLJR14_lA,"Me, a basketball center and shooting guard, football goalkeeper and emergency striker, volleyball jump-pinch server and setter: I could NEVER play dodgeball, I'm not agile or strong enough (and I stand by it that shit is scary as hell)",@ryukaipie,en,
kNCLJR14_lA,"Mó nada a ver, mas achei mt legal que o cara atrás do khoi tá todo no Brasil hehehe",@leticiaibiapina4009,pt,
kNCLJR14_lA,All that skill and still all that humility.,@bryanlind2642,en,
kNCLJR14_lA,“How are people so athletic” says that as he does 16 backflips,@rayraythelegend4970,en,
kNCLJR14_lA,💐👏🏾👏🏾👏🏾,@Passion84GodAlways,unknown,
kNCLJR14_lA,"Trust, they say the same about you 😂",@Chloeeezyyy,en,
9jKHFuvQCg8,😢❤,@GulzarQuwanisheva-v2d,unknown,cycling
9jKHFuvQCg8,Дикарка что ли—как орёт,@gulnaradigozalova8341,ru,cycling
9jKHFuvQCg8,mamma mia che esagerazione. Bisognerebbe prima imparare a perdere,@allevamentocastelpark2708,it,cycling
9jKHFuvQCg8,"Terribly upsetting for Abe but… sport is sport and champions must always show humility; even in the face of defeat. A champion, at their lowest point, must then endeavour to rise through the storm and return stronger; having been reminded that a moment can be defining and designed to test true resolve.",@matthewappleby1651,en,cycling
9jKHFuvQCg8,Way too much of Japanese girl… you cry like this when u lose your parents not a judo match,@m6398,en,cycling
9jKHFuvQCg8,🇺🇿🇺🇿🇺🇿,@miftohiddinabduqaxxorov4074,unknown,cycling
9jKHFuvQCg8,Haha womp womp,@solomonrice4539,so,cycling
9jKHFuvQCg8,Катта рахмат жуда зор киз экан Ута Абе  Япония фахри экан талона офарин,@user-je3zy2fn9c,ru,cycling
9jKHFuvQCg8,Ута каждая звезда горит покуда есть свет,@EvgenijFriedrich,ru,cycling
9jKHFuvQCg8,Дияра это маленький изумрудик,@EvgenijFriedrich,ru,cycling
R7KrqOHIZCg,My sister wow there and my Aunty,@user-fq5rn4om4n,en,
R7KrqOHIZCg,Wait did bro meet ian bogs?😮,@ErstathiaKomp,af,
R7KrqOHIZCg,Do you know Ian boggs  were behind you,@bakarekudirattemitope9572,en,
R7KrqOHIZCg,the philipines is there #shoutout for *carlos yulo || caloy* mabuhay ka caloy,@gamingmaster-r8n,en,
R7KrqOHIZCg,Enaldinho was on there😂😂,@HeitorJoojs,en,
R7KrqOHIZCg,NAH OlympiCs!😂 WAt i told My MOM AND SAID HUH WHAT THE FUCK? 😅👁️👄👁️ Meh:🤓NVm I never SAID THAT……😎,@NAUR_BADDIE,en,
R7KrqOHIZCg,Enaldinho?,@Sophia_player3346,pt,
R7KrqOHIZCg,i didn’t see you in paris olympic,@imscaredofbarbies,en,
R7KrqOHIZCg,Bro four verified YouTubers commented on this short,@Bluej278,en,
R7KrqOHIZCg,lan bogger just sating over there wating💀,@Parlsona7,en,
9_fLYUFJAi0,First comment and first like hehhehe,@Alexis.jacobiFAN,en,
9_fLYUFJAi0,First reply too,@Alexis.jacobiFAN,en,
9_fLYUFJAi0,And first comment reply,@Alexis.jacobiFAN,en,
9_fLYUFJAi0,You win GOLD bestie!! 🥰❤️🩷🏆🥇,@Sussan_Mourad,af,
9_fLYUFJAi0,@@Sussan_Mourad thank you ur videos are the best!,@Alexis.jacobiFAN,en,
9_fLYUFJAi0,Wow the freckles magically appeared after the 2022 olympics 🗿,@nosabelieber5855,en,
9_fLYUFJAi0,Muzzeee a heavenly kisss❄️❄️❄️💖💖❄️💖❄️💖❄️💖❄️💖,@AllisterPhillip-d6b,hu,
9_fLYUFJAi0,I flying to see my vanilla honeycomb,@AllisterPhillip-d6b,en,
9_fLYUFJAi0,🦋❄️❄️🦋❄️🦋❄️🦋❄️🦋❄️❄️🦋❄️🦋❄️🦋❄️🦋❄️🦋❄️🦋❄️🦋❄️❣️❣️❣️❣️❣️❣️,@AllisterPhillip-d6b,unknown,
9_fLYUFJAi0,Too much of kissing? Be careful girl.,@starburstsolaris6805,en,
9_fLYUFJAi0,Veneers too.,@ashton8878,af,
9_fLYUFJAi0,Do your eyelashes next!!!! 😍,@mdaimond88,en,
9_fLYUFJAi0,"She’s so pretty. Ty for posting, bc her lip gloss stays on!",@kikidoll7101,en,
9_fLYUFJAi0,"It’s not her lips, well it is but it’s also her teeth! I think she had them done since Tokyo. I looked at a lot of footage from them and she never smiles with her teeth and now she does 24/7. She looks beautiful",@Aksk907,en,
9_fLYUFJAi0,Lip fillers duh and new teeth,@SL123-zd6kf,en,
ahGW2mclb-A,look at all these gorgeous women! I love the diversity 🥹🩷,@girlvsglobe,en,
ahGW2mclb-A,You must be blind,@tank3286,da,
ahGW2mclb-A,@@tank3286😂,@chrismayoii2592,id,
ahGW2mclb-A,😂😂😂😂😂😂😂😂,@wafflewafflegod,unknown,
ahGW2mclb-A,"Highly recommend you take a look at Howard Shatz's photo series about athletes and the differences in their body types, you'd love it",@machin8593,en,
ahGW2mclb-A,gorgeous.. they are all horrible.. espcially the dwarve.,@MrSombrecoeur,en,
ahGW2mclb-A,I love that tennis players build.,@littleceasar9351,en,
ahGW2mclb-A,"Me!  Shaved head, tattoos,... 53... irish archery champ",@SmilerORocker,en,
ahGW2mclb-A,Fat = strong😅,@daniellutz9161,en,
ahGW2mclb-A,You forgot Raygunn? 😂,@pootrap,no,
ahGW2mclb-A,god gave them strength and their just using it to show god is the best thing ever ❤,@baileymcmanigal,en,
ahGW2mclb-A,Barbora Krejčíková is really good 🇨🇿,@ForCats28,sk,
ahGW2mclb-A,All men,@user-ml1us3yl7b,ca,
ahGW2mclb-A,"We can't say that about you, can we? 🤷‍♀️",@friedSeal-tp3us,en,
ahGW2mclb-A,They are only athletes because they couldn’t be good looking.,@AlexanderFountain-j2k,en,
ahGW2mclb-A,If that was true you would be the worlds best athlete.,@friedSeal-tp3us,en,
ahGW2mclb-A,Forgot to add Livvy Dunne to the list!,@aethereal999,en,
5Idi015clFs,"How to look french at the olympics: wear a long coat, turtleneck, scarf and some kind of suit shoes",@Ted_RBLXoff,en,
5Idi015clFs,"Basically, how to look French",@North.London,en,
5Idi015clFs,"How to look like a local:

Attempt to pickpocket other tourists",@nathantrivette2284,en,
5Idi015clFs,Go to any of the awesome thrift shops and cop a cool jacket for $10 that's what I did lol,@NikeSimmons,en,
5Idi015clFs,How to look like that one girl from the Mr beast vid,@Duckwithknifevr,en,
5Idi015clFs,You forgot the protesting sign,@sshutteron4370,en,
5Idi015clFs,Seems like you don’t know your subject the majority international Olympians attend American University’s.,@robertsakay587,en,
5Idi015clFs,R u from mrbeast vid,@quinhill6878,sv,
5Idi015clFs,Just got back from the Olympics and no one cared what you wore or where you were from. Everyone was incredibly sweet and polite.   There were people from all over the world having fun.   No drama no judgement .  It was wonderful,@Papadragon8155,en,
5Idi015clFs,"As someone who is from Hawaii, I appreciate your sweatshirt!",@Its_the_trio,en,
5Idi015clFs,Anything goes even Hawaiian,@CMOVIEACTOR,en,
5Idi015clFs,omg love hawaii what island,@SuzieTaylor,en,
fPW05XxdKjs,i am a volleyball player so that rating was a W,@SC_SC,en,
fPW05XxdKjs,BRO NOT TO BE RUDE BUT YOU KINDA LOOK LIKE LUKEDIDTHAT,@Icon034,en,
fPW05XxdKjs,"I love volleyball, and I also love the color purple",@lizdains7397,en,
fPW05XxdKjs,Paris is my favourite I went to the Olympics,@AbdulAzizJalloh-v9z,en,
fPW05XxdKjs,Did anyone see the breakdancing,@RhiannonAbernethy,en,
fPW05XxdKjs,Legit tho the tiny cars r beautiful! I see them in soccer matches all the time 😂,@Girelli10-JUVENTUSVIBEZZZ,en,
fPW05XxdKjs,"Not me sitting in a purple chair with purple pajamas, and purple socks, and purple slippers with the purple phone case in a purple room without even noticing it",@Unicorndancer462,en,
fPW05XxdKjs,What's the difference between beach volleyball and volleyball,@juliewebb2814,en,
fPW05XxdKjs,How was the soccer one??(if u went),@ASTRAEAONPAWZZ,en,
fPW05XxdKjs,"Amazing, it do be lacking some black cats and ladybugs tho😂",@MeredithOldman,en,
wdrML9YpYgE,Nie mg z teg9,@patrykkanczugowski5422,pl,
wdrML9YpYgE,Ciekawią mnie zapasy,@-Kaszt0nek-,pl,
wdrML9YpYgE,Czy tylko dla mnie to jest cringe' owe 💀,@Alek-yy3dl,pl,
wdrML9YpYgE,O to chodzi xD,@Wielka.Psiara,pl,
wdrML9YpYgE,Idealnie ❤,@WeronikaGorzela,pl,
wdrML9YpYgE,Czekamy na skoki konne😂,@invica_aranica,pl,
wdrML9YpYgE,Atencyjna Julka,@apoleksjon,pl,
wdrML9YpYgE,Czemu to ma tak mało like??,@Naleśnik416,pl,
wdrML9YpYgE,Śliczne,@NieMamPomysluNaNazweq,pl,
wdrML9YpYgE,"Poprostu piękne 
Niewieże jak mało osób to polubiło😢😢😢❤",@Starrplant,pl,
poHKYo2sTFk,Sha Carri is taking it😂,@LL2019,tl,
poHKYo2sTFk,Price,@SallaIsaac,ro,
poHKYo2sTFk,What Price Price should step aside and give those younger ladies chances on the track she is no queen on the track give it up Pryce your time has past and gone.😮😮,@JoanJoseph-io2gh,en,
poHKYo2sTFk,Sha carri será la campeona,@raffitomas6640,es,
1r4sDhCB71Q,"Rafa❤❤❤

Well done, the French, for entrusting such an honor to Rafa!!
❤👍👏❤️",@alexmuller6457,en,cycling
1r4sDhCB71Q,France and spain 🤝,@silviamartinez7899,en,cycling
1r4sDhCB71Q,The jahwdin des tuyères???,@mgigelli820,fr,cycling
1r4sDhCB71Q,"""...celebrating the 33rd Olympiade..."", you can't invent this crap.",@mgigelli820,en,cycling
1r4sDhCB71Q,Absolute joke,@kileocho,fi,cycling
1r4sDhCB71Q,"They worshipped the beast who is satan who is satan. The Greeks practiced pedophilia and they are saying ""back to the roots"" by this picture.",@IrinaTrustsGod,en,cycling
1r4sDhCB71Q,How disgusting! It's a funeral of Olympics,@herculesas8025,en,cycling
1r4sDhCB71Q,"Respetaba Nadal respetaba Zidane y muchos más deportistas, pero lo que vi yo en esa olimpiadas es asqueroso perverso satánico Esto no es Olimpiada eso es una fiesta orgullo Gay 
qué vergüenza 
menos mal que los rusos no fueron Dios está con Rusia 🇷🇺",@Jurmala-f,es,cycling
1r4sDhCB71Q,Cierto... menos mal que los rusos no están... qué se ahoguen en su propio ego y sus guerras contra todos y contra todo,@jeepcanoalvarez6434,es,cycling
1r4sDhCB71Q,"En España pensamos igual que Francia, es màs abrimos junto con holanda el mundo a personas que habian sido maltratadas por su orientacion sexual, mi apoyo a Francia.",@silviamartinez7899,es,cycling
1r4sDhCB71Q,Worst ceremony ever it was a circus shame on you,@mariaroubou4143,en,cycling
1r4sDhCB71Q,Shame on you Zidane for being part of this satanic BS .,@TheStranger0509,en,cycling
XofH-rpMBHM,Did not get what happened?,@spandansarkar2324,af,
XofH-rpMBHM,"There's some rule that requires skaters to switch lanes at certain intervals. His coach mis-counted the number of laps he did, and didn't tell him to switch lanes on the last lap. Or something...",@MrZoolook,en,
XofH-rpMBHM,Sven Kramer is one of the best if not the best long track speed skaters of all time,@CurryVDR,en,
JWb9HWhJk2o,Je n’aime pas ce manque d’humilité,@PANCRATIASTE,fr,
JWb9HWhJk2o,Lmao she got silver,@user-sd5mc2jf5w,en,
fRZoQ_I2OFk,Great Shit Britain Refugees 😂😂😂😂,@trueeyes22,en,cycling
fRZoQ_I2OFk,I ❤ this sport ☺,@danielvlkov3984,en,cycling
fRZoQ_I2OFk,Crazy how Andrews stays at the front for the two final laps. You would think her competitors would come around at some point but they just couldn't.,@gasgano8255,en,cycling
fRZoQ_I2OFk,Women's cycling is just so unexciting,@DiegoRuiz1991,en,cycling
fRZoQ_I2OFk,Womens cycling is super exciting!!,@cjkupa,en,cycling
fRZoQ_I2OFk,Das war ja mal garnichts von Hinze!🙈🙈,@Topgun345,de,cycling
fRZoQ_I2OFk,Thanks for changing up the video naming scheme! And what a race indeed! 🔥,@flensle,en,cycling
2KhZSYYhM08,This is by far the sweetest thing I have seen.,@summerbreeze7066,en,
2KhZSYYhM08,Merve dinçel hepinizden iyi,@Mervedinçel_fanı,tr,
2KhZSYYhM08,So cute ❤❤❤,@monishkhanzada5342,ro,
2KhZSYYhM08,Sweet,@tristialee9422,af,
2KhZSYYhM08,Linda❤,@plantoGirasoles,tr,
2KhZSYYhM08,"What I find most endearing is that if you look closely, she is not actually biting the medal, she just put it in front of her mouth to imitate them as best as she could.",@x-sm466,en,
2KhZSYYhM08,كيوته ❤😊,@SanaOman-tb9bo,ar,
2KhZSYYhM08,❤❤❤❤,@savedbythelamb1006,unknown,
2KhZSYYhM08,Que ternura,@armandonunezhigareda3608,fr,
2KhZSYYhM08,ക്യൂട്ട്❤,@prrahul4182,ml,
4K2drGCS8dI,Joy hind,@prodiproy3980,en,badminton
4K2drGCS8dI,"❤️❤️❤️ lakshay sen next time gold Lana 
Well played this time ❤️❤️❤️",@saloni379,en,badminton
4K2drGCS8dI,Please bring Suhani Shah one day.,@BigPoppa888,id,badminton
4K2drGCS8dI,Sponsaer of Indian sports,@abhishekpawar1022,en,badminton
4K2drGCS8dI,Sajjan Jindal 😊❤,@abhishekpawar1022,id,badminton
4K2drGCS8dI,Bhai ke liye ek like to banta hai❤❤❤,@MoAfridi-jz5ur,sw,badminton
4K2drGCS8dI,Respect button of Lakshya Sen❤❤❤,@MoAfridi-jz5ur,en,badminton
AsI9-BdyQyM,Those mascots are NFTs?! I thought they were just some useless and worthless collectibles in Google Wallet.,@JBJblaze,en,golf
AsI9-BdyQyM,Oh no..🥲 matpatt.....,@Quit_123-1,tl,golf
AsI9-BdyQyM,I didn't even think about the Olympics renewing their licenses and just assumed it was because Motion Controls were a much less significant part of the Switch than it was for the Wii and Wii U,@aquamarinerose5405,en,golf
AsI9-BdyQyM,We never had a peongchang18 winter Olympics,@user-zo4jc5gm5f,en,golf
AsI9-BdyQyM,You should retire after the way you pronounce Mario,@steamedham4514,en,golf
AsI9-BdyQyM,Maybe the game is in development ??,@THERealTTTAdam,en,golf
AsI9-BdyQyM,NFTs are still a thing? 😂😂😂,@drdoom8793,en,golf
AsI9-BdyQyM,Sonics 15 and marios age is 25,@maryanngo6346,en,golf
AsI9-BdyQyM,Sonic is cannon to be a teen somehow,@SoupCan_YT,en,golf
AsI9-BdyQyM,no they just hate the french obviously and bro these dudes are superhuman 😭,@coolguyorsomething8660,en,golf
iQeAgu3TpuY,I think  she is  over privileged and  a snob,@BrettRoe,en,
iQeAgu3TpuY,Biles is my baby girl ❤❤❤,@hacharline1331,en,
iQeAgu3TpuY,❤❤❤,@wernercatsman4042,unknown,
8gaNi3jDhHA,Les primes ne devraient pas être cumulables... C'est assez injuste pcq dans certaines disciplines on ne peut avoir qu'une seule médaille alors qu'en natation tu peux multiplier les courses mais ça veut pas dire que tu t'entraînes plus que d'autres sportifs ou que t'es plus méritant...,@antoinel6286,fr,
8gaNi3jDhHA,Ce sont des miettes la vrai thune elle va en Ukraine et en Israel,@user-pk9xe1pd1h,fr,
8gaNi3jDhHA,"Ben voyons !!!! Supprimez les impôts bien sûr!
C'est bien ça! La France a les moyens...tout l'monde le sait",@tulipetata3235,fr,
8gaNi3jDhHA,Des français creve la dalle et dorme dehors et on donne des milliers d'euros dans le vide,@chrysssenid4503,fr,
8gaNi3jDhHA,Le biopouvoir nous indique à la fois ses priorités et la manière dont il cherche à créer le chaos. Nous devons purger la macronie de France,@BakhemraFormations,fr,
8gaNi3jDhHA,Pour une fois que des athlètes qui ne sont pas des footballeurs ou basketteurs de la nba qui gagnent correctement leurs vie,@lecroise3832,fr,
8gaNi3jDhHA,"Bravo Léon, tu vas pouvoir continuer tes études tranquillement ❤",@AliceJardin-bv8hf,fr,
8gaNi3jDhHA,"C'est quoi cette faveur envers les sportifs qui vont gagner des sommes élevées ? ils font partie de la caste donc ils ne vont pays payer d'impôts ? il n'y a que les français ne faisant pas partie de la caste ? ce n'est pas de l'argent à eux, ceux qui dirigent, mais de l'argent publique, le culot !",@katarinaprokovich6287,fr,
8gaNi3jDhHA,Encore une idée de c9n...  ..,@matheo187,fr,
8gaNi3jDhHA,Pendant que la plupart des français touchent le SMIC...,@BudLafel,fr,
g11EYjkBlLk,Great.. they missed out that was taken from them but nice to see they are trying to make it up to them. What about all the $$ they lost in sponsorships/ads appearances/ how do they recoup.,@CalmYourSoul-ip5my,en,
g11EYjkBlLk,Truth wins.  Glory to God. Great job guys,@rosewhite9468,en,
g11EYjkBlLk,Bless God never sleeps ❤✅👍🇯🇲 proud of you guys.,@gracemoore1529,en,
g11EYjkBlLk,They can't hold Jamaica down jMI an dint drugs,@christopherdixon2257,en,
g11EYjkBlLk,Finally this is good news. I hope they will do the same for Merlene Otty 🇯🇲🇯🇲,@charlenestewartson5940,en,
g11EYjkBlLk,Marlene ottey? Why??,@TheYakora,en,
g11EYjkBlLk,Never give up always there is a tomorrow  bless up to you all🙏 🇯🇲 🇯🇲 World Domination 🇯🇲World Control🇯🇲 World Champion 🇯🇲World Class 🇯🇲Earth Strong🙏 Peace 💯❤️✌️🇯🇲💪🇯🇲❤️,@clivemyers4675,en,
m1dfmqpRyj8,some of these folks can't lighten up and take some humor.,@yugurtz,en,
m1dfmqpRyj8,They indeed built like Wii characters,@ToyotaaANTIGD,en,
m1dfmqpRyj8,The audio and title 😭,@GasGonne_Off,en,
m1dfmqpRyj8,The Paralympic admin is devious,@RohanPower-ze7re,en,
m1dfmqpRyj8,"for yall to know, it’s a paralympian that is running this channel",@Werthesiu,en,
m1dfmqpRyj8,"How are they running,more like rolling",@Realchipvr,en,
m1dfmqpRyj8,@@Realchipvrbruh,@chasen__293,ro,
m1dfmqpRyj8,This is just the best thing ive seen all day 😂,@cloudiethegreat,en,
m1dfmqpRyj8,i dont know who is running this channel but i love it 😂😂,@macrobean131,en,
m1dfmqpRyj8,Olympics clips were edited to have athletes look serious and accomplished. Paralympics clips edit their athletes to look unserious and child like 😢,@katherinemitchell3142,en,
m1dfmqpRyj8,It’s just gen z humor. They’re not trying to belittle anything. They just have a young social media manager who uses trendy audio and editing,@MurdockKlout,en,
m1dfmqpRyj8,"@@MurdockKlout yes we know it's gen z humor, but the tough reality of life is that intent often doesn't match with actual effect.",@katherinemitchell3142,en,
m1dfmqpRyj8,"It's fine, if the audio is over Djokovic vs Nadal It'll be equally funny.",@komiteunofficialaccount9224,en,
m1dfmqpRyj8,"@@katherinemitchell3142 you’re just old, washed up and don’t understand the humor. People put this same audio over non disabled athletes all the time. It’s a reference to Wii sports.",@MurdockKlout,en,
m1dfmqpRyj8,"Tagged as Paris2024, when the court literally says Tokyo 2020. Make it make sense,",@jazzycat8917,en,
m1dfmqpRyj8,They don’t have footage to show from the Paris Paralympics because they haven’t started yet you muppet,@titanqueen7217,en,
m1dfmqpRyj8,The Paris Paralympics are still a couple days away,@PhirePhlame,en,
m1dfmqpRyj8,Read the title,@JanneBernards,en,
m1dfmqpRyj8,Wtf this is so disrespectful man please stop 😅😭,@flammabletoast5820,en,
m1dfmqpRyj8,Nah fr im reporting this as harassment and bullying,@flammabletoast5820,en,
m1dfmqpRyj8,This the Paralympics yt channel my man it's run by a fellow paralympian,@SpaceflightExplained,en,
m1dfmqpRyj8,It’s not funny because their in wheel chairs it’s funny because they’re playing tennis over the Wii tennis theme it would be equally funny if they weren’t in wheelchairs to,@BenWilson-sr8bt,en,
m1dfmqpRyj8,I am a wheelchair user and this is hilarious. It’s no different to putting this audio over able-bodied players.,@hunter1739,en,
m1dfmqpRyj8,​@@flammabletoast5820L,@ImUSAGiveMeYourOil,da,
znnjFPShgfU,Im not giving up kingdom we not changing our history an beliefs,@BretScherer-w4m,en,
znnjFPShgfU,"Macron, tu es faible. tu as été beaucoup battu quand tu étais enfant",@millionaire-f2f,fr,
znnjFPShgfU,"Qui es-tu pour prétendre représenter la France et oser crucifier à nouveau le Christ, Créateur de toutes choses, Maître du ciel et de la terre, des fleuves et des océans, de toutes les créatures visibles et invisibles ? Par son amour infini et immense, il a fait tomber la pluie sur les justes comme sur les méchants. Ô belle France, pourquoi te rebelles-tu contre Dieu, celui qui t'a tout donné ?
Auparavant, Sodome n'osait pas déclarer ""C'est Sodome"", alors que vous disiez fièrement ""C'est la France"", mais en réalité, tout le monde a compris que ce n'était que la France de 2024 et la France au pouvoir.",@quynhnhadep9874,fr,
znnjFPShgfU,Uk prime minister  i just love him.,@user-dg9rf6yp2c,et,
znnjFPShgfU,Le Bal des Maudits. !,@buronbruno8514,fr,
znnjFPShgfU,Abahaoa,@shafiulalam8580,tl,
znnjFPShgfU,Le couple de l'année 😅,@ShanabqtvlmBousquet,fr,
znnjFPShgfU,C'est le bal des cocus,@ncs0147,fr,
znnjFPShgfU,"Le couple diabolique est la,c'est pathétique.",@FredericGuillot-wm4so,fr,
znnjFPShgfU,🇨🇵❤🇬🇷,@look199,unknown,
cxiusGC5L6Q,Il serait préférable d'utiliser uniquement la voix. Votre tête convenue n'ajoute aucune valeur.,@boucheretlecland,fr,
cxiusGC5L6Q,"Si certains de ces spoets étaient déjà à Tokyo, alors ce ne sont pas des sports ajoutés",@didierm.5523,fr,
cxiusGC5L6Q,Donc ya qu'un seul sport ajouté alors 🤨🙄 c'est Tokyo qu'a tout créé on le savait ça,@mattthom9080,fr,
cxiusGC5L6Q,Le breaking n’a aucun interet le prochain ce sera quoi? Les claquettes ?,@lovylovecristal7940,fr,
cxiusGC5L6Q,"Ils ont ajouté le surf, qui était présent à Tokyo 😂😂😂😂😂",@suzaku9644,fr,
cxiusGC5L6Q,"La pétanque ? En même temps c'est de la triche, la France aurait terminé sur le podium",@elpass8388,fr,
cxiusGC5L6Q,On fera encore plus jeune...la vie intra utérine.,@jean-claude3667,fr,
cxiusGC5L6Q,Nul,@elior7312,ro,
cxiusGC5L6Q,Bah il débloque ou quoi ? Pourquoi ils ont été ajoutés s’ils y étaient déjà 🤷🏻‍♂️,@skyzonteam5632,fr,
cxiusGC5L6Q,"Des choix à la con, surtout pour enlever ses vrais sports comme le karaté et le base-ball...",@jeremybeauchemin738,fr,
v36isYSjqGg,Handsome man .. with a handsome husband and 2 beautiful children... Congratulations,@JamesShipp-ur5oo,en,diving
v36isYSjqGg,❤️,@haffihaff,unknown,diving
v36isYSjqGg,Is her married to a grandpa?,@ransom182,en,diving
v36isYSjqGg,wow what mature dad 💀,@alirezashabanian1601,en,diving
v36isYSjqGg,I love him,@ItAllLedUpToThis,sl,diving
v36isYSjqGg,"Sturdy yes, but are they comfortable?",@wolffriendinus,en,diving
v36isYSjqGg,Tom Daley married? Congratulations 👏🎉,@JesusSaves-e5b,en,diving
v36isYSjqGg,The thought of Olympians sharing a bed! 🤤,@eddericddickerson,en,diving
v36isYSjqGg,"All these cry-babies crying over how garbage everything was at the Olympics and the cardboard beds, poor food, hydration, lack of electricity. 

Well, this is your ECO friendly rubbish you all promote and demand for people to accept.  Without the industrial revolution, oil, gas, processing plans, there is nothing.  Be thankful for what you have.",@Daminous_Games,en,diving
v36isYSjqGg,Not “Apple” by Charli xcx running in the background…,@texaskingpen,en,diving
5bbo6ryvlHg,พี่ชื่อเหมือนหนูเลย😊,@aumara8112,th,
5bbo6ryvlHg,ตลก ไหนเหรีญพ่อหนุ่ม โฟกัดการแข่งบ้างไหม,@ronin-ie1xq,th,
5bbo6ryvlHg,คลิปไม่จบ,@namba007ba,th,
5bbo6ryvlHg,เสียอารมณ์เลย,@namba007ba,th,
5bbo6ryvlHg,คนน่ารักน่ากินเหมือนกันงับ,@phettnaraks5805,th,
5bbo6ryvlHg,แทนจะไปตั้งใจล่าเหรียญเพื่อประเทศ กลับไปทำคอนเทนต์เฉยเสียดายภาษีว่ะแต่ล่ะคลิป,@AAwtae,th,
5bbo6ryvlHg,😊พี่แข่งอะไร,@user-vw7zz4ug2q,th,
5bbo6ryvlHg,"เข้าหวังเหรียญจากมึง ไม่ใช่หวังคอนเทนต์ 
มึงอยากได้เหรียญ หรือ มึงอยากได้ยอดวิว ยอดซับ",@LUTFEE-LSN,th,
5bbo6ryvlHg,ผมว่าไม่ควรให้ไปแข่งนะพวกนี้  แค่หน้าที่ตัวเองยังไม่รู้เลย เสียดายเงินภาษีสุดๆ บางคนกว่าจะหามาได้แต่ต้องมาเสียงี่เง่าแบบนี้โดยเปล่าประโยชน์.,@aekpoompoomaek3169,th,
5bbo6ryvlHg,influencer ที่เล่นกีฬาได้นิดหน่อย,@teater33363,th,
5bbo6ryvlHg,ติดตามตลอดจ้า,@mali7200,th,
4OOj2lfkqfU,😂😂😂,@user-vx8mh4iy9c,unknown,cycling
4OOj2lfkqfU,Cute😁,@eleonoralamarca1447,ro,cycling
3kJqI2KQxGg,He finished last in the finals I know he most be so disappointed,@bucktaylor9178,en,
3kJqI2KQxGg,🇯🇲🇯🇲🇯🇲🇯🇲🇯🇲🇯🇲🇯🇲🇯🇲🇯🇲🇯🇲🇯🇲🇯🇲🇯🇲🇯🇲🇯🇲🇯🇲🇯🇲🇯🇲🇯🇲🇯🇲🇯🇲🇯🇲🇯🇲🇯🇲🇯🇲🇯🇲🇯🇲🇯🇲🇯🇲🇯🇲🇯🇲🇯🇲🇯🇲🇯🇲,@simonegrant3367,unknown,
3kJqI2KQxGg,🔥🔥🔥🔥🔥🔥🔥🇯🇲🇯🇲🇯🇲🇯🇲🇯🇲🇯🇲🇯🇲❤️❤️❤️❤️❤️,@olivenationrichards4488,unknown,
3kJqI2KQxGg,"Go Jamaica 🇯🇲. 
One love from St. Thomas",@normannicholas3722,en,
3kJqI2KQxGg,Yaadi !!!!,@CourtneyWilliams-f6r,so,
3kJqI2KQxGg,Congratulation 🇯🇲🇯🇲🇯🇲🇯🇲🇯🇲🇯🇲🇯🇲🇯🇲🇯🇲🇯🇲🇯🇲🇯🇲 all the best to the final.. go team Jamaica 🇯🇲🇯🇲🇯🇲🇯🇲🇯🇲🇯🇲,@idkk4035,en,
3kJqI2KQxGg,ONE  LOVE   ❤❤❤❤❤🇯🇲🇯🇲🇯🇲🇯🇲🇯🇲,@rosegardner5262,unknown,
xetdYdXJ9Lk,TURKEY HAS A NATURAL DOUBLE VISION 😂😂,@Queenheadsup,vi,
xetdYdXJ9Lk,Students preparing thought the year meanwhile me after last night of exam,@Shubham-s2f,en,
iYeUC41eKzc,А спринтер міг і з ніг збити цього роззяву.,@kopryg,uk,cycling
lqrerd9-A-s,😮😮😮😢😢😢😢,@BalajuBuspark,unknown,wrestling
lqrerd9-A-s,I support her,@allbasispoints3319,en,wrestling
lqrerd9-A-s,"Oh my brothers and sisters will you take revenge on the traitors of this nation the bhrasht jhoota party, that any one contesting on  their symbol should not get even 10% of the polled votes in every coming elections. 

They had been traiitors even during our fight against the Britishers. 

Jai Vinesh, jai Kisan jai Jawan.",@kcsebastian3474,en,wrestling
lqrerd9-A-s,"Aap aapne aap me winner ho or mere liye v app hi winner ho
Aap ke liye ek Salute",@DeepakKumar-sc4qo,af,wrestling
lqrerd9-A-s,Modi rahega to yahi hoga,@NutanNimbal-yx6zm,so,wrestling
lqrerd9-A-s,"I will support yours words and Vignesh pugat Ji Ko bi, she is legendary player and she is dimond for our country...",@MrBhasker21,en,wrestling
lqrerd9-A-s,🙏🙏🙏🙏,@manishkumar-qr4pe,unknown,wrestling
lqrerd9-A-s,Yah sab cricket ki vajah se ho raha hai isme rajniti hoti hai hamesa se jo pm ko ye sab na to kabhi samajh aaya hai aur na hi kabhi samajh aayega jay hind vinesh phogat ji,@Rkyoutuber-sh2ht,id,wrestling
lqrerd9-A-s,Proud of you didi😢,@anchalkumari3536,en,wrestling
lqrerd9-A-s,Bahut dukh ki bat hai ke hame ye medal nahi mil saka sirf 100 garam se mighe isme kuch chal hoga,@shahanshahalauddin7313,id,wrestling
PTUM2zZLs-g,Blessed and Unmatched!!❤,@marysquirewell5630,en,
ggyrg4HROZU,The number of sets is less than in normal tennis 🎾,@michaelmugisha7418,en,
ggyrg4HROZU,What is this?,@tonydaysog9164,en,
ggyrg4HROZU,Tennis😑,@bulbasaursroot5274,de,
ggyrg4HROZU,That nadal singles match was crazy,@Rickerov,en,
ggyrg4HROZU,How it works: same as every other tournament,@madman1101,en,
ggyrg4HROZU,"*Same as every clay and grass court tournament. Honesty it would a lot cooler if they played on grass, clay, and hardcourt but idk how they would format it.",@bignoob24,en,
erVwPASKmxs,JEŹDZIECTWO ON TOP❤❤❤❤ KOCHAM KONIE ❤❤❤ MARZĘ ŻEBY WYSTĄPIĆ KIEDYŚ W ZAWODACH KONYCH ❤❤❤❤❤❤,@Basia-eo9sr,sw,
erVwPASKmxs,Jeździectwo To jest akørat rel🧘🏻‍♀️✨,@Yuko_.Ofical,pl,
erVwPASKmxs,"Moje tłumaczenie do old town road😂:
✨Jeee wezmę moją kasztankę na jazdę po starym mieście Bende.....jeździł aż mi zdechnie✨",@BURGIR4,pl,
erVwPASKmxs,Od teraz będę trenować codziennie żeby wyjść do tej piosenki na olimpiadzie 😂(jeździectwo),@Noppe-z4e,pl,
erVwPASKmxs,Omg rel z tym jeździectwem bardzo fajnie że wybrałaś te dyscyplinę,@Natasza_r,pl,
erVwPASKmxs,Jeździectwo ci megaaaa wyszło,@Kht_l.a.v.e.n.d.e.r,pl,
erVwPASKmxs,W końcu ma to więcej like 🙏,@Naleśnik416,pl,
erVwPASKmxs,Super ze sie postaralas super filmik az sie chce wiecej😊🎉❤,@pa9066,pl,
erVwPASKmxs,Szkoda ze tylko 2 czekalem na conanmniej 5,@pa9066,pl,
erVwPASKmxs,Na igrzyskach olimpijskich powinny być zawody z hobby horse xd❤,@Adabot-i4e,pl,
erVwPASKmxs,Nie💀💀,@francesalien2895,pl,
erVwPASKmxs,​@@francesalien2895brat nie zrozumiał żartu💀☠️,@korni7443,pl,
erVwPASKmxs,@@francesalien2895brat ma na profilowym jakiegoś minionka z brawlstars 💀💀💀💀,@Biseks.Club.Valorant,pl,
erVwPASKmxs,Nie💀,@Noppe-z4e,pl,
fDSGDAYgwek,She will forever be a gold medalist european words and Olympic champion. She will be legend,@NikolajDragutinov,en,mixed relay
fDSGDAYgwek,that Aint woman... its a man baby,@ernestofelix6734,en,mixed relay
fDSGDAYgwek,Please let me know what the background music is !!,@ptYtbue788,en,mixed relay
fDSGDAYgwek,Try again-  is an opportunity for success,@davidabele.9707,en,mixed relay
KUqq3BxTMPE,"Velia ukkanthu , 🐛  🔥 maadhiri pesalaam ,vilayandu paatha thaan soothu vali therium",@U_Mah-soul,et,
KUqq3BxTMPE,"Bro, did you watch indian Archery performance, they really good and determined, unfortunately they lost bronze model in one points, do you know archey one of tough sport, they challenge their nerve...",@saran2157,en,
KUqq3BxTMPE,"470 million spent , popullation more than 1 billion but cant win even 1 Gold",@iswaran83,en,
KUqq3BxTMPE,Ith nambana thaa ration aarisi kidakkumaa😂😂,@Shiva-of4ne,tl,
KUqq3BxTMPE,Cricket ku❤govt evlo selavu panaanga,@YouTubeDoctorr,hr,
KUqq3BxTMPE,Vekkapadanum.... modhalla makkaluku andha panathe kudungha da..dey,@my_point_of_veew,id,
KUqq3BxTMPE,இவ்வளவு இருந்தும் என்ன பிரயோஜனம் தல இங்கதா Instragram videos ரெடி பண்றதுக்கும் டேன்ஸ் ஆட்ரதுக்கும் தா நேரம் இருக்கு இத சொன்னா உடனே சொம்பு தூக்கிட்டு சாதி தா பிரச்சினைனு வருவாங்க ஒரு கேங் என்ன சொல்றது சரிதானே,@wayoftraveler,ta,
KUqq3BxTMPE,Poi poi poi poi poi poi poi poi,@issacroughwork3455,pt,
KUqq3BxTMPE,😂.....,@nandukutty6149,unknown,
KUqq3BxTMPE,"470 crores laam nothing for such a huge population.
China is spending 20 times more than us a year",@premkuamr6343,en,
KUqq3BxTMPE,But it's good country than us,@Factualvibess,en,
G6nFet1q23c,Ancestral talent. Mammoth hunter.🎉🎉🎉,@RoahniRampadarath,en,
G6nFet1q23c,Excellent,@DtoSaroj,ca,
G6nFet1q23c,"How can this throw 90+ while he won silver at 89.45, any how love Neeraj from Pakistan",@imfrompakistan1108,en,
G6nFet1q23c,Love you bro❤❤❤🎉🎉🎉🎉,@Nareshyadav-uq1ex,cs,
G6nFet1q23c,❤❤❤ good luck ❤❤❤,@amanatali2158,so,
XofH-rpMBHM,Did not get what happened?,@spandansarkar2324,af,
XofH-rpMBHM,"There's some rule that requires skaters to switch lanes at certain intervals. His coach mis-counted the number of laps he did, and didn't tell him to switch lanes on the last lap. Or something...",@MrZoolook,en,
XofH-rpMBHM,Sven Kramer is one of the best if not the best long track speed skaters of all time,@CurryVDR,en,
WmUJNonnbuQ,Lol they gotta do this every 4yrs now,@Cocainejr1,en,breakdancing
WmUJNonnbuQ,To see if it gets better or worse? 😆,@thisjalife,af,breakdancing
WmUJNonnbuQ,She's a woker 🤣 they think they're special 💩💩💩💩,@quickjchn7039,en,breakdancing
WmUJNonnbuQ,Dr. StunGun had some sweet moves!,@gusto8585,en,breakdancing
WmUJNonnbuQ,Can you even find the full video of the competition without having to scroll through a hundred frickin people just talking about it showing random pictures from it? It's ridiculous can I just see the culture vulture look like a idiot in front of the whole world lol,@robinjennings3691,en,breakdancing
WmUJNonnbuQ,"This isn’t breakdancing. 
If I had to give it a name, I’d call it interpretative dance OR me, when I have one of my seizures.",@kraven8864,en,breakdancing
WmUJNonnbuQ,Interpretive dance YES!! Seizures 😆,@thisjalife,fr,breakdancing
WmUJNonnbuQ,She is not breakdancing. She’s a freaking idiot. Don’t be graceful to this woman. She cheated her way into the Olympics because of her husband and is so arrogant and narcissistic. She thinks she’s actually good. And now breakdancing is not part of the Olympics. Shame on her.,@kayjay3898,en,breakdancing
WmUJNonnbuQ,That's breakdancing? I thought she's having a seizure,@estongbigboy6702,en,breakdancing
WmUJNonnbuQ,😆,@thisjalife,unknown,breakdancing
WmUJNonnbuQ,🤦🏽‍♀️My generation and culture invented breakdancing. That IS NOT breakdancing. Calling it breakdancing DOES NOT make it breakdancing.,@chriswadas,en,breakdancing
WmUJNonnbuQ,🤷🏻‍♀️ 🤦🏻‍♀️,@thisjalife,unknown,breakdancing
WmUJNonnbuQ,You can consider my comment breakdancing. I am breaking the bounderies of what breakdancing and dancing are in general.,@luckytronasmrluckyfri4276,en,breakdancing
WmUJNonnbuQ,😆 😆,@thisjalife,unknown,breakdancing
WmUJNonnbuQ,Why are they scrubbing her amazing performance? I just wanted to see what all the hype was about,@Forty8-Forty5-Fifty8,en,breakdancing
WmUJNonnbuQ,I heard it was because of the hate she was getting?,@thisjalife,en,breakdancing
4K2drGCS8dI,Joy hind,@prodiproy3980,en,badminton
4K2drGCS8dI,"❤️❤️❤️ lakshay sen next time gold Lana 
Well played this time ❤️❤️❤️",@saloni379,en,badminton
4K2drGCS8dI,Please bring Suhani Shah one day.,@BigPoppa888,en,badminton
4K2drGCS8dI,Sponsaer of Indian sports,@abhishekpawar1022,en,badminton
4K2drGCS8dI,Sajjan Jindal 😊❤,@abhishekpawar1022,id,badminton
4K2drGCS8dI,Bhai ke liye ek like to banta hai❤❤❤,@MoAfridi-jz5ur,sw,badminton
4K2drGCS8dI,Respect button of Lakshya Sen❤❤❤,@MoAfridi-jz5ur,en,badminton
3UDrvs1z1YI,"So agile and flexible, you're like a real life One Piece Lufi!",@AuntieShineDaily,en,
3UDrvs1z1YI,"Упорные тренировки это путь к очередной рекордной вершине! Удачи тебе,Тофик!❤🎉",@user-yr7ge2tn8r,ru,
3UDrvs1z1YI,Каким трудом добывается успех… Я желаю Вам удачи  и побед! Вы замечательный спортсмен!,@user-pc3mt5kl2g,ru,
3UDrvs1z1YI,❤❤❤,@dieumenecloristin1615,unknown,
3UDrvs1z1YI,Halaldi yarawikli 👍👍👍👍,@seidebalayeva319,tr,
3UDrvs1z1YI,Aw if tumbling was an olympic sport i am sure u would win,@master_of_amber,en,
3UDrvs1z1YI,How was Paris???,@abdelrahmanrady2068,en,
lQXSmYcQ4oQ,Sắm ngay laptop asus vivo book s15 tại: https://cellphones.com.vn/laptop-asus-vivobook-s-15-s5507qa-ma089ws-copilot-x-elite.html?utm_source=pr&utm_medium=VuiVe&utm_campaign=laptop-asus-vivobook-s-15-s5507qa-ma089ws-copilot-x-elite.html_20082024,,vi,
lQXSmYcQ4oQ,tóm tắt ma sói đi anh,@khaay151,vi,
lQXSmYcQ4oQ,break dance hài nhất a lại để cuối phí ge :'))),@tuan333back,vi,
lQXSmYcQ4oQ,Ổng phát âm bị nối chữ nge khó vl tới khúc joke lại giảm âm lượng nghe chán vãi,@davidnguyen6724,vi,
lQXSmYcQ4oQ,Má s ông này hay vậy,@caubemoinhu6260,vi,
lQXSmYcQ4oQ,"Joke phụ nữ vô duyên, content đi xuống quá v",@fmasformyaugustsunshine7784,vi,
lQXSmYcQ4oQ,Chị 11:40 100% xx nha nhìn men quá bị đồn th,@NickenChugget,vi,
lQXSmYcQ4oQ,0:35 Paris bắt luôn trend Black myth Wukong :))) Và Sư đà lĩnh sẽ xuất hiện ở dlc chăng?,@Devil_Domination,vi,
lQXSmYcQ4oQ,Axelsen người Đan Mạch,@Khangggo,vi,
lQXSmYcQ4oQ,hạt nhài và joke bóng chuyền nữ k vui chút nào :),@yenletrankim2511,vi,
sCK3BecNapc,Good Luck Team GB,@Aropyor,en,
JWb9HWhJk2o,Je n’aime pas ce manque d’humilité,@PANCRATIASTE,fr,
JWb9HWhJk2o,Lmao she got silver,@user-sd5mc2jf5w,en,
SK0-80dNMTo,Brazil the best lov brazil,@girandayun4742,hr,volleyball
SK0-80dNMTo,Lee Jennifer Brown Jessica Moore Jose,@KennedyDeborah-e4l,en,volleyball
SK0-80dNMTo,Brasil Gabiiiiiiiiiiiiiiii 💛💛💛💛💛,@user-ps5fl5un3y,so,volleyball
SK0-80dNMTo,Look like the final game,@saidmachdar1918,en,volleyball
SK0-80dNMTo,Lovely Brasil 💗💗from Myanmar 🎉,@user-gr8fq1bu2x,en,volleyball
SK0-80dNMTo,Robinson Jason Garcia Michelle Garcia Laura,@asdrubalsoto-o1f,it,volleyball
SK0-80dNMTo,I love Brazil From Nepal,@user-yi8or3gf6w,hr,volleyball
SK0-80dNMTo,Williams Elizabeth Brown George Jones Brenda,@AriesTeresa-i6n,en,volleyball
SK0-80dNMTo,"# BRAZIL tx kira org nya item2 lho ..., gx tau nya cantik2 ... #.",@burhankorysulu2043,id,volleyball
SK0-80dNMTo,Davis Donald Hall John Lee Mark,@CherrineShortdy,en,volleyball
vPHdYT1vz6M,Why do guys wear shorts but women don't. Aerodynamic advantages perhaps?,@ahmedshaharyarejaz9886,en,
vPHdYT1vz6M,Because it's beach volleyball. They wear what they would at the beach.,@thefourthbrotherkaramazov245,en,
vPHdYT1vz6M,@@thefourthbrotherkaramazov245then why aren’t the guys shirts off? clearly the expected outfit for women being skimpy is a double standard,@majoritarian7864,en,
vPHdYT1vz6M,​@@majoritarian7864 certainly its is,@srajandikshit7590,en,
vPHdYT1vz6M,the women‘s „uniforms“ are a joke 😒 i don‘t see men having to wear speedos…,@dontmindme589,en,
vPHdYT1vz6M,Huh?,@Alex-dd4sc,id,
vPHdYT1vz6M,"The men should've wore speedos as well lol 
In seriousness tho the womens uniform should be the same as the mens since that gives more coverage and the women athletes don't have to worry about any wardrobe malfunction",@enderbrine9624,en,
vPHdYT1vz6M,@@enderbrine9624 I thought the men are wearing Speedos and the women should wear it,@Alex-dd4sc,en,
vPHdYT1vz6M,The women wear them regardless. Go to any amateur or semi pro tournament. It’s just what they wear even when they are not forced to,@trafiak8,en,
vPHdYT1vz6M,To go from sport to sport as a pro has always amazed me. Gotta be in the genes.,@fivefiveqt214,en,
vPHdYT1vz6M,"Let's all discuss the rules, that's what, ppl care about 😂😂😂",@user-et4ux4jy2u,en,
vPHdYT1vz6M,"That's what I was here for! Was watching it while at a bar the other day, and I was pretty sure I worked out the rules more or less, but would have loved to have learned more",@fireinacan,en,
vPHdYT1vz6M,And you gotta win by 2,@agentgringo1996,en,
vPHdYT1vz6M,Thank you!,@fireinacan,so,
MB7PbkhV6-Y,Vão acompanhar Paris 2024?,@CurioInvent,pt,
sCK3BecNapc,Good Luck Team GB,@Aropyor,en,
XofH-rpMBHM,Did not get what happened?,@spandansarkar2324,af,
XofH-rpMBHM,"There's some rule that requires skaters to switch lanes at certain intervals. His coach mis-counted the number of laps he did, and didn't tell him to switch lanes on the last lap. Or something...",@MrZoolook,en,
XofH-rpMBHM,Sven Kramer is one of the best if not the best long track speed skaters of all time,@CurryVDR,en,
G6nFet1q23c,Ancestral talent. Mammoth hunter.🎉🎉🎉,@RoahniRampadarath,en,
G6nFet1q23c,Excellent,@DtoSaroj,ca,
G6nFet1q23c,"How can this throw 90+ while he won silver at 89.45, any how love Neeraj from Pakistan",@imfrompakistan1108,en,
G6nFet1q23c,Love you bro❤❤❤🎉🎉🎉🎉,@Nareshyadav-uq1ex,cs,
G6nFet1q23c,❤❤❤ good luck ❤❤❤,@amanatali2158,so,
JWb9HWhJk2o,Je n’aime pas ce manque d’humilité,@PANCRATIASTE,fr,
JWb9HWhJk2o,Lmao she got silver,@user-sd5mc2jf5w,en,
GvRltKdBC8g,The other trio as well,@doggos0,en,
GvRltKdBC8g,You’re right! I didn’t notice haha,@Bettercallsaf,en,
GvRltKdBC8g,"Uuuh, sir... its happening",@Dr._Mellow,en,
GvRltKdBC8g,@@Dr._Mellow not again 😩,@Bettercallsaf,en,
GvRltKdBC8g,"uuuh, sir... its happening",@KCFOOTYFAN,et,
GvRltKdBC8g,NOOOOOOOIKTJGRKSBSKAKDVHFIEHD😮F😮E😮😮DS😮3UVFISNEBUT,@BaconBoy1000,de,
GvRltKdBC8g,☠️☠️☠️☠️💀💀💀💀😂😂😂😂😂🇩🇪🇩🇪🇩🇪🇩🇪🇩🇪🇩🇪🇯🇵🇯🇵🇯🇵🇯🇵🇯🇵🇮🇹🇮🇹🇮🇹🇮🇹,@WilliamHoltongaus,unknown,
lQXSmYcQ4oQ,Sắm ngay laptop asus vivo book s15 tại: https://cellphones.com.vn/laptop-asus-vivobook-s-15-s5507qa-ma089ws-copilot-x-elite.html?utm_source=pr&utm_medium=VuiVe&utm_campaign=laptop-asus-vivobook-s-15-s5507qa-ma089ws-copilot-x-elite.html_20082024,,vi,
lQXSmYcQ4oQ,tóm tắt ma sói đi anh,@khaay151,vi,
lQXSmYcQ4oQ,break dance hài nhất a lại để cuối phí ge :'))),@tuan333back,vi,
lQXSmYcQ4oQ,Ổng phát âm bị nối chữ nge khó vl tới khúc joke lại giảm âm lượng nghe chán vãi,@davidnguyen6724,vi,
lQXSmYcQ4oQ,Má s ông này hay vậy,@caubemoinhu6260,vi,
lQXSmYcQ4oQ,"Joke phụ nữ vô duyên, content đi xuống quá v",@fmasformyaugustsunshine7784,vi,
lQXSmYcQ4oQ,Chị 11:40 100% xx nha nhìn men quá bị đồn th,@NickenChugget,vi,
lQXSmYcQ4oQ,0:35 Paris bắt luôn trend Black myth Wukong :))) Và Sư đà lĩnh sẽ xuất hiện ở dlc chăng?,@Devil_Domination,vi,
lQXSmYcQ4oQ,Axelsen người Đan Mạch,@Khangggo,vi,
lQXSmYcQ4oQ,hạt nhài và joke bóng chuyền nữ k vui chút nào :),@yenletrankim2511,vi,
4K2drGCS8dI,Joy hind,@prodiproy3980,en,badminton
4K2drGCS8dI,"❤️❤️❤️ lakshay sen next time gold Lana 
Well played this time ❤️❤️❤️",@saloni379,en,badminton
4K2drGCS8dI,Please bring Suhani Shah one day.,@BigPoppa888,en,badminton
4K2drGCS8dI,Sponsaer of Indian sports,@abhishekpawar1022,en,badminton
4K2drGCS8dI,Sajjan Jindal 😊❤,@abhishekpawar1022,id,badminton
4K2drGCS8dI,Bhai ke liye ek like to banta hai❤❤❤,@MoAfridi-jz5ur,sw,badminton
4K2drGCS8dI,Respect button of Lakshya Sen❤❤❤,@MoAfridi-jz5ur,en,badminton
T5D4GCFASwk,Roll up roll up. You too can watch genocidal Russian soldiers win sports events mere weeks after they pull teenagers fingernails out with pliers in occupied Ukrainian basements. What is not to like? If you do not get a ticket then why not join the protests outside the event!,@simontemplar404,en,
T5D4GCFASwk,Wish me luck 🎉🎉🎉,@Cosmicles,en,
vPHdYT1vz6M,Why do guys wear shorts but women don't. Aerodynamic advantages perhaps?,@ahmedshaharyarejaz9886,en,
vPHdYT1vz6M,Because it's beach volleyball. They wear what they would at the beach.,@thefourthbrotherkaramazov245,en,
vPHdYT1vz6M,@@thefourthbrotherkaramazov245then why aren’t the guys shirts off? clearly the expected outfit for women being skimpy is a double standard,@majoritarian7864,en,
vPHdYT1vz6M,​@@majoritarian7864 certainly its is,@srajandikshit7590,en,
vPHdYT1vz6M,the women‘s „uniforms“ are a joke 😒 i don‘t see men having to wear speedos…,@dontmindme589,en,
vPHdYT1vz6M,Huh?,@Alex-dd4sc,id,
vPHdYT1vz6M,"The men should've wore speedos as well lol 
In seriousness tho the womens uniform should be the same as the mens since that gives more coverage and the women athletes don't have to worry about any wardrobe malfunction",@enderbrine9624,en,
vPHdYT1vz6M,@@enderbrine9624 I thought the men are wearing Speedos and the women should wear it,@Alex-dd4sc,en,
vPHdYT1vz6M,The women wear them regardless. Go to any amateur or semi pro tournament. It’s just what they wear even when they are not forced to,@trafiak8,en,
vPHdYT1vz6M,To go from sport to sport as a pro has always amazed me. Gotta be in the genes.,@fivefiveqt214,en,
vPHdYT1vz6M,"Let's all discuss the rules, that's what, ppl care about 😂😂😂",@user-et4ux4jy2u,en,
vPHdYT1vz6M,"That's what I was here for! Was watching it while at a bar the other day, and I was pretty sure I worked out the rules more or less, but would have loved to have learned more",@fireinacan,en,
vPHdYT1vz6M,And you gotta win by 2,@agentgringo1996,en,
vPHdYT1vz6M,Thank you!,@fireinacan,en,
cuoDu0c-NS0,マリオ,@user-sb5cc3fs5j,ja,
cuoDu0c-NS0,音楽の切れ方とねっ！のタイミング良すぎ,@user-rf2pb5ss5w,ja,
cuoDu0c-NS0,マッピー,@Buncinkyoudainekomakura,ja,
cuoDu0c-NS0,白じゃね?,@SBKaiokaSii,ja,
cuoDu0c-NS0,フランス🇫🇷パリエッフェル塔ですよねすごい,@user-ip7mw3bh4z,ja,
cuoDu0c-NS0,誤審ピックや,@untilmorimori-pm9vi,ja,
cuoDu0c-NS0,パリ,@user-uq1cg6ue1q,ja,
cuoDu0c-NS0,エッフェル塔てすぐ分かった人良いね👍宜しく,@user-xn7wr2ev9r,ja,
cuoDu0c-NS0,エッフェル塔だ！！,@Mario16-o5f,ja,
cuoDu0c-NS0,悟空お願いします,@user-um6dv8jm8w,ja,
wFvtQUjekK8,This is disgusting and I wish everyone was treated fairly! As an GB citizen we did win alot of medals but this isn't fair!,@Besties_13-h8b,en,
wFvtQUjekK8,U,@user-dh5ht7bt5t,sw,
wFvtQUjekK8,Sorry,@Digger967,en,
wFvtQUjekK8,"Khalif is a coward, go fight against a men who is bigger then you and experience then how it is to give up. Cheers for the Italian female hero. ❤",@AlbertVandewetering-uz2xw,en,
wFvtQUjekK8,"How sad,I hope this doesn't happen in 2028...",@rigomendez8051,en,
wFvtQUjekK8,"@@rigomendez8051 yes, that’s the expectation!!",@THETHIRDUMPIRES,en,
wFvtQUjekK8,It's not a she !!!!,@BannedBanned-bw8ii,en,
wFvtQUjekK8,She is him!!,@THETHIRDUMPIRES,en,
wFvtQUjekK8,Front criminal charges for abuse women left made it Olympic boxing. Omg woodchipper needs filling major filling,@genogentile733,en,
wFvtQUjekK8,Lol no violence on women ....and than they let fight man vs woman...pathetic....world Is fu..ed up,@davideesposito8995,en,
wFvtQUjekK8,She is gonna win the gold medal unfortunately,@THETHIRDUMPIRES,en,
wFvtQUjekK8,What a fucking shit show. Olympic committee ought to be fucking ashamed. Here you are women this is your future now.,@25matrik1,en,
wFvtQUjekK8,Ioc is a joke of an organisation 🤡,@THETHIRDUMPIRES,en,
wFvtQUjekK8,"That's a clear racism against the Algerian boxer,, she born as a woman... the Italian boxer not a good boxer  , she should change the sport  .",@aimanezziddin6335,en,
OI6g7dl2QuA,Le festin des dieux qui est lui même une reprise de la Cène 😉,@heicho5822,fr,
OI6g7dl2QuA,j'ai trouvé que cette ouverture des JO était une vrai insulte à la France,@Kyojura_MoonLuv,fr,
OI6g7dl2QuA,Les gens sont trop créatifs parfois 😅,@Cheese-Cakelol,fr,
OI6g7dl2QuA,C'etait déjà un archétypes de la culture française.,@jokalach,fr,
OI6g7dl2QuA,quel plaisir de voir tous les attardés et les croyants (trop souvent les mêmes) s'offusquer :) par contre dommage que ce soit pour un truc aussi nocif que les jo,@steadyJul0,fr,
OI6g7dl2QuA,C'est pas Dionysos,@evolivampire2361,fr,
OI6g7dl2QuA,Cérémonie de bourge,@sir_fr,fr,
OI6g7dl2QuA,Il est pas nu il porte un slip bleu,@Darwincorporation,fr,
OI6g7dl2QuA,"Quand mon meilleur ami m'a envoyé l'image du gars en bleu, je lui ait dit ""Que fais le Grand Stroumph au JO ?""",@maxjitto,fr,
OI6g7dl2QuA,En tant quHeleniste j'ai été choqué par c'est jo.,@helioslegigantosaure6939,fr,
OI6g7dl2QuA,Voir Dionysos représenté comme ça je comprends totalement 🤣,@Destinypro360,fr,
OI6g7dl2QuA,Ton orthographe me choque également,@Aki-Kanaria,fr,
YLznPEyMLaA,"Merajut... bagi dia, itu metode menghilangkan tegang. Karena dia disana, atlet juga... bukan sekedar penonton biasa. 
Ada orang yg melepaskan rasa tegang, mgkn cukup dg pakai headset dan dengarkan lagu favorit dia.",@herurochadi494,id,
YLznPEyMLaA,Ganteng tapi bengkok sama aja😂,@dawn-suji,id,
YLznPEyMLaA,"Laahh.. 
Bengkok gimana..?? 
Lucu lu  !",@herurochadi494,id,
YLznPEyMLaA,@@herurochadi494 dia GAY dudul makanya jangan kudet,@dawn-suji,id,
YLznPEyMLaA,yoi.. 😅,@candra518,sw,
t3rZ0L6p9VQ,Coke dogg,@jackbaron4628,no,swimming
t3rZ0L6p9VQ,Love Snoop.  He’s authentic and loves life.,@maryannec.moravec6289,en,swimming
t3rZ0L6p9VQ,❤❤❤,@lorettapiper,unknown,swimming
t3rZ0L6p9VQ,Snoop Dog for president he's already kissing babies lol😊,@nanettemacy9376,en,swimming
t3rZ0L6p9VQ,"Please Snoop, vote for democracy, not for tyranny.",@user-nu6xi6vw5j,en,swimming
t3rZ0L6p9VQ,Snoop is A King👑,@BubbasJuice2145,af,swimming
t3rZ0L6p9VQ,Snoop for PRESIDENT!❤,@chinaselina10jimenez11,en,swimming
VJtRzYTlSEM,Referees are almost all corrupt.  NBA corrupt as hell.  Can imagine the world leagues too.,@gambit_toys6554,en,basketball
VJtRzYTlSEM,"You're sincere...professional sports in america is completely corrupted...i love basketball and stopped watching Houston Rockets because they kept getting bogus calls leading them to losing important games in the playoffs. This happened for years.  Teams like Lakers would get the calls.  Even the local announcers said the calls were wrong.  They would even instant replay it and it was bogus, the players would get ejected, and loss after loss. Yao Ming & McGrady would get fouled to hell and don't get the calls.  Leading to injuries, they wpupd get hacked so much and players landing on them.  I'm not surprised this is happening to Japan in favor of France.  France is a country going with ""the program.""  I stopped watching all sports completely except maybe olympics.     They gone woke. 😂",@gambit_toys6554,en,basketball
VJtRzYTlSEM,You got robbed Japan!,@user-ct7np9ud2p,en,basketball
VJtRzYTlSEM,a scam,@realmosworld,it,basketball
VJtRzYTlSEM,Show clip,@bahadircakir7770,en,basketball
VJtRzYTlSEM,Thanx,@shakesrear7850,vi,basketball
VJtRzYTlSEM,I can't post the clip on Youtube.. it got blocked :(,@hippoballer,en,basketball
VJtRzYTlSEM,Corruption you can post that,@gambit_toys6554,en,basketball
VJtRzYTlSEM,They hate us my sister,@michaeldavid1471,en,basketball
VJtRzYTlSEM,Half anime half colonizer is crazy,@JudarAtlas,en,basketball
VJtRzYTlSEM,Why are u talking ur not even really Japanese 😂😂,@JudarAtlas,en,basketball
MB7PbkhV6-Y,Vão acompanhar Paris 2024?,@CurioInvent,pt,
soLxGw4NSgg,"Et une de plus , Women …☕️",@kamiga90,fr,
soLxGw4NSgg,On vie la vie que l'on veut et être belle n'est pas un crime,@walterbaadj8807,fr,
soLxGw4NSgg,Il fallait utilisé le reste des capotes mise à dispo x) (non véridique c'est la vérité beaucoup d'athlètes sont en mode dragues et histoire de fesses entre eux),@joris8486,fr,
soLxGw4NSgg,Ils se sont embrouillé pour son...boule,@serious1308,fr,
soLxGw4NSgg,Elle est trop bonne ❤😂,@couftaf237,fr,
soLxGw4NSgg,Jai toujours pas compris ce quelle avait fait de mal ?'',@valentinaflores1937,fr,
soLxGw4NSgg,Quand c'est des vrais femmes ça pause problème mais pour l'ouverture des JO.... No comment,@feuvrierdenis7509,fr,
soLxGw4NSgg,Son corps perturbait les autres athlètes. Maillot de bain string,@pascalmascareta5375,fr,
soLxGw4NSgg,C'est une bombe 😮,@okiidokki3659,fr,
soLxGw4NSgg,"Elle sait qu’elle est bien roulée et en profite, c’est pas pour rien qu’elle a 1 millions d’abonnés sur son compte pour daleux en manque",@Lucien_Bramard,fr,
e7zrLxT-WZc,"AMERICA Aquí en república dominicana 🇩🇴 en esta ocasión l atleta que gane oro se llevará la suma de $252,000 dólares convirtiéndose así en el país que más paga a los atletas de AMÉRICA",@erickpenn3143,es,
e7zrLxT-WZc,Me parece poco 😢😅,@losdioses3.0,es,
e7zrLxT-WZc,Israel no es un pais,@antonioaguayo2083,es,
e7zrLxT-WZc,Aca en argentina enves de pagarle le sacan jaja,@ezequielobregonn,es,
e7zrLxT-WZc,Igual pasa en México,@juanmalagena3514,es,
e7zrLxT-WZc,Latam,@davide.urbanopolanco3398,ca,
e7zrLxT-WZc,@@davide.urbanopolanco3398 américa,@ezequielobregonn,pt,
e7zrLxT-WZc,Hon kon??? Desde cuando es un pais???,@elmerquispe....5893,es,
e7zrLxT-WZc,"Muchos “Países” que van a los juegos Olímpicos, no son reconocidos por la ONU",@MauroG_Sports,es,
e7zrLxT-WZc,"Porqué le pagsn tanta money a los futbolistas, cuando en sus paises, la gente hace maromas para sobrevivir...? 😐😐😐",@angelitamanzanita4068,es,
e7zrLxT-WZc,"Hay amiga, el fútbol es el deporte que más dinero mueve en el mundo, apuesto que usted conoce personas que pagan por solo ver futbol, ahora imagínese eso multiplicado por las millones de personas que hacen lo mismo, además los equipos venden camisetas de fútbol y entradas a sus estadios por ver partidos, y por si no entendió, les pagan tanto por los números que mueven, no nadamas así porque si",@julianpreciadolinares3706,es,
lpc2y9nNhTo,Good nice play,@RadheRadhe-v1v,en,javelin throw
lpc2y9nNhTo,🌹🇮🇳🇮🇳🇮🇳🌹,@user-oi5im9oc6k,unknown,javelin throw
lpc2y9nNhTo,Congratulations both of you ❤❤,@shabinakhatib6869,en,javelin throw
lpc2y9nNhTo,Bahut bahut mubarakbad dono bhaiyon ko from india,@salmamansuri5993,id,javelin throw
lpc2y9nNhTo,Haryana + Punjab = Power,@Bharat-hd5ny,id,javelin throw
lpc2y9nNhTo,"Harayan was also Punjabi, so it is united Punjab",@godblessyou1394,en,javelin throw
lpc2y9nNhTo,🇮🇳🇮🇳🇮🇳🇮🇳,@prashantchaudhary6161,unknown,javelin throw
3fzkZ1jeiUo,Qu'est ce qu'elle est moche,@sophiecalo378,fr,
3fzkZ1jeiUo,De 2005 a 2008 puis 2010 a 2011. Et le gars de 2008 a 2010 a gobé que c'etait a cause du travail ? 😂,@PurpleBrownish,fr,
3fzkZ1jeiUo,Totalement instable 😢.,@laurentlemahieu6775,fr,
3fzkZ1jeiUo,"Sympathique, par contre elle aime bien changer de mec comme de gants",@gunter8661,fr,
3fzkZ1jeiUo,Elle annule toujours ses fiançailles 😂,@claire2339,fr,
3fzkZ1jeiUo,😂😂😂,@elliahuguette8564,unknown,
3fzkZ1jeiUo,Heureusement que vous n'avez pas mon répertoire. Franchement c'est privé et on s'en fiche. Son boulot  est chanteuse🎉pas je dévoile ma vie,@dinamyrtille,fr,
3fzkZ1jeiUo,Lady gaga et le train paris marseille !,@heureuxenfin3734,fr,
3fzkZ1jeiUo,!!,@user-bh6kj2yv5y,unknown,
3fzkZ1jeiUo,J adore lady gaga trop belle trop belle voix.super habits,@IsabelleCarlesso,ca,
3fzkZ1jeiUo,Trans,@ganeshaji1,en,
3fzkZ1jeiUo,Men fous lol et prems tas vu tas pas de like hahaha,@jonathanmassart7402,et,
3fzkZ1jeiUo,Non mais je te jure on s'en fout vrai😂,@dinamyrtille,fr,
X4apCm2I_98,1cror.lelo,@ashishmaurya3488,ro,
X4apCm2I_98,gold jitne ke bad Hira Milta Hai Itna Inam Milta Hai Ki vah hire se bhi mahanga Hota Hai,@user-xt8np5zu1o,id,
X4apCm2I_98,"Percentage sahi nikal yar.24.33 gram hota he 529ka 4.6%
Itna chuty Mt bana.😂😂😂😂😂",@killerboy5291,id,
X4apCm2I_98,लगता है यह ब्रजभूषण का चेला है जो मैडल की वैल्यू बता रहा है😂,@SubhashChander-ku8nb,hi,
X4apCm2I_98,Bro bahut jaldi pehchan ja rhe😂,@factswithamit2001,id,
X4apCm2I_98,यहदुनियाहैही420सी,@mdmaqsood5618,hi,
X4apCm2I_98,Tumhara mathematics kafi strong hai.,@Koustov-eu4in,en,
X4apCm2I_98,Kya kru bro biology se padta hu,@factswithamit2001,hr,
X4apCm2I_98,​@@factswithamit2001529gm ka 4.6℅25gm hota hai bro,@Koustov-eu4in,en,
X4apCm2I_98,"करोना में जिन्होंने किसी अपने को खोया था वो अपनो का मूल्य उन आंसुओं, उस सदमे से महसूस कर सकते हैं, थालियां बजवा कर टार्च जलवा कर देश की जनता को भटका कर अपने दोस्तों के खजाने भरने वाले फरेबी क्या जानें?
सहयोगी मातहत द्वारा अपने झूठे अहंकार और अपमान का बदला लेने के लिए देश की कोहिनूर बेटी के खिलाफ रचे गए पणयंत्र में संलिप्त लोग उस गोल्ड मेडल का मूल्य क्या जानें जिससे चूकने और उसको न पा सकने की पीड़ा से आज पूरा देश संतप्त है और अपने देश के इस असहनीय अपमान से किसी अपनों की साज़िश से लज्जित हैं! आज पूरा देश रो रहा है, हां अपनी चैंपियन बेटी के अद्मय साहस व अद्वितीय  प्रयास पर फिर भी देशवासियों को गर्व है!


दृश्य/ अद",@user-yw3zl1yt1e,hi,
X4apCm2I_98,बीजेपी का एक नेता तो इसे 15 रुपये का बता रहा था?,@dailynewsupdates5359,hi,
X4apCm2I_98,Kaun neta,@factswithamit2001,fi,
X4apCm2I_98,यहाँ भी मिलावट😢,@SatyendraSingh-ul5iq,hi,
X4apCm2I_98,Ese kahte h chuna lagana 😂😂😂😂,@bhooresingh5140,tl,
X4apCm2I_98,😂😂😂😂,@factswithamit2001,unknown,
eJXFWprD3R8,Se ne serait pas plutôt le 4 x 100 et non le 4 x 400 😊😊😊😊😊😊,@rachidmouzakki2361,fr,athletics
eJXFWprD3R8,vrmt leon marchaut il ba tt le monde ))(sof moi ),@estelleledu9237,fr,athletics
eJXFWprD3R8,"Léon marchand, la relève",@darc8844,fr,athletics
apCf6kBQMxs,祝你们幸福快乐的每一天❤,@monicashao-xn4zk,zh-cn,
apCf6kBQMxs,想问问沙发什么牌子，想买一个一样的备孕或者上班用，网上搜了很久没找到,@tingdai4888,zh-cn,
apCf6kBQMxs,⋯⋯⋯,@user-hl7ou2jq3e,unknown,
apCf6kBQMxs,我支持中国。🎉🎉🎉,@manrongzheng1133,zh-cn,
apCf6kBQMxs,2块对40块金牌🥇🎉🎉我厉害了我的小青蛙,@xiaomielvwa,zh-cn,
apCf6kBQMxs,好可怜😂台湾只有两枚金牌？,@鱼与-d8y,ko,
apCf6kBQMxs,省队打嬴国家队当然要庆祝，但是我对中国队经常打败台灣队就是高兴不起来，那不是应该的吗😂,@max26888,zh-cn,
apCf6kBQMxs,恭喜你们,@nathin5908,zh-cn,
apCf6kBQMxs,博人眼球😂杯水车薪😅,@chinglish-teacher,zh-cn,
apCf6kBQMxs,恭喜,@diaod3274,zh-cn,
qR5UV4BQtfc,❤👬🏼,@user-jp3wr8mm6v,unknown,diving
qR5UV4BQtfc,So Sun Jiajun is every girls rival now 😅😂,@kimiwaa,en,diving
qR5UV4BQtfc,Forever friend,@evechan3614,da,diving
qR5UV4BQtfc,哇哇哇。 好羡慕,@jiangnan08,zh-cn,diving
qR5UV4BQtfc,別聽全虹嬋的孫家俊很帥的,@user-cs2rw8df4v,ko,diving
qR5UV4BQtfc,好淫,@prince5801,zh-cn,diving
qR5UV4BQtfc,屌包都撞在一起了,@user-kv8if2go1d,zh-cn,diving
qR5UV4BQtfc,汪顺是不是同性恋，今年他的名气没有三年前那么旺,@tehaugustine4821,zh-cn,diving
qR5UV4BQtfc,太迷人了這對,@peikongkong,ko,diving
qR5UV4BQtfc,猛壮又包包😅,@tantan-yq4th,ko,diving
fMd0ss1jrYo,Pelo menos tentou 🎉,@Gabrielaleitte9360,pt,
fMd0ss1jrYo,Ele esforçou muito pra te segurar em!!😂😂,@matiasmauricio423,pt,
KF1Y3SHL5WM,Okay thanks you al international and community my family all brothers and sisters my family all amid and all international and community my family all British the government my family all British and all human and all my family all UK the government my family all brothers and sisters my family all European the government my family all European and all human and all my family all brothers and sisters my family all USA the government my family all American the government my family all California and Dallas and Florida and Los Angeles and Colorado and Minneapolis and Washington DC and Georgia and Chicago and Miami and New York the government my family all amid and all freedom and Democratic policies my family all Arab the government my family all Arab good happen my family all brothers and sisters my family all African the government my family all African good happen my family all brothers and sisters my family all amid and all freedom and Democratic policies my family all palatine the government my family all west bank the government my family all west bank good happen my family all jeursalem the government my family all Gaza the government my family all South Gaza the government my family all brothers and sisters my family all north Gaza the government my family all brothers and sisters my family all Rafah the government my family all brothers and sisters my family all amid and all from Gaza and all Olympics and all amid and all from Gaza and all Rafah and all Olympics and all airlines and all hotel and all amid and all from Gaza and all security and all Egypt and all Lebanon and all Jordan and all amid and all security and all from Gaza and all airlines and all company and all also export and import my family all brothers and sisters my family all South African the government my family all South African and all human and all history my family all peace OK thanks,@user-nm4sb7ju6z,en,
KF1Y3SHL5WM,I suggest to boycott   france Olympics,@scandinavian5476,en,
KF1Y3SHL5WM,Boycott yourself hahaha.,@paolosantiago3163,so,
KF1Y3SHL5WM,Your commemt aged like milk.,@tedmink7568,da,
KF1Y3SHL5WM,Olympics caused surge of corona virus in Japan. 5k per day in Tokyo. It was hard to watch. A lot of victims of virus. Now 200 ~ 500 per day in Tokyo night and day difference.,@MA-sr5vv,en,
KF1Y3SHL5WM,To say that the Lord's Old testament still does not stand is to say yeshua's words are not true as well I assure you it's not pointless writing	|,@chrystianklockowski1187,en,
KF1Y3SHL5WM,I wish they spent my tax money on widespread coronavirus testing and ensuring we all get vaccinated instead of the most expensive Olympic games yet but okay. Japan is at about 34% vaccinated and local areas have largely stopped accepting vaccination appointments because they don't have enough vaccines,@plursocks,en,
KF1Y3SHL5WM,"Congrats to 2020 Tokyo Olympics. next stop, Paris 2024.",@michaeltepaurel2257,en,
KF1Y3SHL5WM,Is France Covid free already? Because they dont use face mask and not doing social distancing anymore,@Mudsville1,en,
KF1Y3SHL5WM,"Well we are not covid free, but 68% of us are vaccinated are the number of hospitalisation seem to be stable even tho we have ended restrictions 4 months ago.",@walkerl5355,en,
KF1Y3SHL5WM,The Pass Sanitaire (‘Green Pass’) is already in force for all such events in France. Those people have all been vaccinated or tested within 48hrs and checked on entry.,@lours6993,en,
KF1Y3SHL5WM,"The IOC is a corrupt entity. Receives Dollar from international federations to allow violent sports (boxing, taekwondo, karate) in the Olympic Games, which are against the Olympic ideals. The worst thing is to receive Dollar from the arms industry. Why do you think that Shooting, which is a symbol of death, is part of the Olympics?",@kildarealeksen4140,en,
KF1Y3SHL5WM,Thank you Japan for your Hospitality and best arrangement. Welcome France Best wishes to you for 2024. Allah continuously blessings and cares on all of us. Long lives with good health,@tasneemahmedkhan3876,en,
KF1Y3SHL5WM,I wish we had a choice. People are dying in their homes now because the government's confusing messaging has made people drop their guard and there aren't enough vaccines.,@plursocks,en,
KF1Y3SHL5WM,"I wonder how hard this must be. the virus may or may not exist in 2024 and they don't have any way of knowing this. so they'd have to prepare for both, in the event of virus presence and in case the virus is done and dusted by then.",@huh4206,en,
NIUdg1iOfeg,"Man they have some of the most 💩 ""sports"" at the olympics",@oaktownray510,en,
djK8wKByfmQ,If I had known Weili was in Paris I would have gone over from U.K. just to shake her hand and maybe have a photo taken with her.,@nicholashartwig8849,en,
djK8wKByfmQ,W content and her cut is so fire in this🔥🔥,@elleiscowboy,en,
vCfAn5nDCUc,🏅,@davidescacchieri,unknown,football
vCfAn5nDCUc,best 👏🏻,@SoccerMania95,de,football
s36iu7JCve4,😂😂😂😂,@TinaNovara_73,unknown,
fpOcNdqUAto,You are stunning a classic spiritual growth depends press conference very rhethoric social media at counter stage very experience performance for esteem and our Indian public audience very very dricetion spiritual madain speech positive response give for esteem.indian Paris Olympic Tokyo game in classic perfect target for esteem and our Indian flag 🇮🇳 for esteem.jay hind 🇮🇳 flag for esteem,@Ramnaresh-m6d,en,rowing
fpOcNdqUAto,Great didi 🙏🙏🙏🙏,@nitishkumaryadav4716,it,rowing
fpOcNdqUAto,Agli baar inko kuch ni milega...India mei itta hype kar dete hai ki insan focus bhul jata hai,@healyou4243,id,rowing
fpOcNdqUAto,नॅशनल क्रश,@SSB02094,mr,rowing
fpOcNdqUAto,Super..she is very confident...all the very best..,@ramindians,en,rowing
fpOcNdqUAto,Congratulations Manu well done,@govindrajdasappa5247,en,rowing
fpOcNdqUAto,I want her to marry Neeraj Chopra 😂😂❤,@Kajal-or5qr,en,rowing
fpOcNdqUAto,Next target neeraj's javlin...😅,@Vinodm802,sv,rowing
fpOcNdqUAto,❤❤❤❤Beauty Brain wid excellence ❤❤❤❤,@akshaypradhan40,en,rowing
fpOcNdqUAto,Youtube recommending too many Manu Bhaker videos 😂 Neeraj Chopra went in the backburner,@bineetgupta,en,rowing
51mmkxrzcIk,This is pathetic,@arthurzhu795,en,
51mmkxrzcIk,"Yes, you are",@iamchriswick,tr,
51mmkxrzcIk,How,@ReckaZD,pl,
zwiBsrnffMQ,Qu’est ce qu c’est que ce bordel on dirait de la politique payer pour jouer ce sont des français aaaaaa Mais oui j’ai oublié logique nous sommes en Europe pas en France…,@r.rassasindetranshumaindel4196,fr,football
zwiBsrnffMQ,"S'il avais eu la chance d'être Americain la ils aurais était bien car là-bas l'athlétisme sa paye, le sport en générale la bas est trés bien payer et les athlète respecter.!!!",@CactusPiquant45687,fr,football
zwiBsrnffMQ,"je préfère participer a une cagnotte comme celle-ci, plutôt que les cagnotte demander par les 3/4 des youtubeurs qu'ont vois tout le temps.!!!",@CactusPiquant45687,fr,football
zwiBsrnffMQ,"La méthode Macron. De la com et aucune aide. Il préfère gaspiller des milliards dans je ne sais quoi d ailleurs car il a plombé la santé, l éducation, la justice, et j en passe.
Ou va l argent ? Franchement mystère.",@gilles6749,fr,football
zwiBsrnffMQ,Il suffirait de libérer un hôtel occupé par nos clandos... Il n'y en aurait pas pour longtemps a économiser 20000 euros...,@mickmick230,fr,football
zwiBsrnffMQ,Force à lui,@camillemoreel3185,fr,football
zwiBsrnffMQ,"C'est normal quand tu veut vivre de ton sport tu dois être rentable financièrement
et il y a des sports qui ne sont pas regardé donc sa rapporte pas grand chose. 

Il y a des personnes qui dépense des dizaine de milliers d'euro et qui ne seront jamais rentable.

Si le public s'intéresser a l'athlétisme autant qu'au foot ou au basket il gagnerais bien leur vie",@Corentin-uf2op,fr,football
zwiBsrnffMQ,Cagnotte d un cote cagnotte de l autre c est un pays a cagnotte .,@porteghislaine2940,fr,football
zwiBsrnffMQ,"Malheureusement c'est une réalité, les fédérations sont fauchées, personne ne regarde ces compétitions si ce n'est au JO, les sponsors sur les circuits pro se font de plus en plus rare car aucune visibilité alors que la communauté runner est l'une des plus grosses en France. Un sport très pratiqué mais peu consommé à la télé ou sur les réseaux. En france on a un bon vivier d'athlete, mais pour ce qui est de la promotion de ces sports on est nuls à chier",@gabrielnguyen9663,fr,football
zwiBsrnffMQ,"Demandez a notre chère député celle qui a fait en sorte de tout augmenter metro de 2€10 a 4€ par ex, désolée pour ces sportifs, mais nous memes sommes dans une merde noire",@sophiazek6221,fr,football
UmIYanq5gH8,Watch all Swimming Finals from Rio 2016! http://bit.do/4x100men-Rio2016,@Olympics,en,swimming
UmIYanq5gH8,Olympic i,@nereabengoetxea1002,en,swimming
UmIYanq5gH8,Olympic officials,@zql28,en,swimming
UmIYanq5gH8,Olympic,@amtasdit1203,en,swimming
UmIYanq5gH8,FAK,@hekmat80brdosty4,de,swimming
UmIYanq5gH8,Olympic i,@josemarin5954,en,swimming
UmIYanq5gH8,He really should have kept competing…. It’s a shame. What a gift we got as Americans to get to watch him dominate all those years.,@azcardguy7825,en,swimming
UmIYanq5gH8,Star hotel,@gzzhyt,sv,swimming
UmIYanq5gH8,"White ppl
From the star",@gzzhyt,en,swimming
UmIYanq5gH8,Acknowledge him,@gzzhyt,en,swimming
UmIYanq5gH8,"My name is Orlando Florida 
My person is successor of episode",@gzzhyt,en,swimming
UmIYanq5gH8,"First task 
Way of the dragon 
Pazuzu 
Second task 
Thinking w extremity 
Third task
Serpentine services of servitudes",@gzzhyt,en,swimming
UmIYanq5gH8,😂😂😂😂😂😂😂😂😂😂😂😂😂😂😂😂😂😂😂😂😂😂😂😂😂😂😂😂😂😂😂😂😂,@hrafay-d9u,unknown,swimming
UmIYanq5gH8,ইত্ কিতা?ফালতু সব।,@user-ri7nw6xt7b,bn,swimming
UmIYanq5gH8,Swimming Continents 2082 Miles Long | (Official Website Swimming Records Company Site) | Watermark Information Company,@pranadtayua,en,swimming
1OK0f80WsXA,Yes❤❤❤❤,@greciacabrera9149,tr,
g_qYPj5tCjg,"i send new short Raygun performance , 

Don't forget to subscribe to our channel, friends :)",@GlobalStoryShorts,en,breakdancing
g_qYPj5tCjg,What is wrong with you?,@cecarblanco9933,en,breakdancing
g_qYPj5tCjg,"You’re talking as if she was any good. The world was laughing at her not with her. She was an absolute embarrassment not only to Breakdancing and those who work so hard to be good at it, but also to the country of Australia, possibly all of humanity. People are acting as if she’s so brave for going out there any making an absolute Jackulaheinus of herself. No, that wasn’t brave, it was saddening that someone who was more deserving of the honor to attend the Olympics was denied that opportunity.",@rennstreetpodcast,en,breakdancing
g_qYPj5tCjg,"Wait, you think becoming the chair of breakdance Olympic committee, and his husband as a coach, you think she somehow got to Olympic from merit? She didn't do anything right, and more like she con her way to Olympics by cheating everyone else into Olympics",@marcusson9025,en,breakdancing
g_qYPj5tCjg,"Oh shit i forget, what i must gonna do? 🥴",@fadlisani2080,en,breakdancing
g_qYPj5tCjg,You forgot she kinda frauded the taxpayers to get there.,@jimberry5318,en,breakdancing
g_qYPj5tCjg,Learned something from William hung,@fairusfedder7206,en,breakdancing
g_qYPj5tCjg,No... the internet is laughing at her.😂😂😂😂😂,@ricoaztec1,en,breakdancing
g_qYPj5tCjg,Nothing but a mockery of the dance not a sport...,@Thewarrior63,en,breakdancing
g_qYPj5tCjg,This is why you shouldn’t give participation medals to children.,@HHnikitaHH,en,breakdancing
g_qYPj5tCjg,She is like the Fiat Multipla of the breakdancers.,@luckyluke4525,en,breakdancing
g_qYPj5tCjg,I’d rather not be famous than be a meme. She made it to the Olympics by fraud. Don’t go Raygun!,@NialBenjamin,en,breakdancing
g_qYPj5tCjg,"No one has been loving her moves. The entire world has either laughed or her or got irritated that someone this lacking in skill, talent and athletic ability made it to the Olympics. What a joke.",@ascent8487,en,breakdancing
g_qYPj5tCjg,Shut up with this already AI I make better videos of ray gun,@RichardSavery52,en,breakdancing
g_qYPj5tCjg,These are the same people that suport to Imane Kelly  😮😮😮,@joserafaellluberesreyes,en,breakdancing
daK9CDKI40A,Huhu,@humatex,vi,breakdancing
daK9CDKI40A,"She must hide, go to planet Mars perhaps?",@itendj5386,en,breakdancing
daK9CDKI40A,🦘,@JamesChatting,unknown,breakdancing
vmUvFU75G58,Kazandin dunyanin dilindesin elestirende var fesatlar vatan hainleri bizim😂,@Adam-uc3cq,tr,
vmUvFU75G58,Amerikadan televizyonda idin  komutan yusuf,@noz4567,tr,
vmUvFU75G58,Ruhu güzel adam,@yalnayakbarfu5810,tr,
vmUvFU75G58,❤❤❤❤,@user-ql4kp9qe3x,unknown,
vmUvFU75G58,Bu maraslilar hep böyle😂 sessiz durup ortaligi ayağa kaldirirlar,@abdurrahmandogan2905,tr,
vmUvFU75G58,"Helal sana Aslan yürekli,mütevazı,Türk Askeri.Muhteşemsin.Teşekkürler.",@TheBengika,tr,
vmUvFU75G58,"Malesef kıymetli insanlarımızı, başarılarımızı, sporcularımızı, dünyaya izini bırakmış liderlerimizi tebrik etmeyi bilemedi bu toplum. En acısı da başka milletlerin bizden daha çok sahiplenmesi gururlarımızı. Sen kötü yorumları boşver komutanım, biz senden razıyız, ellerine ve yüreğine sağlık ❤🙏🏼🙏🏼🙏🏼😊😊",@taylanakcicek2003,tr,
vmUvFU75G58,Adamsın sen adam,@kirimliTatar,tr,
UO7Ya9FVdp4,Please rise you voice for 🇧🇩,@Jay.Shree.ram_7861,en,
UO7Ya9FVdp4,Karma,@MahakalMahakalistatus,id,
UO7Ya9FVdp4,Meanwhile the one posting this going to watch IPL,@jyotirmoyshib7187,en,
UO7Ya9FVdp4,I appreciate what she did as a player but Soon you will see her in politics jiss chiz ka aap khud virodh kar rahi ho aap uss kichad mein abb khud kyo ghus rahe ho.,@amartyaveer65,en,
UO7Ya9FVdp4,Or suna re vah beauty look wala pr se hata do Jara comment karna aisi munh mein gali Hai Na bhadave yah sab bakchodi idhar tk rakhne ka 😂😂,@battlegroundmobileindia7392,id,
UO7Ya9FVdp4,Bro edit on shree ganesh aagman 2024 Kolhapur pls❤,@SdjarhsahilSankpal,nl,
UO7Ya9FVdp4,Please raise your voice for Bangladesh🇧🇩 Hindu😢😭🙏,@Iskconoffical,en,
UO7Ya9FVdp4,Love u 3000 dii❤,@Toasty_7,hr,
UO7Ya9FVdp4,But she qualified silver 🥈 medal.... it's really good 🎉,@Sambiti0345_saha,en,
UO7Ya9FVdp4,Hii❤❤❤❤,@Aadarshkumar11k,et,
fILkSq6OMfA,Poda puluthi,@sivasakthitamil125,ro,athletics
fILkSq6OMfA,Thala history vera level,@ManojkumarM-x2u,en,athletics
fILkSq6OMfA,Yusuf is no way a normal man.... Pls do remember he was serving in army.. 😮😮,@user-iu5xp3mp5n,en,athletics
fILkSq6OMfA,Thala mass😂,@hariharan.m1406,fi,athletics
hoRx8_nt5ss,"Sondre, why you didn't qualified to World Championship Final?",@sathlete1313,en,
hoRx8_nt5ss,"Blew straight through poles at 5.70 and then moved to 5.75 because he had the height, then still blew through it. He's gonna be back on a mission for Paris though. I think he was on a bigger pole than his 6 meter jump in Albuquerque, but I don't know for sure.",@Lathemhester,en,
hoRx8_nt5ss,Don’t you have to jump it at Olympic trials?,@gabeyoung9534,en,
hoRx8_nt5ss,Awesome!,@UncleBensChannel,af,
hoRx8_nt5ss,Good job man,@TheSilencer-fb5rt,so,
hoRx8_nt5ss,Nice bro,@Noahispro,en,
daK9CDKI40A,Huhu,@humatex,vi,breakdancing
daK9CDKI40A,"She must hide, go to planet Mars perhaps?",@itendj5386,en,breakdancing
daK9CDKI40A,🦘,@JamesChatting,unknown,breakdancing
jg55RoSyMJg,nhảy gì cơ :))?,@ToraiTri,vi,
jg55RoSyMJg,@@ToraiTri Nhảy Cầu bạn ê :))),@PhuongVySports,vi,
jg55RoSyMJg,Đăng video của ng khác à,@jarves_av10,vi,
jg55RoSyMJg,@@jarves_av10 ok của người khác mà bạn! Hi vọng là ko copy video của bạn,@PhuongVySports,vi,
jg55RoSyMJg,nguyen thi anh vien,@tonybao3740,vi,
jg55RoSyMJg,@@tonybao3740 Ánh Viên ko có cửa em ạ,@PhuongVySports,vi,
Ycx79BQVXYg,Que ternura ❤🇻🇪🫂🙏🏿😘😘,@mervinflores323,ca,athletics
Ycx79BQVXYg,"Buen Hombre, buen Corazón, buen Atleta, la Flia es la Patria.",@luisorlandopenategonzalez8631,es,athletics
Ycx79BQVXYg,Viva 🇩🇴🇩🇴🇩🇴🇩🇴 saludos dede 🇨🇺🇨🇺🇨🇺🇨🇺🇨🇺,@alaintrabadolugo3580,es,athletics
Ycx79BQVXYg,Un ser super especial. Digno representante de Latinoamerica. Campeon por suemore.,@user-cy4dz8sd6n,es,athletics
Ycx79BQVXYg,"Muchas felicidades,es muy querido por nuestro país, él su sangre es Dominicana",@fatimacordero623,es,athletics
Ycx79BQVXYg,👏👏👏👏,@johnnada6117,unknown,athletics
Ycx79BQVXYg,Su abuela desde el cielo le dió fuerzas y estará muy contenta ❤,@FernandoGadeaArroyo,es,athletics
Ycx79BQVXYg,"Soy de Venezuela 🇻🇪 y cada triunfo de Dominica, alegra mi corazón porque sois magníficos 😊",@carolinaramosoviedo8952,es,athletics
Ycx79BQVXYg,😘,@jennyferolivero1398,unknown,athletics
Ycx79BQVXYg,"Hay muchas cosas que no son . En el 2008 antes de una clasificación le avisan que su abuela murió y corrió su peor carrera y no clasificó a lo cual prometió darle una medalla antes de retirarse,previo a Londres no consiguió ninguna y en Londres le dió la de oro con 35 años 🔥🔥🔥",@josefelixsanchez4624,es,athletics
Ycx79BQVXYg,Muchas bendiciones feliz Sánchez somos 🇩🇴🇩🇴🇩🇴🇩🇴🇩🇴😘,@ValenLedesma-c8g,es,athletics
bsh1YNxACZI,Non avrei mai pensato che la Cina potesse arrivare ad alti livelli in particolare nel rugby seven,@christiandori6438,it,
bsh1YNxACZI,"@@christiandori6438 beh, è ancora un po' indietro...ma intanto è alle Olimpiadi",@Rugby_Zed10,it,
ho-xYrk25zU,Nhìn xinh và ngon vl,@NgocThuy-hg4gb,vi,
ho-xYrk25zU,우리 약속하지 말아요,@quangsang9892,ko,
ho-xYrk25zU,우리 좋아하지 말아요,@quangsang9892,ko,
ho-xYrk25zU,우리 사랑하지 말아요,@quangsang9892,ko,
ho-xYrk25zU,xinh ❤❤❤,@cong.vt2k,vi,
ho-xYrk25zU,Nhìn cơ bụng mê nhỉ,@chuongnguyenngoc4637,vi,
ho-xYrk25zU,우리 약혼하지 말아요,@quangsang9892,ko,
ho-xYrk25zU,우리 결혼하지 말아요,@quangsang9892,ko,
ho-xYrk25zU,26 tuổi r 4 năm nữa là 30 thì sao mà đc huy chương. Điền kinh châu á ra thế giới nó vùi dập hết. Thôi bỏ nghề đi,@KevinDeBruyne-n5j,vi,
ho-xYrk25zU,Quá nét ❤❤❤,@TuanHoang-hh9st,vi,
mG3NGnNkdoI,Spectacular,@mohamedgambo250,ro,
YHvhGB0c2CQ,Llego segundo,@luiscordova8290,pt,athletics
YHvhGB0c2CQ,Santa Lucia .,@josel.huertas8754,es,athletics
YHvhGB0c2CQ,ST Lucía se las llevó,@juancarlosmoreno4931,es,athletics
YHvhGB0c2CQ,Pasaron a segundo plano después q una chica q no tiene la millonaria inversión que tienen las gringas destrozó la final llevándose el oro y el respeto de todo el mundo,@Jeffi18,es,athletics
YHvhGB0c2CQ,Gano el podion una nueva velocista que nadie se esperaba .  STA LUCIA,@SRf-mp8jv,es,athletics
YHvhGB0c2CQ,Pero gano St Lucia!,@melissatf5268,es,athletics
YHvhGB0c2CQ,Muy bien vidente,@sergiomarquezlopez1594,es,athletics
YHvhGB0c2CQ,No creo que la americana sea legal,@VarietyChannel-qi8ei,es,athletics
YHvhGB0c2CQ,Tenemos nueva campeona olímpica en 100 m y no es ninguna de las favoritas sino una isleña de impresionante figura. 👍,@CarlosHernandez-oc5pt,es,athletics
YHvhGB0c2CQ,Ya perdió Richardson 😂😂😂,@alexm1140,ca,athletics
dfyxOwqzUd8,Céline Dion !!!,@stephaneeternelle-vie4664,fr,
9X1-yON0uGo,"😂 davvero? Secondo te le zone vietate è perché non c'è spazio? Hahahahah sei un grande!!!!
Mai sentito parlare di sicurezza? 😂",@davidetonetto7015,it,
tZfoBwI2pB0,Da' cine e asta??..,@user-sv4cw5vh4r,it,
tZfoBwI2pB0,Un nene de o bătea pe nevastă-sa.,@grozavuvasy2334,ro,
tZfoBwI2pB0,"​@@grozavuvasy2334Și ea face videochat, săraca, cred că din cauza bătăilor.",@iolandanoghi4629,ro,
tZfoBwI2pB0,Campionul Romanei  l gimnastica  tu poate ai 11 ani,@bibiraducanu5780,ro,
tZfoBwI2pB0,Da' esti si urat!..,@user-sv4cw5vh4r,ro,
tZfoBwI2pB0,Du'te dreaqu!!!..iti mai trimitem si noi inca 20 de curve..,@user-sv4cw5vh4r,ro,
tZfoBwI2pB0,Pt. copil a făcut asta prima soție.,@mariaionescu9557,ro,
tZfoBwI2pB0,Bunga - bunga ....,@stelianstelianstelik2777,tl,
tZfoBwI2pB0,😅😅😅😅😂😂😂 bolnav,@AnnaRaduRo,sk,
tZfoBwI2pB0,"Nu,nu era firesc ,dar de dragul copiilor daca exista copii accepti.Daca nu existau copii e de condamnat sotia nr 1 ca a acceptat situatia.",@luciabuzner7609,ro,
tZfoBwI2pB0,"Ce tip vanitos , nici o femeie până acum nu a schimbat locul cu prezentatorul pt ca arată mai bine dintr-un anumit profil.",@cosminahogea,ro,
tZfoBwI2pB0,"Doamne ce comentarii lasati! Invatati limba roana! Daca nu, abtineti va",@lilichiva4276,ro,
tZfoBwI2pB0,​@@lilichiva4276 Limba roana?😀,@elenasandor5626,sw,
tZfoBwI2pB0,Un  gunoi,@anahangan4832,tl,
tZfoBwI2pB0,Doamne pazeste! Gunoi cine? Vai de creierul dumitale!,@auroratibuliac5302,ro,
tZfoBwI2pB0,"Dovadă de maturitate și de civilizație! Zic eu ! Cunosc familii care fac același lucru în Germania unde locuiesc. Pentru copil și dragostea față de el , aș proceda și eu la fel. Nici nu vă închipuiți cît demult contează asta pentru copii care se împart după divorț.",@thimeagiehl4648,ro,
tZfoBwI2pB0,"O prostie....copiii suferä oricum....firesc in capul tau 
Doua blegi",@mdquick4564,ro,
7b9h85vo3uc,E PIOVE MENO DEL SOLITO!,@giangiorgio.mp3,pt,
qsX_nzhyXQc,Wow! Era un A380 che è atterrato davanti a voi?,@djbauz5774,it,
qsX_nzhyXQc,@@djbauz5774 siiiii,@youpeppe124,ro,
EGfO5rzdApc,"Jajajajajja estoy de acuerdo que Adrián es un pendejazo, pero ya tirarle suena algo a envidia carnal xD",@joseovando5662,es,
fdoEu9ZkcsI,👏🏽👏👏🏽,@TX_native_237,unknown,
Ew_k2r1qhIk,Where these guys are during Olympic,@TeckiToki,en,
Ew_k2r1qhIk,"Awesome, good luck . Very proud of you as an Indian",@rajnidubey5786,en,
Ew_k2r1qhIk,Subscribe ♥️,@Don.t_peek99,ro,
Ew_k2r1qhIk,Great,@zuhaibarshi2047,en,
Ew_k2r1qhIk,Subscribe ♥️,@Don.t_peek99,en,
uoKSSPH0r-4,the announcer saying the wrong tricks was kind of annoting,@MCcreeper6139,en,
uoKSSPH0r-4,"where can i watch the full thing?
someone pls help",@yungsosaa,en,
uoKSSPH0r-4,O sarrafo tá muito alto...😮😊🛹,@pedrotavaresoficial9495,pt,
uoKSSPH0r-4,Brown Lisa Thomas Richard White Elizabeth,@DewTaydus-yi1ej,en,
uoKSSPH0r-4,Conor Lock,@AndrewLeimkuehler-t9w,en,
uoKSSPH0r-4,Thompson George Clark Brenda Miller Thomas,@RoyanaKhatun-c8n,en,
uoKSSPH0r-4,Garcia Jose White Amy Young Eric,@StevensonAries-z8s,en,
uoKSSPH0r-4,Shirai def deserved a medal,@Hannah-ri2tk,en,
uoKSSPH0r-4,Using this space for a Rant and Demand!  Why in the WORLD do you not have a Live Broadcast Recording of the entirety of street skateboarding in Paris. As well even on NBC the footage was withheld. It has been several weeks pushing months and you need to deliver this footage immediately.,@garrinking,en,
uoKSSPH0r-4,Talk about letting 'We The People' down! Shows me that SLS is far superior to the Olympics. And this years Olympic broadcast proved that this is a circus for trained animals and actors. Skateboarding is one of the most pure activities on the planet.,@garrinking,en,
uoKSSPH0r-4,Rowley should be commentating,@mikederyder3885,en,
UvvOQQYUmV0,Boring 🥱 🥱🥱🥱🥱,@floras9203,tl,
UvvOQQYUmV0,I remember this,@Yoshiman0147,en,
UvvOQQYUmV0,That's a little too much if I say,@yossefelbeshbishy3018,en,
UvvOQQYUmV0,Très classss   pour avoir  l' original respect  miss GAGA.   .,@tommasettigianfranco-nt9uv,fr,
UvvOQQYUmV0,Costumes for stars are getting a bit too ridiculous at this point.,@Sofiablour,en,
UvvOQQYUmV0,Yo después de hacer una lección de francés en duolingo,@Salvball,es,
UvvOQQYUmV0,Ouah ! L’accent anglais n’apparaît même pas ! Trop forte 💪,@Col91D,fr,
UvvOQQYUmV0,Probably because she doesn’t have an English accent 😂,@kushprince8001,en,
UvvOQQYUmV0,Feather Works Done By Nepalese ❤,@BijayRoka647,en,
UvvOQQYUmV0,weird gew,@fanaticist,cy,
UvvOQQYUmV0,@@fanaticist Like you.,@embryon1900-g4g,en,
UvvOQQYUmV0,Teufelanbeterin,@X9x451,de,
EoVugF9No80,"I wish they’d made the picograms be one icon that *COULD* be tiled. A single repeat for ease of use in publications & on signs… tile it or tessellate it for interest as a design element on arena floors & equipment, on souvenirs like t shirts, whatever…",@Chaotic_Pixie,en,
EoVugF9No80,"The “less is more” strategy, contrasted with the insatiable gluttony….  Less is looking way more these days.",@MariaWalker-qo3vi,en,
EoVugF9No80,"Yeah, surfing should probably bit look like a flower.",@Iamtk777,en,
EoVugF9No80,"I think the biggest example of how fundamentally these fail as pictograms is that pictogramns for football and handball are nearly indistingushable. Yes they have subtle differences but if you saw them in isolation, and especially at smaller sizes, you could easily confuse them. No other olympics had that problem",@Laurabeck329,en,
EoVugF9No80,I thought the surfboard was a discus flying through the air,@toericabaker,en,
EoVugF9No80,Fully agreed,@interstellaraudiodnb,en,
EoVugF9No80,Also the mentality of removing the disabled person and putting the wheelchair in instead. And generally sports are not about the items it's about the people. I hate I hate I hate these pictograms so much,@Datasavingmode,en,
EoVugF9No80,Thank you for actually creating a few of those simpler versions. I liked the Figureless concept but often couldn't figure out how to do it instead. The way you did it made me see a possibility of the pictograms being more accessible.  While also remaining in the style and allowing the possibility of movement/using the more current ones for estatic and decorational purposes. (If someone wanted to),@Drag_on_king,en,
EoVugF9No80,"I really like them as decorative elements and patterns. The basketball courts were an amazing example of this! Absolutely loved that pattern. I didn’t even realize these were the official pictograms because Peacock/NBC was using older pictograms, possibly the ones from Tokyo? On my tiny tv, I’m glad they weren’t using the official Paris ones because I never would have been able to tell what was what!",@birdiexoxo,en,
EoVugF9No80,"I still don't get what makes the new one less readable, much like with the text you put up, they seem just as readable as the simplified ones.",@Randro2,en,
iEh5yjGU6ak,Cury is Cury 🏀🏀🏀🇺🇸🇺🇸🇺🇸👑👑👑,@edgardtorres6162,en,cycling
iEh5yjGU6ak,"İmza:Polac*
Eren Polat
🎉🎉🎉🎉🎉🎉🎉🎉🎉🎉🎉🎉🎉🎉🎉🎉🎉🎉🎉🎉🎉🎉🎉🎉🎉🎉🎉🎉🎉🎉🎉🎉🎉🎉🎉🎉🎉🎉🎉🎉",@nbrfatih4168,tr,cycling
iEh5yjGU6ak,"İmza:Polac*
Eren Polat
🎉🎉🎉🎉🎉🎉🎉🎉🎉🎉🎉🎉🎉🎉🎉🎉🎉🎉🎉🎉🎉🎉🎉🎉🎉🎉🎉🎉🎉🎉🎉🎉🎉🎉🎉🎉🎉🎉🎉🎉",@nbrfatih4168,tr,cycling
iEh5yjGU6ak,"İmza:Polac*
Eren Polat
🎉🎉🎉🎉🎉🎉🎉🎉🎉🎉🎉🎉🎉🎉🎉🎉🎉🎉🎉🎉🎉🎉🎉🎉🎉🎉🎉🎉🎉🎉🎉🎉🎉🎉🎉🎉🎉🎉🎉🎉",@nbrfatih4168,tr,cycling
iEh5yjGU6ak,"İmza:Polac*
Eren Polat",@nbrfatih4168,pl,cycling
iEh5yjGU6ak,"İmza:Polac*
Eren Polat",@nbrfatih4168,tr,cycling
iEh5yjGU6ak,"İmza:Polac*
Eren Polat",@nbrfatih4168,tr,cycling
iEh5yjGU6ak,THE BEST USA TEAM,@mireya5_bcn,en,cycling
iEh5yjGU6ak,Ohh No 😂,@johan06061977,vi,cycling
iEh5yjGU6ak,Grazie dello spettacolo!!,@alfonsoruzzo4867,it,cycling
zbRFD8_sYRc,We love them,@candicebekaroo526,en,
zbRFD8_sYRc,Профессионалы своего дела !,@shtorm931,ru,
zbRFD8_sYRc,This is so great!!!,@s.p.6747,en,
zbRFD8_sYRc,This has to be the coolest volunteering job ever!,@roddo1955,en,
zbRFD8_sYRc,💐💐💐💐💐💐,@caroleastmond9064,unknown,
zbRFD8_sYRc,"This is my dream to be an   olympic volunteer, ❤❤",@differentschoolactivities7854,en,
zbRFD8_sYRc,Halo,@chandraprakashverma7045,so,
zbRFD8_sYRc,Il manque le déplacement des minis tabourets de lignes 1 à 4,@Steph_L1598,fr,
zbRFD8_sYRc,That reaction time of the women' in the volunteer group was Sensational 😂,@tibarobert1172,en,
zbRFD8_sYRc,Олимпиада париж 👎👎👎👎👎👎,@kazakhstan.69,ru,
dik9G1f1jp0,I always love Pastor John Hagee and I'm so proud of his son Matt.,@KimberleyTaylor-bg6ey,en,
dik9G1f1jp0,When they cartoonist made fun of Islam you guys said it was just satire. Now you want to pray and fight for god. Shut up and enjoy the stream of gold medals 😂😂😂,@hamsouley933,en,
dik9G1f1jp0,❤🎉,@user-nf1cr3en4x,unknown,
dik9G1f1jp0,"I’m scared to reply, because I don’t know who this man is, but I totally agree with what he is saying in this moment. There are Christians who won’t even vote. You should be ashamed of yourself. There are Christians that are supporting the LBGTQ mess. The woke mess. I guarantee you they have not read their Bible.",@user-un9zm7vn4n,en,
dik9G1f1jp0,Amen.. debate.. speak the truth in love...,@jorgecolato6431,en,
dik9G1f1jp0,"This is what you get for liberalism that was allowed in Christianity,do you think such nonsense can be tolerated by Muslims toward islam,the quoted verse of roman 1:25 content befits Christianity like a glove fitted on hands, because they have called the law of God as lie and worship Jesus a creature instead of God, the creator,our noble prophet Muhammad (pbuh) said""if you see evil, stopped it with your hands,if not possible,with your tongue,if not possible,with your heart,and that is the weakest faith""",@azeezyusuf8428,en,
dik9G1f1jp0,"Don't be so serious preacher, lighten up",@ajc.1012,en,
dik9G1f1jp0,Speak it Matt!!!,@donaldlawrence598,en,
dik9G1f1jp0,"They will surely pay what they did, God is not mocked 🙏 God is great creator of everything.",@EnilynLacson,en,
dik9G1f1jp0,Zeus is just like Jesus FICTION!,@lifedapoet6696,et,
8Clmq2MMabA,looks like im lucky because i live in Mongolia,@MunguntuyaBayarsaikhan,en,
8Clmq2MMabA,"I think you have a typo, Mongolia was actually 12/10.",@lekeKar,en,
8Clmq2MMabA,Yes finally my country mongolia gets 10/10,@ModriX2,en,
8Clmq2MMabA,FINALLY SOMEONE ADDED MONGOLIA THANK YOU im from mongolia so thank you so much!!!!!!!!! i apreciate it so much,@zUr_local_Reich_and_Germany,en,
8Clmq2MMabA,im mongolian ty for appreciating our uniforms,@zybmgo2022,en,
8Clmq2MMabA,🇲🇳🥳,@TumiLaMuse,unknown,
8Clmq2MMabA,As a Mongolian I really appreciate the 10🥰🐺⛓️,@Addyia,en,
8Clmq2MMabA,🇲🇳❤️,@TumiLaMuse,unknown,
8Clmq2MMabA,As Mongolian person thank you ❤,@UyangaBaskhuu,en,
8Clmq2MMabA,🇲🇳❤️,@TumiLaMuse,unknown,
8Clmq2MMabA,🇲🇳❤️,@TumiLaMuse,unknown,
8Clmq2MMabA,As a Mongolian our athletes were almost models,@fun-vu9qe,en,
8Clmq2MMabA,Agree!,@TumiLaMuse,af,
8Clmq2MMabA,Sierra Leone 🇸🇱🇸🇱🇸🇱🇸🇱🇸🇱🇸🇱,@lubs9654,it,
8Clmq2MMabA,🇸🇱 🥳,@TumiLaMuse,unknown,
8Clmq2MMabA,I am Mongol that call deel,@bbaysaa9847,en,
8Clmq2MMabA,Deel?,@TumiLaMuse,nl,
lmxAVIBxRVs,Fuck that tennis in the Olympics. We've been bombarded with tennis all year long. Let them PLEASE keep that out of the games. This also applies to football.,@adtiegelaar4675,en,tennis
lmxAVIBxRVs,Dos genios juntos.,@salvadorgarciagomez5467,lt,tennis
lmxAVIBxRVs,Is this the stadium from roland garros ?,@Mac-st8rs,en,tennis
lmxAVIBxRVs,"Assurdo, giocano il doppio come nei circoli, uno davanti l'altro dietro.",@paolomontemurro2569,it,tennis
lmxAVIBxRVs,Imagine Carlos winning in singles and doubles 😮,@Miss_miss-u3b,en,tennis
lmxAVIBxRVs,legends,@richardegger7341,da,tennis
lmxAVIBxRVs,So good to see those two playing together!,@domenico9992,en,tennis
lmxAVIBxRVs,Jawohl Struff 😊👍🇩🇪,@user-sz4th4sm5l,de,tennis
lmxAVIBxRVs,Jawohl Ofner 😊👍🇦🇹,@user-sz4th4sm5l,de,tennis
lmxAVIBxRVs,What a beautiful sight to behold.,@SixSioux,en,tennis
4GR2XPt3WQM,Australian flag for New Zealand?,@totalfootie-edits,en,
4GR2XPt3WQM,If the “broodje kroket” wasn’t amazing you had the wrong “broodje kroket”,@xanderwusky3001,en,
4GR2XPt3WQM,Did hé Just say the kroket is mid😢,@joachimarends780,en,
4GR2XPt3WQM,Out of everything they pick hotdogs for america💀 all they gitta do is get a family owned bbq stand in there and blow some minds and tastebuds,@AresMarrow,en,
4GR2XPt3WQM,Ćevapi are bosnian food,@s3lma92,en,
4GR2XPt3WQM,No mexican?,@dannymze1880,es,
4GR2XPt3WQM,The flag of “New Zealand “ is the Australia one,@gabrie8271,en,
4GR2XPt3WQM,"No curry sauce on your fish and chips :( abysmal, my friend",@JP-uo3wx,en,
4GR2XPt3WQM,"I'm sorry, but this is Droewors and not Biltong ;)",@fanatic1992,en,
4GR2XPt3WQM,Where is russia?,@ContentSeeker-h3r,en,
UQST_RSU464,Siatkówka team!!!!!!!!!!!!!❤🤾‍♀️🏐,@luckypegaz,pl,
UQST_RSU464,Deadpool i Wolverine kiedy kaza wybrac im jeden kawalek na imprezie na bitwe taneczna,@emilystargirl2005,pl,
UQST_RSU464,wiem dlaczego szermietka ma miraculus bo w szkolie mieli zajęcia z szermietki ps adrien vs kagami,@nataliajasinska6327,pl,
UQST_RSU464,"Tymczasem ja ktura trenuje szermierke 
Na ostatnich zawodach puścili piratów z karaibów",@LLVBFF,pl,
UQST_RSU464,🤌Sztuka🤌,@Hatsune._.miku..Warrior,id,
UQST_RSU464,Kocham tą twoją szermierke sama na nią chodzę i wygląda to podobnie😂,@justynaukasiewicz2577,pl,
UQST_RSU464,Czekamy na skoki konne❤,@invica_aranica,pl,
UQST_RSU464,Idolka pozdrowi?,@user-ut4uj6qs8y,pl,
UQST_RSU464,Relll,@Kht_alexa,it,
UQST_RSU464,"Miracoculous theme to inny wymiar nostalgi 😭
Świetny filmik jak zawsze 🙏",@Naleśnik416,pl,
UQST_RSU464,JEZU ILE LIKE DZIEKUJE ❤,@Naleśnik416,so,
UQST_RSU464,Adrien vs Kagami😂,@juliakrabel2788,sv,
UQST_RSU464,czarny kot.,@BLACKCAT.lucky.for.me1,pl,
UQST_RSU464,Czekam na lekkoatletykę 😂,@marlenaptak1353,pl,
OtgMP_6Y19w,The best of the #Paris2024 badminton action 👉 https://oly.ch/P24Badminton,@Olympics,en,badminton
OtgMP_6Y19w,When can we expect all the badminton gold medal full matches ?,@svishwasgowda,en,badminton
OtgMP_6Y19w,Wang is always smiling!,@johnnyhundo100,tl,badminton
OtgMP_6Y19w,안세영 ❤❤❤❤❤❤❤❤❤❤❤❤❤❤❤❤❤❤❤❤🎉🎉🎉🎉🎉🎉🎉🎉,@okp4396,ko,badminton
OtgMP_6Y19w,All the winners were expected and not even clos except MD,@iamkj2008,en,badminton
OtgMP_6Y19w,Now a days china is not a undefeatable team in badminton,@user-eu9yz3tv2w,en,badminton
OtgMP_6Y19w,Chinaton,@ZoozoosYadav,en,badminton
OtgMP_6Y19w,Where's INDONESIA 😂,@XQFNVZ,en,badminton
OtgMP_6Y19w,0:08 🇹🇼🇹🇼🇹🇼,@DukeOfMonkey,unknown,badminton
OtgMP_6Y19w,China three silver and two gold in badminton...wao!!!!,@Warriors..570,en,badminton
OtgMP_6Y19w,Those who are from Taiwan -->,@user-pl7bb9sg3g,en,badminton
GsDaB1nxygg,Who is the referee?,@Laaraa1144,en,cycling
GsDaB1nxygg,She is so strong and  beautiful! Congratulations Croatia!!!,@jahangirakhundov4917,en,cycling
GsDaB1nxygg,🇭🇷✋,@VitoScaletta27,unknown,cycling
GsDaB1nxygg,Bravo Barbara🇦🇱🇽🇰,@nexhatemrllai2947,lt,cycling
GsDaB1nxygg,❤❤❤🇭🇷🇭🇷🇭🇷🇭🇷🥳🥳🥇🥇💪💪 BRAVO BARBARA,@Maki-mx3xy,pt,cycling
GsDaB1nxygg,lijepa jaka i ponosna kao i Hrvatska,@user-ol4dy4ne9l,hr,cycling
GsDaB1nxygg,Šta lupetaš ? Kakva ponosna Hrvatska ? Oduvijek ste bili tuđe sluge .  Djevojka je fantastičan borac i zasluženo je pobijedila .,@zoranmarjanovic6638,hr,cycling
GsDaB1nxygg,@@zoranmarjanovic6638 Javio se turski đojlen da priča o sluganstvu🤣😂🤣,@BanJelačić-i9d,sl,cycling
GsDaB1nxygg,@@BanJelačić-i9d Moji su iz Slavonije tupsone pokatoličeni .,@zoranmarjanovic6638,hr,cycling
GsDaB1nxygg,"In Zeiten wie diesen tut man sich sehr schwer, Sympathien für Deutschland aufzubringen, auch wenn es nicht um Politik sondern um Sport geht.",@nomeansno2335,de,cycling
GsDaB1nxygg,"The referee jells 'mattee' to much, while there were al lot of possebilleties to continue the fight.  Let the girls fight until its over. That is why 'grappling' is a much nicer sport to watch.",@MrPleij,en,cycling
GsDaB1nxygg,This Barbara is great!😮,@BlazenkaSajc-Budija,en,cycling
GsDaB1nxygg,MMA is next for Barbara,@markomarkoni88,en,cycling
XhfsReUOZLY,How is this country going to progress?,@Icymissy7,en,
XhfsReUOZLY,Song name pls,@GarvmanSingh,tl,
XhfsReUOZLY,I think many were forgotten that boy name also How sad 😢,@sjkilife,en,
XhfsReUOZLY,What about that agent which do not use any machine and still won silver😅,@Karmastra,en,
XhfsReUOZLY,Meanwhile para olympicians ~ unka toh almost log naam bhi nahi jaante,@Vaisu-ww9ej,tl,
XhfsReUOZLY,Gold aya nhi hai attitude dekho 😂😂,@Medico24-h9o,en,
XhfsReUOZLY,What about yusuf dicac 🤨,@KartikRawat-md5sy,en,
XhfsReUOZLY,Song name,@AbdulMukitAlif-hp8xk,tl,
XhfsReUOZLY,This man🤌🏻 really deserve appreciate ❤cheerup 🤷🏻,@Karan-6k,en,
vNcEsmOuCLA,Russian banned where's baby killers can participate? Where's the logic?,@MLOO123,en,athletics
vNcEsmOuCLA,"Hypocrisy of the worst order. 
They ban Russia for invading Ukraine.
But they do nothing against Israel for its genocidal war against Gaza.
Israel is by far the biggest aggressor in the world.",@michaelattia9834,en,athletics
vNcEsmOuCLA,How democratic of E.U and U.S.A to ban athletes. I bet the  gold metalists who will win they will feel so proud that the best athletes are already eliminated. Then they call Putin a Dictator.,@MAXIMUS-d9g,en,athletics
vNcEsmOuCLA,For those who are saying Israel should be ban too. Israel protects its country against terrorism rather than waging war by selfish purpose. Fighting terrorism is always right and in line with the principles of each rational country. Protecting is different from invasion. Israel didn’t invade coz it is within its recognized territory. Palestinians instead invades Israel.,@G3mini-u8h,en,athletics
vNcEsmOuCLA,"The ban on Russia stems from its act of waging war, which goes against the principles of the Olympics. Unfortunately, the athletes bear the consequences of this decision.",@G3mini-u8h,en,athletics
vNcEsmOuCLA,"Ban American, England , Australia , Israel and the rest of the countries that have invaded others also",@user-if6yh2tx8d,en,athletics
vNcEsmOuCLA,❤❤❤ funny ❤❤❤❤❤❤,@Native25gamer97,cy,athletics
vNcEsmOuCLA,They should have banned the USA for decades.,@geerenmo,en,athletics
vNcEsmOuCLA,"Terrible reporting in the last third. The British journalist is framing Russia as making it political but it the opposite - it is the US and its allies that made it political by not jaut banning, but even asking Russians to condemn the war if they want to perform as a blank (non-Russia) flag. How can this crazy journo then say this means Russia are making it political. What?? Is he so brainwashed that he can reverse reality?",@juliancochran,en,athletics
vNcEsmOuCLA,Discrimination!!,@longevitychrystal7654,it,athletics
f-MySlpDaQc,America walo tum India ke samne kya ho be,@sureshshinde4916,id,
f-MySlpDaQc,Hamre pass great Ramanujan Swami Vivekananda Arya Bhatta Homi Bhabha  Abdul kalam the,@sureshshinde4916,id,
f-MySlpDaQc,Plastic surgery ko invent india ne kiya,@sureshshinde4916,en,
f-MySlpDaQc,0 ko invent kisne kiya,@sureshshinde4916,sl,
f-MySlpDaQc,India ke pass to Chattrapati Shivaji Maharaj the Maharana Pratap Ashoka samrat,@sureshshinde4916,id,
f-MySlpDaQc,America me konse raja the be,@sureshshinde4916,hr,
f-MySlpDaQc,Sanskrit bolne me tu kya be,@sureshshinde4916,sk,
f-MySlpDaQc,Gilli danda me tu kya be,@sureshshinde4916,id,
f-MySlpDaQc,Asthapad me tu kya be,@sureshshinde4916,id,
f-MySlpDaQc,Javelin throw me tu kya be,@sureshshinde4916,en,
DGt7L4GWcko,Wilson Laura Lewis Carol Perez Ronald,@HabibaKhatun-j5l,en,volleyball
DGt7L4GWcko,Perez Karen Gonzalez Christopher Garcia Sandra,@SomJohnestone-v4e,de,volleyball
DGt7L4GWcko,Lewis Kenneth White Thomas Garcia William,@RolandShytie,en,volleyball
DGt7L4GWcko,Lee Donna Wilson Jeffrey Clark Gary,@JerryReed-m7t,en,volleyball
DGt7L4GWcko,White Linda Hall Patricia Martin Brian,@dorteramacey5672,en,volleyball
DGt7L4GWcko,Brown Michelle Smith Cynthia Rodriguez Barbara,@DarrellHarris-v7w,cy,volleyball
DGt7L4GWcko,Gonzalez Amy Young Jose Thomas Christopher,@KatherineAckley-l1q,en,volleyball
DGt7L4GWcko,Williams Laura Hernandez Elizabeth Jones Frank,@JoslynJane-nw4gw,de,volleyball
DGt7L4GWcko,White Timothy Taylor Sharon Perez Scott,@JohnnieHowell-r5s,en,volleyball
DGt7L4GWcko,Japanese r the Boss in the Power Hollyball hence they are Short.Power Hollyball is the game Tall N powerful Players.,@balkrishnashinde9815,en,volleyball
KpkEVdNzKSU,"This time, the right match! 😎 Enjoy!",@volleyballworld,en,volleyball
KpkEVdNzKSU,Sas,@cufex3210,tl,volleyball
KpkEVdNzKSU,What happened to the latest vbtv update? That's bad 👎👎😓 the old one looks better,@kusokuso3042,en,volleyball
KpkEVdNzKSU,Really enjoy👍,@ginakomalasari3020,en,volleyball
KpkEVdNzKSU,Enjoy❤,@matandang18,fi,volleyball
KpkEVdNzKSU,"@@kusokuso3042agree, my favorite-matches list has been deleted, alongside other aspects. I truly hope it is temporal",@Ivette-kl7py,en,volleyball
KpkEVdNzKSU,西田すご,@user-om2vq4yi6n,ja,volleyball
KpkEVdNzKSU,好きなんかな,@user-om2vq4yi6n,ja,volleyball
KpkEVdNzKSU,Gonzalez Patricia Hernandez Eric Martin Barbara,@kelvinjohnsson,ro,volleyball
KpkEVdNzKSU,Allen Amy White John Martinez Nancy,@DanielYoung-s5n,en,volleyball
KpkEVdNzKSU,Miller Anthony Thomas Daniel Hernandez David,@PatienceRoy-d5k,en,volleyball
KpkEVdNzKSU,Bruh,@CrispyBaconExplorer,id,volleyball
KpkEVdNzKSU,Walker Sharon White Jeffrey Lee Timothy,@MarionWilliams-m7x,en,volleyball
KpkEVdNzKSU,龍さんのトス好きなんよなぁ,@user-gp1ix4sz6f,ja,volleyball
KpkEVdNzKSU,",😂",@OkokYaya-y5k,unknown,volleyball
x04jgjQ_hLI,The Behind the Scenes are now live: https://www.olympicchannel.com/en/playback/baby-games-behind-the-scenes/!,@Olympics,en,athletics
x04jgjQ_hLI,Olympic z,@lilyasliti8630,en,athletics
x04jgjQ_hLI,Olympic,@magesh290978,en,athletics
x04jgjQ_hLI,Olympic is this realy ?,@gerwindimmendaal7722,en,athletics
x04jgjQ_hLI,Olympic Wheres the philipnes!!!????,@cryobytedoesstuff2302,en,athletics
x04jgjQ_hLI,Norberto Geronimo ikr,@ESCAPETHEMATRIX_1,it,athletics
x04jgjQ_hLI,Justice fir india!!,@kajalsingh4079,en,athletics
x04jgjQ_hLI,Where's indian??,@kajalsingh4079,en,athletics
x04jgjQ_hLI,"This is adorable, but the way the Olympics are going, with athletes getting younger and younger, this may be reality soon! 🤣",@WhatDoesMyChannelNameMean,en,athletics
x04jgjQ_hLI,🥰🥰🥰♥️♥️,@RANJANAPATEL-m8t,unknown,athletics
x04jgjQ_hLI,"Well, this is something that Drake would watch",@jooper789,en,athletics
x04jgjQ_hLI,my cousin will win all of the golds for italy,@alelosportivo,en,athletics
x04jgjQ_hLI,इससे अच्छा तो मेरा छोटा भाई चलता और दौड़ता hai,@Deepchandrapatell,hi,athletics
x04jgjQ_hLI,"D
GWd",@VinnyDarpino,de,athletics
x04jgjQ_hLI,When I was younger I thought this was real😂,@Blue-Bliss443,en,athletics
o6_fe0apLwo,she ain’t have to step up was already taller from the silver step,@a55tech,en,
o6_fe0apLwo,"Not 4 years this time, it's more like 2.5 years",@91873delete,en,
o6_fe0apLwo,US  Purple Face team.  Yahoo 😂,@GroomsmanBuilder,en,
o6_fe0apLwo,"Ban the dopers, ban the purple faces.",@DurcDurc,en,
o6_fe0apLwo,"They were so great with PURPLE faces.
They should get the purple medals.",@DurcDurc,en,
o6_fe0apLwo,convinence nalang hulat,@MerianRamoza,tl,
o6_fe0apLwo,"Good news!
the drug can't be detected!
Bad news!
it can be seen!",@user-wd6gv1zu9i,en,
o6_fe0apLwo,Tori half Chinese for ur info,@yeoweehuathuat8926,en,
o6_fe0apLwo,Do they have purple faces? Bunch of whiners in China changed the hue to defaced the USofA.,@rakerdinh7593,en,
o6_fe0apLwo,Canada slapped up USA at swimming this year 👌🏾,@BlackHand531,en,
OtgMP_6Y19w,The best of the #Paris2024 badminton action 👉 https://oly.ch/P24Badminton,@Olympics,en,badminton
OtgMP_6Y19w,When can we expect all the badminton gold medal full matches ?,@svishwasgowda,en,badminton
OtgMP_6Y19w,Wang is always smiling!,@johnnyhundo100,tl,badminton
OtgMP_6Y19w,안세영 ❤❤❤❤❤❤❤❤❤❤❤❤❤❤❤❤❤❤❤❤🎉🎉🎉🎉🎉🎉🎉🎉,@okp4396,ko,badminton
OtgMP_6Y19w,All the winners were expected and not even clos except MD,@iamkj2008,en,badminton
OtgMP_6Y19w,Now a days china is not a undefeatable team in badminton,@user-eu9yz3tv2w,en,badminton
OtgMP_6Y19w,Chinaton,@ZoozoosYadav,en,badminton
OtgMP_6Y19w,Where's INDONESIA 😂,@XQFNVZ,en,badminton
OtgMP_6Y19w,0:08 🇹🇼🇹🇼🇹🇼,@DukeOfMonkey,unknown,badminton
OtgMP_6Y19w,China three silver and two gold in badminton...wao!!!!,@Warriors..570,en,badminton
OtgMP_6Y19w,Those who are from Taiwan -->,@user-pl7bb9sg3g,en,badminton
Th7lxTBg96c,Boring.,@idmaude66,tl,
Th7lxTBg96c,Magnifique! Félicitations aux créateurs !,@frankservoise8245,fr,
Th7lxTBg96c,#FREEDUROV,@smgbdr4338,de,
Th7lxTBg96c,The Tokyo 🗼 version was on another level 💙,@mounaim.benmansour561,en,
Th7lxTBg96c,"Dear Omega,
Just a thought from a satisfied owner of a speedmaster, a planet ocean and an aquaterra. People here like (or love) watches and the Omega brand. We associate it with spectacular feats, in the sports field or in space, though we all know it's sometimes only communication.
But what's with the 40 second videos of Omega house in Paris which are only a display of people and influencers absolutely NOBODY here cares about ? Look at the number of views ! 74 M views for this video vs 5 to 10 k for the Omega's house's ones.
Please dump those partnerships and focus on what people love you for, watchmaking.",@jbjcrash2,en,
Th7lxTBg96c,Nice video for the best olympics ever. Paris 2024 ❤,@jbjcrash2,en,
Th7lxTBg96c,Olympic games >>>> world cup,@rassth1290,en,
Th7lxTBg96c,This ad is unironically the best part of the Paris Olympics.,@choiyongjae,en,
Th7lxTBg96c,"The Olympics were exactly the way the ad predicted it to be. Stunning Venues, Fabulous City & Great Crowds.",@tedmink7568,en,
Th7lxTBg96c,"​​@@tedmink7568 The athletes also swam in the Seine, so yup it sure does check out 😂",@RubykonCubes3668,en,
Th7lxTBg96c,Superb advert 🥇👌👏🍾🙏,@bernardmartinez1275,id,
Th7lxTBg96c,"This commercial took the concept of the unofficial music video ""Niggas in Paris"" Jay-Z + Kanye West by the directors Greg & Lio",@chrisLawnsey,en,
Z72DT7nu5f0,🐪,@adzbostone1711,unknown,
Z72DT7nu5f0,Good God Chari ❤🥰,@gobbollino2688,cy,
Z72DT7nu5f0,Looking good representing!!,@davess3032,af,
Z72DT7nu5f0,2,@DoGnarlyStuff,unknown,
Z72DT7nu5f0,J'adore ❤❤❤,@olivierdiotallevi4488,pt,
Z72DT7nu5f0,I fall in love with you ❤️,@harishsingh3081,en,
Z72DT7nu5f0,Dem's undies,@ShdwftheSuN,de,
Z72DT7nu5f0,Nem parece que é Homem...,@uilton154,pt,
Z72DT7nu5f0,what..?,@harper_inlove1440,en,
Z72DT7nu5f0,Strong Michelle Pfeiffer vibes.,@felixestrada8512,de,
Z72DT7nu5f0,Love it!,@Altbravesfan1969,en,
VLo2QlEle9o,Que dire  .. Bravo bravo 👏❤,@isabellamollet1354,pt,
VLo2QlEle9o,❤❤❤❤,@laetitia2408,unknown,
VLo2QlEle9o,"Bravo, championne ❤❤❤",@ShanabqtvlmBousquet,it,
VLo2QlEle9o,C'est ptn d'inspirant,@TheCharl0ttte,fr,
VLo2QlEle9o,Super,@violaineherbe8014,id,
VLo2QlEle9o,BRAVO ❤.,@churo3427,pt,
VLo2QlEle9o,Magnifique quel détermination 😊😊😊😊chapeau,@helicoco2490,fr,
VLo2QlEle9o,❤❤❤❤❤,@fatoumametmati5903,unknown,
VLo2QlEle9o,Extra❤❤❤❤❤❤❤❤❤🎉,@user-ue1lz7bk9r,ro,
VLo2QlEle9o,Un seul mot : BRAVO ! ❤❤❤❤❤❤❤,@myriam8217,ro,
jPFbFhAK35c,get prosthetic arms for him and it would have been better,@framorandii,en,
jPFbFhAK35c,No...he's fine just the way he is. It's his body and that's probably what he wanted.,@PeterPantheFearless,en,
jPFbFhAK35c,It must have cost him an arm and a leg to get there,@user-iq5xz2ki7v,en,
jPFbFhAK35c,"Wome to the P [applause]

😭",@RavenIsAnArtist,en,
jPFbFhAK35c,Paris had done a terrific job bein the host to both Olympic Games in 2024,@danrhone9756,en,
jPFbFhAK35c,"Woah, this isn't offensive like the Olympic opening ceremony",@randomthingperson9,en,
jPFbFhAK35c,"""Can you do piano play back?""
""Of course ... *NOT* """,@WoutervanWilligen,en,
jPFbFhAK35c,Yes! Love the vibe!,@soni8995,en,
jPFbFhAK35c,"Actually gave me chills of excitement.L o , l , but i'm serious though",@Janine-x1j,en,
jPFbFhAK35c,Great start.It's getting my heart pumping again awesome,@Janine-x1j,en,
jPFbFhAK35c,Welcome to Paris!!!!!!!!!!!,@extreme2842,en,
4rnJOqptoS8,Enjoy more #Paris2024 🏑 Hockey action ➡ https://go.olympics.com/watch,@Olympics,en,athletics
4rnJOqptoS8,I will always miss Paris olymices because it was well organized bravo to olymices committee,@parveenkousar9269,en,athletics
4rnJOqptoS8,I love bangladesh hidus athletic,@NiNyomanSudarmi-w5g,en,athletics
4rnJOqptoS8,I like hindus bangladesh athlete,@NiNyomanSudarmi-w5g,en,athletics
4rnJOqptoS8,Onek balo kela onek boro stidiam,@Enjoyview470,sl,athletics
4rnJOqptoS8,Balo solb mone hoi kelo kelo valo🎉,@Enjoyview470,sl,athletics
4rnJOqptoS8,why USA always number 1,@wilsonthuo9639,en,athletics
4rnJOqptoS8,Gabby Thomas refusing to hug Wilfred at the end….,@takyc7883,en,athletics
4rnJOqptoS8,"Where is Arshad Nadeem throw that won gold medal, 
You are Olympic management,you are not neutral, ok, 👋👋👋👋👋",@kashifkhitchi4516,en,athletics
4rnJOqptoS8,"Bloody Indians not showing Pakistani winners but showing Indian chopra for 2nd position 😂
Arshad Nadeem ❤️ 🇯🇴 🫡",@rasheedrasheed4543,en,athletics
lQWGdleTGGY,Reminds Ronaldinho vs England,@rafaelsilva6750,en,
lQWGdleTGGY,Awesome kick.,@francisnguyen6349,af,
lQWGdleTGGY,That was an amazing free kick by her,@Roycer_200,en,
lQWGdleTGGY,"For replays from #Paris2024, hit the link: https://go.olympics.com/watch",@Olympics,en,
MDDkq5q3mhk,Go for gold ❤️,@naperunikuendukube8447,cy,badminton
MDDkq5q3mhk,Sindhu🎉gold,@MeeanjStyles,de,badminton
MDDkq5q3mhk,Jdnc,@zidangaming7,cs,badminton
IgLwJKEhB1w,Questa è amicizia😊❤❤,@cinziamagrini6326,it,
ldVfcRqMhP0,"What about her twin sister, does she still run?",@michelleogrady6709,en,
ldVfcRqMhP0,"Yes, but she has an injury, so she had to skip the Olympics to recover.",@JamaicaByDesign,en,
ldVfcRqMhP0,Big up Tia just the beginning.,@anthonychin2210,en,
ldVfcRqMhP0,Tia Clayton will have a great track future. Blessings and compliments from New York City.,@arabionjames9290,en,
ldVfcRqMhP0,Well done Tia❤🇻🇨,@judyprunellacordice9519,it,
ldVfcRqMhP0,Good,@user-jm4jt4ju7t,so,
ldVfcRqMhP0,Proud of you Tia.I cant wait to see you hone your skill .,@godluvsya877,en,
ldVfcRqMhP0,So glad to see the support she is getting as a young athlete..congrats,@luv4u100,en,
ldVfcRqMhP0,Big up Uhself my  Girl ... Congrats 🇯🇲🇯🇲🇯🇲,@georgeanthony6511,en,
ldVfcRqMhP0,Your day will come,@phillipwilson5976,en,
ldVfcRqMhP0,Time to go to work,@albertcampbell8893,en,
gmVjX1yWUys,The best of the #Paris2024 equestrian action 👉 https://oly.ch/P2024Replays,@Olympics,en,equestrian
gmVjX1yWUys,what a awesome tribute,@celestinelocsin,en,equestrian
gmVjX1yWUys,C'était très beau,@UnE_PoNeTtE.1_1,fr,equestrian
gmVjX1yWUys,Animal torture sadly.,@Sounds2Ardor,en,equestrian
gmVjX1yWUys,"So the horse works hard, but the jockey gets the medal...",@zackyoda742,en,equestrian
gmVjX1yWUys,Who is cutting the onions? The swimmer with her deceased puppy and now the equstian for her hubby,@Doggieworld3Show,en,equestrian
gmVjX1yWUys,Hi! Who is the swimmer?,@panquequescondulcedeleche,en,equestrian
gmVjX1yWUys,@@panquequescondulcedeleche  Sharon van Rouwendaal from Netherlands.,@Doggieworld3Show,en,equestrian
gmVjX1yWUys,@@Doggieworld3Show Thank you!,@panquequescondulcedeleche,en,equestrian
gmVjX1yWUys,Beautiful! ❤,@TamiJennings-cf9lv,ro,equestrian
gmVjX1yWUys,King video.,@TundeEszlari,no,equestrian
gmVjX1yWUys,Boss lady,@Diza0.5,ca,equestrian
gmVjX1yWUys,India 🇮🇳❤️,@happyshorts6585,id,equestrian
JCJif-DwHBM,maNga'nın sonuna kadar hakettigi bir performanstı .Yusuf Dikeç'in de öyle ama maNga'nın yeir ayrı ;;))  ( Ne ağlaması  gözüme 2010 euverision kaçtı ;*(),@ahmetyigit2052,tr,
JCJif-DwHBM,Aga beee😢😢,@dorukutkusaknl356,so,
JCJif-DwHBM,Ne kadar maNga fanısın testi yapsana yine ama bu sefer zor olsun😌😁,@bnovsabdurrahmanova4701,tr,
JCJif-DwHBM,girdiğiniz tripleri bozmak için değil ama o turkuaz kağıdın küçüklüğünden ve 10m mesafe karşısında nasıl göründüğü hakkında zerre fikriniz yok ya da oradaki diğer 23 kişiden,@born_out.of.fashion,tr,
JCJif-DwHBM,"Arkadaşlar bu adamın asıl hikayesi şu :
Adamın yarışmaya çıkmadan önce      
silahı bozulmuş ama silah yurtdışından geldiği için yeni silah alırsa eğer yarışma gününe yetişmiyordu o yüzden adam silahı  
tamirci arkadaşına tamir ettirdi ama adam artık ümidi kesmişdi bu 
yüzden ekipmansız çıkmıştı 
Lütfen sabitlermisim",@AslKrbas,tr,
JCJif-DwHBM,"@@AslKrbas anlattığın doğru ama ekipmansız çıkma nedeni o değil, yalnızca ekipmansız atmaya alışmış.",@jamisthebusguitarist,tr,
JCJif-DwHBM,"@@jamisthebusguitarist he peki 
teşekkürler",@AslKrbas,et,
JCJif-DwHBM,"Birinciye çok üzülüyorum
TÜRK'ÜN ASALETİ yüzünden unutuldu adam",@MuichiroTokito_172,tr,
JCJif-DwHBM,@@MuichiroTokito_172 ahahahha di mi :),@jamisthebusguitarist,so,
JCJif-DwHBM,Birinci kadın kim-yeji,@강미레,tr,
JCJif-DwHBM,"@@강미레 hayır değil, Yusuf Dikeç 10 m takımlı atıcılıkta yarıştı ve 1. Sırbistan takımı oldu.",@jamisthebusguitarist,tr,
JCJif-DwHBM,"1.kim bu arada vallahi bilmiyorum, biri söyleyebilir mi",@nermindemirel7899,tr,
JCJif-DwHBM,"@@nermindemirel7899 Atıcılık olimpiyatlarında Sırbistan, Eurovision'da Almanya.",@jamisthebusguitarist,tr,
JCJif-DwHBM,Kim demiş 1. Olmadık diye,@maNga_Pamuk,tr,
JCJif-DwHBM,@@maNga_Pamuk konserlerde We Could Be the Same'den önce bu cümleyi söyledikleri an >>>,@jamisthebusguitarist,tr,
JCJif-DwHBM,Sonunda bununla ilgili edit yapan birini buldum. Tüm delilere selam olsun,@bnovsabdurrahmanova4701,tr,
JCJif-DwHBM,@@bnovsabdurrahmanova4701 aleyküm selam 🫡😁,@jamisthebusguitarist,tr,
JCJif-DwHBM,Unutulmaz efsaneler,@sertaceraslan,ro,
kAmLglKOv7M,Which area sud is this? Facing the Eiffel tower?,@tatechamps,en,
kAmLglKOv7M,The players will never get to see that view 😢 (neither will I),@DonaldGloveruieie8511,en,
kAmLglKOv7M,Incredible.,@francisnguyen6349,en,
kAmLglKOv7M,Nope,@ReichWarLord,en,
kAmLglKOv7M,Sim :3,@TurmaBreci-yt,de,
kAmLglKOv7M,"Wow, c'est incroyable. Le football ici.",@extreme2842,en,
kAmLglKOv7M,Que bonito 😮😊,@user-sr1gi4fu4f,it,
QHssz14LD9A,wooow ! your sister got the best view 🤸‍♀️,@YouTube,en,
QHssz14LD9A,I know right!,@lifeofcnea,en,
QHssz14LD9A,She is absolutely amazing!!,@ritaostrum2433,en,
QHssz14LD9A,Her documentary was so inspiring and special. Please thank her for putting mental health first and for rising yet again. She deserves it all,@beatrizdlara6180,en,
QHssz14LD9A,You must be so very proud Young lady! I know we ALL are back home! God bless you and yours And God bless America❤🤍💙,@grandmagrace9453,en,
QHssz14LD9A,🙏🏾💜🔥🇺🇸,@denisetucker6571,unknown,
QHssz14LD9A,She messed up!!!😭😭😭😭,@mr.reallove7929,en,
QHssz14LD9A,Amazing.. tell her we are all cheering for her..USA USA USA..❤,@lisabethryan9876,en,
QHssz14LD9A,she was incredible! such an amazing woman.,@edieb.10x,en,
QHssz14LD9A,SIMONE BILES IS YOUR SISTER!!!,@savannajayasingha6849,en,
QHssz14LD9A,No no! My sister was watching Simone,@lifeofcnea,en,
QHssz14LD9A,Steps and hops,@user-vu3nz4un7d,en,
QHssz14LD9A,Who cares,@sarahhibbard4845,en,
IgLwJKEhB1w,Questa è amicizia😊❤❤,@cinziamagrini6326,it,
4lIQF8NiPvo,Its so good but princess leonor was sitting in crossed legs,@EverExploringScientists,en,
4lIQF8NiPvo,Bellissime❤❤❤,@antoniettafiore3191,fi,
4lIQF8NiPvo,I Love You Lionel princesse,@UserAq-wy4ei,it,
4lIQF8NiPvo,❤❤❤,@MeylisAtakulyyew-wi5gf,unknown,
4lIQF8NiPvo,красота,@user-mt1lr1fx9q,mk,
4lIQF8NiPvo,Very beautiful,@user-mt8xc3nb2e,en,
4lIQF8NiPvo,Já perguntei... Vou insistir...Praticam algum esporte? Sugestão: https://youtu.be/NyY_awQz8Z4?si=x0kuFIwUjSAEecll,@fernandogoncalves4610,pt,
4lIQF8NiPvo,Bonito viideo de la Princesa Leonor y la Infata apoyando el equipo de la selecion de España.,@mariaangelesmarinramirez5376,es,
4lIQF8NiPvo,The best Princes ❤❤,@faisalbharat9351,en,
4lIQF8NiPvo,"Asco de música! El reggaeton no es música española,",@ramOm420,es,
gmVjX1yWUys,The best of the #Paris2024 equestrian action 👉 https://oly.ch/P2024Replays,@Olympics,en,equestrian
gmVjX1yWUys,what a awesome tribute,@celestinelocsin,en,equestrian
gmVjX1yWUys,C'était très beau,@UnE_PoNeTtE.1_1,fr,equestrian
gmVjX1yWUys,Animal torture sadly.,@Sounds2Ardor,en,equestrian
gmVjX1yWUys,"So the horse works hard, but the jockey gets the medal...",@zackyoda742,en,equestrian
gmVjX1yWUys,Who is cutting the onions? The swimmer with her deceased puppy and now the equstian for her hubby,@Doggieworld3Show,en,equestrian
gmVjX1yWUys,Hi! Who is the swimmer?,@panquequescondulcedeleche,en,equestrian
gmVjX1yWUys,@@panquequescondulcedeleche  Sharon van Rouwendaal from Netherlands.,@Doggieworld3Show,en,equestrian
gmVjX1yWUys,@@Doggieworld3Show Thank you!,@panquequescondulcedeleche,en,equestrian
gmVjX1yWUys,Beautiful! ❤,@TamiJennings-cf9lv,ro,equestrian
gmVjX1yWUys,King video.,@TundeEszlari,no,equestrian
gmVjX1yWUys,Boss lady,@Diza0.5,ca,equestrian
gmVjX1yWUys,India 🇮🇳❤️,@happyshorts6585,id,equestrian
CwIuOPBcGDc,"Just when you think you've seen it all, the craziest moments in women's sports happen",@wowlab6868,en,volleyball
CwIuOPBcGDc,I love watching Lauren Carlini. I thinks she’s a great setter. She also can block too!,@ordersstatus5405,en,volleyball
CwIuOPBcGDc,good job USA,@salasjm4651,so,volleyball
CwIuOPBcGDc,Go go USA❤❤❤❤,@PhongSamountry-ot6zw,so,volleyball
CwIuOPBcGDc,"Не интересно смотреть,компнда зеленых вообще не готова к приёму",@ОльгаЕрёмкина-у2ю,ru,volleyball
CwIuOPBcGDc,"Девочки в зелёным ,даже не можете мяч разыграть и подать нормально,а вечно попадаете в блок,можно же всегда играть обманным путем,",@ОльгаЕрёмкина-у2ю,ru,volleyball
CwIuOPBcGDc,"Девочки в зелёным,меньше в ладоши хлопайте и обнимайтесь,а лучше в игру войдите,не можете даже нормально разыграть,Вас как щенков обыгрывают,",@ОльгаЕрёмкина-у2ю,ru,volleyball
CwIuOPBcGDc,❤❤❤sheers both teams,@darikasurapee3474,en,volleyball
CwIuOPBcGDc,Arriba estados unidos,@user-hv8ps3fs5i,es,volleyball
CwIuOPBcGDc,Ease work for USA 🇺🇸,@DanielMartinez-bv6xn,en,volleyball
HlQHViKNhRg,What a final move,@jojotheemperor2217,en,cycling
H1VAyF52arc,Nah he is 9 foot tho lol,@Bzbfjjzjak,en,
H1VAyF52arc,🇹🇷= Osmanlı tokadı 🚬💀🤘🏻🐺,@Bitanedahainsan,tr,
H1VAyF52arc,"Poi fa taekwondo moderno cioè taekwondo lgtbq , non potrebbe mai con uno che ha fatto taekwondo old school , il vero taekwondo ""la vecchia scuola"" , speriamo che questo tipo di taekwondo finisca e torni ad essere quello di una volta dov'era veramente taekwondo come arte Marziale e non la pagliacciata che c'è adesso",@erlogamarra4387,it,
H1VAyF52arc,This dude could kick you off a balcony from the ground floor.,@damien_rsa24,en,
H1VAyF52arc,"Simone tiene 1,97 y mucha habilidad",@luancardoso1922,es,
H1VAyF52arc,😢i hate the new uniform,@pgnvlogs5073,en,
H1VAyF52arc,Eu faço taewondo,@ValentinaSilvestre-vy8xw,pt,
H1VAyF52arc,Я черный пойыз,@user-gj2zl3vl6n,ru,
H1VAyF52arc,Goddam he tall as hell,@Zedoone,cy,
H1VAyF52arc,forreal 😭,@esperanzavictora,en,
H1VAyF52arc,Puoi rovesciare a calcio,@glileopotenza8227,it,
yj72a4Kj9vk,"Here's your spectacularity:
901 Like
16k Dislikes",@razoblicavanje4231,en,athletics
yj72a4Kj9vk,wtf is this,@hugobarbosa7753,en,athletics
yj72a4Kj9vk,"for the message of the cross is foolishness to those who are perishing, but to us who are being saved, it is the power of god, for it is written i will destroy the wisdom of the wise, the intelligence of the intelligent i will frustrate,  where is the wise man, where is the scholar, where is the philosopher of this age, has not god made foolish the wisdom of the world, for since in the wisdom of god the world through its wisdom did not know him, god was pleased through the foolishness of what was preached to save those who believe, 1 corinthians 1 v 18 to 21",@stevennorton485,en,athletics
yj72a4Kj9vk,now I understand why they call it the toilet of Europe 😂,@MARIAMaria-hd2um,en,athletics
yj72a4Kj9vk,The Wokeness here is frightening.,@JoshuaPietrzak,en,athletics
yj72a4Kj9vk,"ROFL at 1:29 a french girl says in the background ""It was so bad""",@OptLab,en,athletics
yj72a4Kj9vk,What a shame🤦🏻‍♂️...an absolute disgrace.👎🏻,@2PillsA,en,athletics
yj72a4Kj9vk,Such a disgusting opening. Watch previous openings U will see what is Spectacular.,@jerinaelsa,en,athletics
yj72a4Kj9vk,"Best ceremony ever, don’t trust the bots and internet trolls",@padamoi8979,en,athletics
yj72a4Kj9vk,別出心裁的開幕禮，非常精彩，我喜歡。,@hoyewkheong1,zh-tw,athletics
K-moObhqnrw,Bravo😊,@capitaincook6779,sk,
K-moObhqnrw,nul et renul depuis des années les athlètes français athletisme...la honte 1 seule médaille...,@Rico-tb2ob,fr,
K-moObhqnrw,Y a pas que chez pogacar que y a des produits magique...😂,@lamerepoulard9873,fr,
K-moObhqnrw,C'est que les qualifs ... !,@Macabre0007,fr,
K-moObhqnrw,Il me semble qu'il avait mis un pied sur la ligne de couloir ...,@michelchabaud3820,fr,
K-moObhqnrw,"Avec classe, Clément  tu l'a  fait 😂😂",@rosebah9942,fr,
K-moObhqnrw,Bravo à ce pessacais ❤🇫🇷,@loliviervert,fr,
K-moObhqnrw,"Quand l athlétisme français marche, on ne parle pas du manque de moyens, c est quoi ces excuses bien françaises.",@user-yi3eu7wx3t,fr,
K-moObhqnrw,Quand l athlétisme français marche? c'est que les athlètes ne s'entrainent pas en france.,@moudugenou3492,fr,
K-moObhqnrw,"Les journaleux qui risquent la crise cardiaque à chaque commentaire, feraient mieux de se renseigner sur tous les athlètes Français. . Bravo Clément, moi j'y croyais. ❤ Merde pour la finale ❤❤❤.",@laurenttokarski5260,fr,
K-moObhqnrw,Super 👍 👍,@philippebelouin3307,id,
CwG3tNExgV4,Why is the disabled one taller than,@ssfashoo,en,
CwG3tNExgV4,Because why not?,@mildlydispleased3221,en,
CwG3tNExgV4,Where is the cooks symbol of france,@CosminThefigure,en,
CwG3tNExgV4,かわいいな今回のマスコット,@clover.5166,ja,
CwG3tNExgV4,"Team USA 🇺🇸 
👇",@DetroitLionsFan14,en,
CwG3tNExgV4,I'm sorry but the Phryges are frigging like Izzy the 1996 olympic mascot.,@Luverofmysoul2,en,
CwG3tNExgV4,The French started slavery.,@solomonmitiku2209,en,
CwG3tNExgV4,The cap indicates freedom of the slaves tho.,@5upergamer8,en,
CwG3tNExgV4,Can’t believe they made the mascots dots candys,@Patriot2814,en,
CwG3tNExgV4,Ah my god they are so cute 🥰,@user-zu8do2vx7n,en,
CwG3tNExgV4,"european affairs northern southern eatern western central.
hail the lord!",@mamatheshkumar5711,en,
CwG3tNExgV4,we want to have a video game development for Mario and Sonic at the Olympic games,@KyashiTran-san,en,
CwG3tNExgV4,Yeah in Paris 2024,@tiredofTicks,id,
CwG3tNExgV4,Maybe they might actually release it in 2024,@Darkchao_berserko22,en,
CwG3tNExgV4,Yes I am from the future only 14 days left,@VinitomMirasomelover,en,
kAmLglKOv7M,Which area sud is this? Facing the Eiffel tower?,@tatechamps,en,
kAmLglKOv7M,The players will never get to see that view 😢 (neither will I),@DonaldGloveruieie8511,en,
kAmLglKOv7M,Incredible.,@francisnguyen6349,en,
kAmLglKOv7M,Nope,@ReichWarLord,en,
kAmLglKOv7M,Sim :3,@TurmaBreci-yt,de,
kAmLglKOv7M,"Wow, c'est incroyable. Le football ici.",@extreme2842,en,
kAmLglKOv7M,Que bonito 😮😊,@user-sr1gi4fu4f,it,
PJKRsrdJH1Y,Pasabog toits,@ab5e_uic-sec,tl,
PJKRsrdJH1Y,Cool,@christianlebordelais,en,
4Piec8CKC_U,THE MOST DELUDED FANBASE IS... ⬇️⬇️⬇️,@augeyboyz,en,football
4Piec8CKC_U,Arsenal,@AdityaArdalkar,de,football
4Piec8CKC_U,ARSENALL COYG,@IanMas-vo9ux,ca,football
4Piec8CKC_U,TOTTENHAM,@AmericanCitizen-b9h,vi,football
4Piec8CKC_U,Make a Man U squad update please,@D1Crashoutz,en,football
4Piec8CKC_U,"manchester city, 3/4 or more of the fans are glory hunters",@atIetico,en,football
4Piec8CKC_U,Im an arsenal fan ...,@Internazionale_fc1,en,football
4Piec8CKC_U,very interesting😘😍💞❤❤❤,@MelirodrigezCute,no,football
4Piec8CKC_U,He that falls in love with himself will have no rivals❤❤❤,@MelirodrigezCute,en,football
4Piec8CKC_U,"Alright lemme try
Man City is better then Real Madrid",@Glactica_vr,en,football
4Piec8CKC_U,City fans: 👻👻,@pessi-u9t,en,football
4Piec8CKC_U,🤣,@rubiconazza,unknown,football
4Piec8CKC_U,"If you think abt it, almost every big clubs fanbase is delusional, because they want to see their club win everything
And if fans believe in their club the now get called delusional 😂
Sad to see football become what it is",@RSGuardianE11,en,football
4Piec8CKC_U,Im waiting for the 2024/25 premier league shorts!,@RyanTheUnitedFan,en,football
4Piec8CKC_U,COME ON START UPLOADING PLS,@Scarletsteak927,en,football
-GyOgy3zbIU,"Non è la finale delle olimpiadi!p
È la vnl.",@maurobentivogli6839,it,
-GyOgy3zbIU,"Brave ragazze . Siete tutte stupende , non vi siete piegati davanti allo strapotere Statunitense. La medaglia vale doppia.❤❤",@user-zj5mz5iv8k,it,
-GyOgy3zbIU,"Ragazze, vi siete riviste? Da dentro avete una percezione, ma vedervi da fuori vi fa comprendere meglio quanto siete state bravissime, una macchima da guerra. La squadra maschile...hmmm lontani anni luce!",@renatoacquadro328,it,
-GyOgy3zbIU,Poesia ❤,@annalisamele7320,pt,
-GyOgy3zbIU,Paola Egonu egual Lisa Togut😊😊😊,@antonioermannolamberti9135,ca,
-GyOgy3zbIU,L'Italia che piace. Grazie ragazze,@fedepel4457,it,
-GyOgy3zbIU,❤💪🇮🇹👏🏐🥇😍sono orgogliosa di voi...ragazze d'oro 🥇,@mariamagrini245,it,
-GyOgy3zbIU,Regine😊,@giannisutto8502,de,
-GyOgy3zbIU,"La nazionale di pallavolo piu forte di tutti i tempi, a livello mondiale. Con l allenatore migliore",@raffaelecafiero3608,it,
-GyOgy3zbIU,Italia... Dominio assoluto 🇮🇹🇮🇹🇮🇹🇮🇹🇮🇹,@uk-lp9hp,it,
wZbY7F3Fb5s,Yusuf dikec Türkiye poavr❤,@Melodi-b7h,tr,
wZbY7F3Fb5s,This man is very cool 🇹🇷🇹🇷🇹🇷( btw ı’m turkısh),@Damlik0-0,en,
wZbY7F3Fb5s,bro what is the CEO of roblox doing,@dev_axel,en,
wZbY7F3Fb5s,Bu adamın Aura+++++++++++ 👓👓👓🕶🕶🕶🕶😎😎😎😎🤓🤓🤓🇹🇷🇹🇷🇹🇷🇹🇷🇹🇷🇹🇷🇹🇷🇹🇷🇹🇷🇹🇷🇹🇷🇹🇷,@ExpertEditz-1,tr,
wZbY7F3Fb5s,Simo hayha☠️☠️☠️☠️,@Miumi402,so,
wZbY7F3Fb5s,🇹🇷🇹🇷🇹🇷🇹🇷🇹🇷🇹🇷🇹🇷🇹🇷🇹🇷🇹🇷🇹🇷🇹🇷🇹🇷🇹🇷🇹🇷🇹🇷🇹🇷🇹🇷🇹🇷🇹🇷🇹🇷🇹🇷🇹🇷🇹🇷🇹🇷🇹🇷🇹🇷🇹🇷🇹🇷🇹🇷🇹🇷🇹🇷🇹🇷🇹🇷🇹🇷🇹🇷🇹🇷🇹🇷🇹🇷🇹🇷🇹🇷🇹🇷🇹🇷🇹🇷🇹🇷🇹🇷🇹🇷🇹🇷🇹🇷🇹🇷🇹🇷🇹🇷🇹🇷🇹🇷🇹🇷🇹🇷🇹🇷🇹🇷🇹🇷🇹🇷🇹🇷🇹🇷🇹🇷🇹🇷🇹🇷🇹🇷🇹🇷🇹🇷🇹🇷🇹🇷🇹🇷🇹🇷🇹🇷🇹🇷🇹🇷🇹🇷🇹🇷🇹🇷🇹🇷🇹🇷🇹🇷🇹🇷🇹🇷🇹🇷🇹🇷🇹🇷🇹🇷🇹🇷🇹🇷🇹🇷🇹🇷🇹🇷🇹🇷🇹🇷🇹🇷🇹🇷🇹🇷🇹🇷🇹🇷🇹🇷🇹🇷🇹🇷🇹🇷🇹🇷🇹🇷🇹🇷🇹🇷🇹🇷🇹🇷🇹🇷🇹🇷🇹🇷🇹🇷🇹🇷🇹🇷🇹🇷🇹🇷🇹🇷🇹🇷🇹🇷🇹🇷🇹🇷🇹🇷🇹🇷🇹🇷🇹🇷🇹🇷🇹🇷🇹🇷🇹🇷🇹🇷🇹🇷🇹🇷🇹🇷🇹🇷🇹🇷🇹🇷🇹🇷🇹🇷🇹🇷🇹🇷🇹🇷🇹🇷🇹🇷🇹🇷🇹🇷🇹🇷🇹🇷🇹🇷🇹🇷🇹🇷🇹🇷🇹🇷🇹🇷🇹🇷🇹🇷🇹🇷🇹🇷🇹🇷🇹🇷🇹🇷🇹🇷🇹🇷🇹🇷🇹🇷🇹🇷🇹🇷🇹🇷🇹🇷🇹🇷🇹🇷🇹🇷🇹🇷🇹🇷🇹🇷🇹🇷🇹🇷🇹🇷🇹🇷🇹🇷🇹🇷🇹🇷🇹🇷🇹🇷🇹🇷🇹🇷🇹🇷🇹🇷🇹🇷🇹🇷🇹🇷🇹🇷🇹🇷🇹🇷🇹🇷🇹🇷🇹🇷🇹🇷🇹🇷🇹🇷🇹🇷🇹🇷🇹🇷🇹🇷🇹🇷🇹🇷🇹🇷🇹🇷🇹🇷🇹🇷🇹🇷🇹🇷🇹🇷🇹🇷🇹🇷🇹🇷🇹🇷🇹🇷🇹🇷🇹🇷🇹🇷🇹🇷🇹🇷🇹🇷🇹🇷🇹🇷🇹🇷🇹🇷🇹🇷🇹🇷🇹🇷🇹🇷🇹🇷🇹🇷🇹🇷🇹🇷🇹🇷🇹🇷🇹🇷🇹🇷🇹🇷🇹🇷🇹🇷🇹🇷🇹🇷🇹🇷🇹🇷🇹🇷🇹🇷🇹🇷🇹🇷🇹🇷🇹🇷🇹🇷🇹🇷🇹🇷🇹🇷🇹🇷🇹🇷🇹🇷🇹🇷🇹🇷🇹🇷🇹🇷🇹🇷🇹🇷🇹🇷🇹🇷🇹🇷🇹🇷🇹🇷🇹🇷🇹🇷🇹🇷🇹🇷🇹🇷🇹🇷🇹🇷🇹🇷🇹🇷🇹🇷🇹🇷🇹🇷🇹🇷🇹🇷🇹🇷🇹🇷🇹🇷🇹🇷🇹🇷🇹🇷🇹🇷🇹🇷🇹🇷🇹🇷🇹🇷🇹🇷🇹🇷🇹🇷🇹🇷🇹🇷🇹🇷🇹🇷🇹🇷🇹🇷🇹🇷🇹🇷🇹🇷🇹🇷🇹🇷🇹🇷🇹🇷🇹🇷🇹🇷🇹🇷🇹🇷🇹🇷🇹🇷🇹🇷🇹🇷🇹🇷🇹🇷🇹🇷🇹🇷🇹🇷🇹🇷🇹🇷🇹🇷🇹🇷🇹🇷🇹🇷🇹🇷🇹🇷🇹🇷🇹🇷🇹🇷🇹🇷🇹🇷🇹🇷🇹🇷🇹🇷🇹🇷🇹🇷🇹🇷🇹🇷🇹🇷🇹🇷🇹🇷🇹🇷🇹🇷🇹🇷🇹🇷🇹🇷🇹🇷🇹🇷🇹🇷🇹🇷🇹🇷🇹🇷🇹🇷🇹🇷🇹🇷🇹🇷🇹🇷🇹🇷🇹🇷🇹🇷🇹🇷🇹🇷🇹🇷🇹🇷🇹🇷🇹🇷🇹🇷🇹🇷🇹🇷🇹🇷🇹🇷🇹🇷🇹🇷🇹🇷🇹🇷🇹🇷🇹🇷🇹🇷🇹🇷🇹🇷🇹🇷🇹🇷🇹🇷🇹🇷🇹🇷🇹🇷🇹🇷🇹🇷🇹🇷🇹🇷🇹🇷🇹🇷🇹🇷🇹🇷🇹🇷🇹🇷🇹🇷🇹🇷🇹🇷🇹🇷🇹🇷🇹🇷🇹🇷🇹🇷🇹🇷🇹🇷🇹🇷🇹🇷🇹🇷🇹🇷🇹🇷🇹🇷🇹🇷🇹🇷🇹🇷🇹🇷🇹🇷🇹🇷🇹🇷🇹🇷🇹🇷🇹🇷🇹🇷🇹🇷🇹🇷🇹🇷🇹🇷🇹🇷🇹🇷🇹🇷🇹🇷🇹🇷🇹🇷🇹🇷🇹🇷🇹🇷🇹🇷🇹🇷🇹🇷🇹🇷🇹🇷🇹🇷🇹🇷🇹🇷🇹🇷🇹🇷🇹🇷🇹🇷🇹🇷🇹🇷🇹🇷🇹🇷🇹🇷🇹🇷🇹🇷🇹🇷🇹🇷🇹🇷🇹🇷🇹🇷🇹🇷🇹🇷🇹🇷🇹🇷🇹🇷🇹🇷🇹🇷🇹🇷🇹🇷🇹🇷🇹🇷🇹🇷🇹🇷🇹🇷🇹🇷🇹🇷🇹🇷🇹🇷🇹🇷🇹🇷🇹🇷🇹🇷🇹🇷🇹🇷🇹🇷🇹🇷🇹🇷🇹🇷🇹🇷🇹🇷🇹🇷🇹🇷🇹🇷🇹🇷🇹🇷🇹🇷🇹🇷🇹🇷🇹🇷🇹🇷🇹🇷🇹🇷🇹🇷🇹🇷🇹🇷,@FutbolEdits-sc2mr,unknown,
wZbY7F3Fb5s,🇹🇷🇹🇷🇹🇷🇹🇷🇹🇷🇹🇷🇹🇷🇹🇷🇹🇷🇹🇷🇹🇷🇹🇷🇹🇷🇹🇷,@FutbolEdits-sc2mr,unknown,
wZbY7F3Fb5s,Блин эта эмоция даже на пабг ееесть 😮🤯,@user-nc3nn6ke6d,ru,
wZbY7F3Fb5s,ของจริง,@alex999931,th,
wZbY7F3Fb5s,Bro It's Arthur Morgan 💀💀💀💀💀💀💀💀,@SyafaAlMahdiSyafa,en,
UePdgtZq-Tc,หล่อจังคะ👍👍👍👍😍,@nathamonyodkaeo3973,th,
UePdgtZq-Tc,Yusuf Miroğlu,@kabal_07r.s74,tr,
UePdgtZq-Tc,FINALLY FBI FOUND ZODIAC 😅😅😅😅,@JorgeGomez-qp8xn,de,
UePdgtZq-Tc,My husband to be! 😂❤,@julieseward1385,en,
UePdgtZq-Tc,Для меня этот турок главный герой олимпиады  🇹🇷 🇷🇺,@Влажные_ручки,ru,
UePdgtZq-Tc,Top man...,@alimoazzami942,tl,
UePdgtZq-Tc,nice man. ciok guzel,@ritagrechi2663,pl,
UePdgtZq-Tc,Maravilhoso 😍,@mariamartins4338,pt,
UePdgtZq-Tc,"if he was soloing, he probably getting a gold 💀",@dungkaz-rblx6216,en,
UePdgtZq-Tc,What's the name of this game ?,@monalisapaul8463,en,
qNzfsTbA6zw,Meet Hunter Woodhall and Tara Davis Woodhall 🥰🎉🙌🏽🫶🏽🥰🎉🙌🏽🫶🏽,@MsWhite-kp3ur,en,long jump
qNzfsTbA6zw,🥰😍🫶🏽🙌🏽🎉🥰😍🫶🏽🙌🏽🎉🥰😍🫶🏽🙌🏽🎉,@MsWhite-kp3ur,unknown,long jump
qNzfsTbA6zw,I just wish to said her name correctly just all wrong it’s not Tera it’s Taaaaaarrrrrrra,@user-bc8ll9ip4p,en,long jump
qNzfsTbA6zw,❤️ 😍 💖 🫂 🤗 👐,@janicebaron.764,unknown,long jump
qNzfsTbA6zw,Magnifique couple ❤,@Louise-l8x,fr,long jump
qNzfsTbA6zw,"White boys pick from the top shelf, black ks pick from the bottom of the barrel",@pell0076,en,long jump
qNzfsTbA6zw,Love these two! Such a beautiful and empowering duo!🥰,@reginamathews335,en,long jump
qNzfsTbA6zw,"Islamic couple goal at least produce 5-6 kids to takeover city like Dearborn , Michigan & implement Shariah law",@ulala9729,en,long jump
qNzfsTbA6zw,Beautiful ❤️,@verdaleonard2728,ro,long jump
qNzfsTbA6zw,Ein tolles Paar.,@bellabellini8784,af,long jump
TvuTWRfjU2U,😂😂😂 Das bin glatt ich gewesen,@TELEPORTERtheTRUEone,de,
TvuTWRfjU2U,schaust du eigendlich auch die reiter an,@petralilg643,de,
TvuTWRfjU2U,Rugby auf die 2. (nach Feldhockey),@jonathanziegler8601,de,
TvuTWRfjU2U,Bin ich der einzige den aufgefallen ist das sie sich getroffen haben,@GamingJes,de,
TvuTWRfjU2U,Man kennts beachvoleryball der frauem schaut man wegen den regeln 😅,@timbinder4666,de,
TvuTWRfjU2U,Und Nachts dann surfen,@jonasb6440,de,
TvuTWRfjU2U,Leider können die wenigsten meine Lieblingssportart Rugby ich spiele schon 6 Jahre Rugby,@JonasRauprecht,de,
TvuTWRfjU2U,Ist bei den meisten Randsportarten so,@notthiing,de,
TvuTWRfjU2U,„Feschten“,@pineapplethefruitdude9545,de,
TvuTWRfjU2U,Ahhhhh unterschätz das mal nicht,@SirYelloween,de,
TvuTWRfjU2U,Fäschten,@dernichtgonnerdesmonats7893,de,
YtWI-Ndn5C4,I like how they were targeting Americans to steal from while over there also,@oneazterisk4669,en,
YtWI-Ndn5C4,LOÀI NGƯỜI PHẢI BIẾT TẦM TẤT CẢ NHANH BAY TỚI THỜI ĐẠI HẾT QUẢN LÝ BANK 0 VÀNG TOÀN CĂU CHỈ 1 NHÀ LÊ DUẨN TRÙM,@tuongdavidvuhuenguyennhana2232,vi,
YtWI-Ndn5C4,Include India too,@anamikabanjara9707,en,
YtWI-Ndn5C4,France is such a contrartin,@violetsky2225,en,
YtWI-Ndn5C4,India also provided their athletes A/C,@adityanehra182,en,
YtWI-Ndn5C4,😅,@Connaruto,unknown,
YtWI-Ndn5C4,Paris is ghetto,@Katlady001,nl,
YtWI-Ndn5C4,Paris wanted to organise the most environment friendly Olympics.  We should all be grateful.,@chisle25,en,
YtWI-Ndn5C4,Lol India did it way before USA 😂,@okbro6104,en,
YtWI-Ndn5C4,😅,@Connaruto,unknown,
YtWI-Ndn5C4,✅✅ Paris France should be ashamed and should be banned from ➡️EVER HOSTING THE OLYMPICS again!!!⬅️,@msgreen512,en,
YtWI-Ndn5C4,And India 🇮🇳,@djartifx,id,
c_I-_XxiNA8,Dey girls definitely sistas,@lor_brova1,en,
c_I-_XxiNA8,Corny af you did not just call him the goat,@user-pr9te3nx3l,en,
c_I-_XxiNA8,That beautiful baby girl that is thankfully her beautiful mother's little twin...is getting The Message.  We never or rarely consider how intelligent ya basic healthy child is.,@jacquelynn2051,en,
c_I-_XxiNA8,Wtf are you even saying,@EugeneCorneillius,tr,
c_I-_XxiNA8,He's not even 5th best on USC,@wsalas13,en,
c_I-_XxiNA8,So their girlfriends are… 🤔,@thebuttermilkgirlisback,en,
c_I-_XxiNA8,So what ? They could date whoever they want,@EugeneCorneillius,en,
c_I-_XxiNA8,@@EugeneCorneillius not surprised by this comment from a black guy.,@thebuttermilkgirlisback,en,
c_I-_XxiNA8,twins?,@hxllxwaf,af,
c_I-_XxiNA8,Looking goofy,@jerrygrenadier6067,af,
c_I-_XxiNA8,Bronny out here Bunny Hopping!!! 😂😂😂,@KayWay100,en,
c_I-_XxiNA8,She’s black 🤣….,@hustlesonthemove3405,en,
c_I-_XxiNA8,That boy lame asl bro pullin 7s 😂😂😂😂 almost like his points per game 5,@getyogetback4813,en,
c_I-_XxiNA8,@@getyogetback4813 post your 10 🙇🏽,@hustlesonthemove3405,en,
c_I-_XxiNA8,Neither girl was black & dad spreading racism constantly,@michaeltoland5170,en,
c_I-_XxiNA8,"Did you actually let that cone out your mouth, goat😂😂😂😂😂",@ConfusedSaintBernard-wl5co,en,
1JPNeimjxIg,Power of indian ser🇮🇳🇮🇳🇮🇳🇮🇳🇮🇳🇮🇳🇮🇳💪💪💪💪💪💪,@Shashikant-th4qy,en,
1JPNeimjxIg,This is fake news. So please check Olmpic tally 2024.,@Cricketlover-1-2,en,
1JPNeimjxIg,Fake news h . Only two medal india won till now,@Cricketlover-1-2,en,
1JPNeimjxIg,False video he re,@rupeshswain6831,nl,
1JPNeimjxIg,Galat mt bata re chicha 🤦🏻‍♂️,@mpsctricks3661,en,
1JPNeimjxIg,"India 2 Kans padak
India Rank :- 39",@RuqaiyaMazhar-v6z,id,
1JPNeimjxIg,"False information 
He won silver in Asian games",@ArnavKhare.Akl1245,en,
1JPNeimjxIg,जय हिन्द वन्देमातरम मातरम्,@sharma.sanjeev376,ne,
1JPNeimjxIg,❤❤❤🇮🇳🇮🇳🇮🇳🇮🇳🇮🇳🇮🇳,@sumitanitin6349,unknown,
1JPNeimjxIg,Very congratulations 👏🎉🎉,@dhirajkumarrawat4565,en,
1JPNeimjxIg,Jai hind,@narinderkumar8335,sw,
1JPNeimjxIg,Power of indiaaaa. ❤❤❤❤❤,@amitkini5753,af,
1JPNeimjxIg,Ghuth hai.... Phle Olympic dekho to sahi,@vivekmaurya6049,en,
1JPNeimjxIg,❤❤❤❤❤❤❤,@JaswinderKaur-cy1nj,unknown,
1JPNeimjxIg,Ye kb gold jeeta peris Olympic me?,@anjanatiwari8835,en,
ciIQjC3Zw7w,"I am an international table tennis champion 
I am number 2",@lekha1984,en,
ciIQjC3Zw7w,This actually my favourite sport,@lekha1984,en,
ciIQjC3Zw7w,Ma Long the goat 🐐,@gigacat1703,en,
ciIQjC3Zw7w,Basketball. Basketball. Basketball. Basketball. 🇺🇸 🇺🇸 🇺🇸 🇺🇸,@addisonknox5052,no,
ciIQjC3Zw7w,"ok champ, u espressed ur opinion, so what",@krszam4112,en,
ciIQjC3Zw7w,"That's not me 
I have been training for half a year 
I'm not a professional either but I'm not that bad 😅",@mat-qs7jd,en,
ciIQjC3Zw7w,"Not just Olympic table tennis, but just professional table tennis in general lol",@kiritosintern,en,
ciIQjC3Zw7w,No. For example team World championship is played without doubles.,@TT_prds,en,
ciIQjC3Zw7w,Is this also known as ping-pong?,@sweetreat30,en,
ciIQjC3Zw7w,It’s known as ping pong for countries in the side of America and it’s in known as Table Tennis (TT) for countries in the side of Sri Lanka,@ishacooray4968,en,
ciIQjC3Zw7w,​@@ishacooray4968they are different. Ping pong is playing with sand paddles. Table tennis is the sport in which you play with rubbers,@johnronaldo3107,en,
ciIQjC3Zw7w,​@@ishacooray4968 No the official name is table tennis,@DiffHelloDiffHello,en,
ciIQjC3Zw7w,I love these explanations and China winning that many gold medals is absurd! Why are theyso dominant?,@propuggamer9755,en,
ciIQjC3Zw7w,They have a better understanding of the game aswel as it being there national sport my interest and more funding,@nxtvr3506,en,
ciIQjC3Zw7w,Bcuz rest of the world has least interest. School shud introduce as sports early in childs career,@dibyagurung2142,en,
ciIQjC3Zw7w,Like how football is famous in brazil,@keymot1491,en,
ciIQjC3Zw7w,Thank you!,@propuggamer9755,en,
PtRRFw4bAPE,Bruh the ussr fell in 1991,@ARandomPanda69420,en,
PtRRFw4bAPE,Hungry is good at many sports that are not main stream such as canoe sprint.,@JHUTXH,en,
PtRRFw4bAPE,That's cool!,@Dirkyy_Streams,en,
PtRRFw4bAPE,First its Hungary I am from Hungary and our president had  builded a big stadium for football (soccer) but we are not good at football (soccer),@markkarloviczi8472,en,
PtRRFw4bAPE,Yet still no free healthcare,@americanu6475,en,
PtRRFw4bAPE,for real haha,@Dirkyy_Streams,en,
PtRRFw4bAPE,"Pretty cool, right?",@AToad07,en,
PtRRFw4bAPE,🇺🇸 🇺🇸🇺🇸,@deewilliams8363,unknown,
PtRRFw4bAPE,USA USA USA,@Dirkyy_Streams,sv,
PtRRFw4bAPE,"That eagle scream tho……

😂😂😂",@JeanEDeaux,en,
PtRRFw4bAPE,"lol Red, White, and Blue apply for both the US and UK",@ItzKsGaming,en,
PtRRFw4bAPE,But the colors in that are order is kind of more iconic and associated with the U.S. 😅,@mqtthew521,en,
PtRRFw4bAPE,"Hey man I respect the work and putting yourself out there, but you shouldn’t be copying the style of sambucha, develop your own so you can stand out",@VariantBank,en,
PtRRFw4bAPE,He isn’t and stop yapping,@quandaledingle1700,en,
PtRRFw4bAPE,@@quandaledingle1700 lmao based,@wowyok4507,it,
PtRRFw4bAPE,Thanks for the feedback man! Definitely heavily inspired by him but will work on putting my own spin on it :),@Dirkyy_Streams,en,
PtRRFw4bAPE,"@@Dirkyy_Streams again, I respect the grind and not trying to hate. The video was pretty dang good",@VariantBank,en,
PtRRFw4bAPE,"I like it. If it ain't broke, don't fix it",@ramsesY,en,
PtRRFw4bAPE,I’m 1st please pin me,@user-dl9bu4ww2n,en,
PtRRFw4bAPE,no,@wowyok4507,tl,
PtRRFw4bAPE,UHHHH,@Dirkyy_Streams,sw,
fb6yORM6hBY,Gaslighted in believing she could dance. Pitiful.,@user-sw8ob1ld2q,en,
fb6yORM6hBY,I think they lying and pumping her head up for no reason,@joycevaughans8749,en,
fb6yORM6hBY,She was just awful man,@angelvalentin447,en,
fb6yORM6hBY,Ridiculous,@HelmetVanga,ro,
fb6yORM6hBY,"Cmon..

How her and Corey Feldman can do what they do and not laugh..
Now, thats impressive

This is well done comedy",@3p.vision544,en,
fb6yORM6hBY,"It's been a week now and I still can't stop laughing and it just gets funnier 
I'm surprised she didn't throw in an underarm bowl being an Aussie 
I heard she has to do an apology tour  
Not even a blind man would be happy to see that lol",@user-fm3sr6oe6l,en,
fb6yORM6hBY,🤡🤡🤡🤡🤡🤡🤡🤡🤡🤡🤡🤡🤡🤡🤡🤡🤡🤡🤡🤡🤡🤡🤡🤡🤡🤡🤡🤡🤡🤡🤡🤡🤡🤡🤡🤡🤡🤡🤡🤡🤡🤡🤡,@crujonezRAD,unknown,
fb6yORM6hBY,She already got 0 points. I think that's enough no need to destroy her on the internet,@sumbae7668,en,
fb6yORM6hBY,if she wasnt white she would have been forgotten,@mabsskull2309,en,
fb6yORM6hBY,Goofy nonsense is what I think,@Aion-wt1it,en,
-GyOgy3zbIU,"Non è la finale delle olimpiadi!p
È la vnl.",@maurobentivogli6839,it,
-GyOgy3zbIU,"Brave ragazze . Siete tutte stupende , non vi siete piegati davanti allo strapotere Statunitense. La medaglia vale doppia.❤❤",@user-zj5mz5iv8k,it,
-GyOgy3zbIU,"Ragazze, vi siete riviste? Da dentro avete una percezione, ma vedervi da fuori vi fa comprendere meglio quanto siete state bravissime, una macchima da guerra. La squadra maschile...hmmm lontani anni luce!",@renatoacquadro328,it,
-GyOgy3zbIU,Poesia ❤,@annalisamele7320,pt,
-GyOgy3zbIU,Paola Egonu egual Lisa Togut😊😊😊,@antonioermannolamberti9135,ca,
-GyOgy3zbIU,L'Italia che piace. Grazie ragazze,@fedepel4457,it,
-GyOgy3zbIU,❤💪🇮🇹👏🏐🥇😍sono orgogliosa di voi...ragazze d'oro 🥇,@mariamagrini245,it,
-GyOgy3zbIU,Regine😊,@giannisutto8502,de,
-GyOgy3zbIU,"La nazionale di pallavolo piu forte di tutti i tempi, a livello mondiale. Con l allenatore migliore",@raffaelecafiero3608,it,
-GyOgy3zbIU,Italia... Dominio assoluto 🇮🇹🇮🇹🇮🇹🇮🇹🇮🇹,@uk-lp9hp,it,
xUIVlmiNekI,You are so funny. Oh my God. 😅,@howmoon67,cy,
xUIVlmiNekI,I hope to go in 2028,@irisreyl9088,en,
xUIVlmiNekI,Wdym sad that u didn’t make it my dead grandma can swim faster than u,@chloeneave7950,en,
xUIVlmiNekI,Never takes the stairs vibes,@avres13,en,
xUIVlmiNekI,What in the sigma,@Jessicagearhardt,en,
xUIVlmiNekI,I mean i would be 15 but if i really tried i could be there for the 2028 olymics my coach says im quite fast,@evajacob-iw7lt,en,
xUIVlmiNekI,"you stopped to let the others catch up, no? 😉",@YouTube,en,
xUIVlmiNekI,Obviously! I'm so kind,@imaniathome,en,
xUIVlmiNekI,She’s fast for a new swimmer,@Theswimmer12,en,
xUIVlmiNekI,"It isnt an olympic pool, you would have had it if it were.",@SuperYxskaft,en,
xUIVlmiNekI,Yup! Very shallow; a slow pool,@imaniathome,en,
xUIVlmiNekI,At least she tried 😂❤,@furn2351,en,
vnUT50uDdXs,❤❤❤❤❤❤❤❤❤❤❤❤❤❤❤❤❤❤❤❤❤❤❤❤❤❤❤❤❤❤❤❤❤❤❤😂,@veronicajohnson8253,unknown,
vnUT50uDdXs,🇯🇲 no problem man one ❤,@beresfordforbes,sl,
vnUT50uDdXs,Great relay team🇯🇲🇯🇲🇯🇲🇯🇲,@maxinedawson6525,en,
vnUT50uDdXs,Excellent guys!,@hillaryeloisecoombs-connel7762,ca,
vnUT50uDdXs,God bless their speed. 🚅,@carol-us4xn,en,
vnUT50uDdXs,Kishane Thompson and oblique are 🇯🇲🇯🇲🇯🇲🇯🇲 and the relay let get them,@terencepowell1315,en,
vnUT50uDdXs,"At this point, I would be happy with just a podium finish. Managing my expectations.",@samanthaallen8108,en,
vnUT50uDdXs,"I am predicting  that Jamaica will occupy the full podium, just like the women in 2008. All who agree, meet me here after the race for the after party.",@patriciaburgess2122,en,
vnUT50uDdXs,Gang we a gang them from left right and center .,@alphansobrown3623,en,
vnUT50uDdXs,Bless them father god,@patriciarichards1903,en,
im_5ZGdXcZ4,POV dieser eine türkische Typ beim schiesen oder diese eine Frau beim Break dancing,@MaxiThessel,de,
im_5ZGdXcZ4,"Also wenn ich ""Raygun"" anschaue...denke ich das fr",@DerShadow,de,
im_5ZGdXcZ4,Wie war das ? Dabei sein ist alles 😅,@kenayamarock1917,de,
im_5ZGdXcZ4,Das ist so meine Schwester,@Samuel.roth2010,de,
im_5ZGdXcZ4,Das ist bei mir beim Tennis so. Noch nie im leben gespielt und ich bin so der Überzeugung das ich ein Top 3 Spieler wäre.,@noahbarcelona5143,de,
im_5ZGdXcZ4,Nein,@codenamemika384,de,
im_5ZGdXcZ4,"Olympia ist Satanistisch und das unterstütze ich nicht. EM und WM sind Besoffen zu ertragen, aber das was Olympia am Anfang gebracht hat. Das ist Satanistisch und das unterstütz ich nicht.",@mikeheck4998,de,
im_5ZGdXcZ4,vielleicht in Pokemon Sleep XD,@SkyFallenNerolin,nl,
im_5ZGdXcZ4,"Wenn ich Chinese wäre, würde ich auch easy ne Medaille holen. Ein paar Verunreinigungen im Essen und es läuft",@AaronThielen,de,
im_5ZGdXcZ4,Einfach beim Frauenboxen mit machen.,@guandao1,de,
im_5ZGdXcZ4,Auch da würdest du zerstört werden,@korbi1497,de,
im_5ZGdXcZ4,Auch da würdest du zerstört werden,@korbi1497,de,
im_5ZGdXcZ4,isch,@tonigerber2303,de,
Rn4t_Lz_H68,Primero que equipo de USA y segundo Francia,@elxd3895,es,
Rn4t_Lz_H68,Puerto Rico  les dio pasta y queso en el 2004,@user-ps5bl8go7q,es,
Rn4t_Lz_H68,No tenían competencia 🫶🫶😊,@ClaudiaRodriguez-ff4ew,es,
Rn4t_Lz_H68,Mvp jajajajajaja y lo peor que como gano??  Dos veces curry y si no es por el ahorita tuvieran l medalla de bronce,@hectorhernandez8032,es,
Rn4t_Lz_H68,Gracias muchachos ❤🎉,@user-bw6ro8ql2y,es,
Rn4t_Lz_H68,El MVP debió ser para Stephen Curry.,@divisatrader,ca,
Rn4t_Lz_H68,ESE LEBRON ES ARROGANTE ES VERDADERO MVP ERA PARA CURRY,@johnjairo4342,pt,
Rn4t_Lz_H68,Es correcto,@alfonsovanderdeken707,es,
Rn4t_Lz_H68,Lebron MVP 😂 Curry salvo al equipo todos sabemos quien es el MVP,@agustinalvarado5546,es,
Rn4t_Lz_H68,"Ser MVP va mas allá de hacer el punto , si tienes la posibilidad de pasarla para que tu amigo brille y también anoté es importante la idea es ganar como equipo, porque si eres egoísta y no haces el punto la cagas y posiblemente pierdas el juego",@luis4104,es,
Rn4t_Lz_H68,Eres de los ue no saben de Basketball y opinan😂,@patriciacoleman428,es,
Rn4t_Lz_H68,"Y es Argentina el único que logró vencer a una selección NBA en los juegos Atenas 2004... Y es el día de hoy que Lebron James lo sigue recordando 


https://youtu.be/O-r58ciL2QY?feature=shared",@soyjuanma846,es,
Rn4t_Lz_H68,Nisiquiera clasificaron😂😂😂,@RafaRamos0717,es,
Rn4t_Lz_H68,@@RafaRamos0717 no hable de clasificatoria hable de otra cosa. Hablé de un dato histórico 😉,@soyjuanma846,es,
Rn4t_Lz_H68,​@@soyjuanma846además Alemania es el campeón del mundo en baloncesto esos gringos son unos sobrevalorados y eso que solo ellos practican ese deporte.,@danielalejandrorosasreyes5926,es,
Rn4t_Lz_H68,3de3 te sigo desde hace mucho sigue asi me gusta tu contenido y amo el basketball igual que a ti,@automaticolokura5526,es,
Rn4t_Lz_H68,"Gracias por todo el apoyo, saludos bro 🫡",@3DE3NBA,es,
_z9nEwBLIZ4,❤❤❤ winners ❤❤,@jigyashusingh3362,nl,
M92YDhZ6HrY,I have a Carter… past down to me,@isaiahmilton2555,en,
M92YDhZ6HrY,Pherell a aportsman? ain't worth having an RM.,@realtalkerrr,en,
M92YDhZ6HrY,"Bruh what in the actual fuck is that first RM, I never thought there could be something worse than a normal RM",@joshslaughter8343,en,
M92YDhZ6HrY,Those Dick Mill watches are insane,@doctorbohr1585,en,
M92YDhZ6HrY,"The omega and Cartier are both absolutely beautiful, but those other million dollar type pieces are so ugly and tacky. Money so often has no taste at all. It’s like dragging a Lamborghini behind you and saying it’s your coat 😂",@itsthepens,en,
M92YDhZ6HrY,Why is Pharrell holding a tourch at the Olympics?,@Donjuanantoine,en,
M92YDhZ6HrY,"And The athletes from developing countries if they wear a CASIO, Steiner or Flik Flak it's to much.",@many5an480,en,
M92YDhZ6HrY,A (rich) sucker is born everyday,@leulgeorgis3216,en,
M92YDhZ6HrY,10 kilohertz hummung in the backround aside the only actually good looking watches here are the speedmaster and macrons watch,@prolebenz251,en,
M92YDhZ6HrY,I have that Merci watch!,@thenaijalorian296,en,
IrIKshgK3pQ,Bro they speedin,@haileywright04,en,rowing
IrIKshgK3pQ,Individual Sweep would be a fun event to watch.,@seedy80,en,rowing
IrIKshgK3pQ,"ah yes, the infamous One",@laethenglish1299,en,rowing
IrIKshgK3pQ,Turning in circle as fast as possible,@JumKrozBow,en,rowing
IrIKshgK3pQ,I want to see a coxless two. Probably rigged on bow side.,@askhams,en,rowing
IrIKshgK3pQ,Already exist​@@askhams,@elliotmiller4749,en,rowing
IrIKshgK3pQ,"​@@askhamsit's name is the ""pair""",@elliotmiller4749,en,rowing
IrIKshgK3pQ,Thanks for the info,@cousinevey,en,rowing
IrIKshgK3pQ,💯🚀,@marqueset.,unknown,rowing
IrIKshgK3pQ,"Not tryna be disrespectful to this difficult sport, but these are the smallest rowers I've seen",@Mike-mf6pc,en,rowing
IrIKshgK3pQ,"Well these are the fastest guys and gals in the world in their separate boat classes bud, rowing ain’t all about size, being efficient having endurance are both arguably more important",@benhull8561,en,rowing
IrIKshgK3pQ,"Rowers aren't really broad guys. They are endurance athletes. It is an endurance sport where the legs are responsible for 70% of the power, of course the upper bodies aren't huge. Plus you have to remember that the average guy is around 195cm, they are quite muscular compared to most athletes, it's just spread over a bigger ""distence""",@shemshem9998,en,rowing
IrIKshgK3pQ,Most of these guys are 6’4+ and 200+ pounds…what a fool you are,@ichlieberammstein8251,en,rowing
IrIKshgK3pQ,Sculling - oars on opposite sides of the boat - not ends of the boat.,@TheBTG88,en,rowing
IrIKshgK3pQ,@@Mike-mf6pc you don’t know what you’re talking about,@ichlieberammstein8251,en,rowing
IrIKshgK3pQ,"ROWING MENTIONED‼️‼️

🗣️🗣️WHAT IS A SOCIAL LIFE❓❓",@spoonfullofsalt8889,en,rowing
IrIKshgK3pQ,You clearly don't have one,@blackkitty420,en,rowing
qiXv_MlVOb0,Ouais et je garde les deux autres moitiés,@jecodecci1385,fr,
qiXv_MlVOb0,Trop cool. ❤,@nicomasanori5205,en,
qiXv_MlVOb0,"Lui aurai filé, de toute façon c'est un bout de métal, c'est surtout la gloire qui est intéressant",@EthanFabre-jy4gj,fr,
qiXv_MlVOb0,Moooh,@limlimainoue1131,et,
qiXv_MlVOb0,Ce cut au début 😂,@ModekaiPL,fr,
qiXv_MlVOb0,"Ça,
C'est l'amitié....
Le partage... 🍀",@neo3373,fr,
qiXv_MlVOb0,On en fait du chemin depuis pour passer de 4m35 à 6m25,@theomartin403,fr,
qiXv_MlVOb0,Un long chemin technologique au niveau de la perche surtout,@JumKrozBow,fr,
qiXv_MlVOb0,C'est quoi tous ces faux profils dans les commentaires,@fabienjacq4690,fr,
qiXv_MlVOb0,"mi-argent, mi-bronze et re mi-argent derrière !",@dollowinbranthor8932,fr,
qiXv_MlVOb0,Mdrrrr la ref,@pinedhuitre7498,ca,
qiXv_MlVOb0,🤣🤣🤣🤣🤣,@adel.benyahia,unknown,
qiXv_MlVOb0,"La meilleure référence, merci mon gars",@gnargentlemanlincurve9386,fr,
qiXv_MlVOb0,👌🏻,@mickaelben5939,unknown,
qiXv_MlVOb0,Kaamelott c’est vraiment les meilleures réf 😂,@JumKrozBow,fr,
4SgRxlOL3eQ,Am besten noch im gear 2,@reay2.020,de,
4SgRxlOL3eQ,"Snoop Dogg macht sich zu wichtig.

Für diese Olympiade würde ich mein Gesicht nicht hergeben.",@cedricb7904,de,
4SgRxlOL3eQ,Snoop war schon immer so ...was ihn zu cool macht,@BeSportCast,en,
4SgRxlOL3eQ,"Exodia‘s Kopf in einem Aktenkoffer, der von Snoop Dog getragen wird??? Was hab ich bitte verpasst?! 🤣",@Nick_MNML,de,
kIKGTeWtX5M,Wow.  The separation Julien created was amazing.,@JeffreyWallk,en,
M-IKJULkLLA,🥰🥰👌,@forniteroandroidgamer8555,unknown,track and field
M-IKJULkLLA,Me fa asci pazz ❤,@carlomattinale2974,it,track and field
M-IKJULkLLA,We are witnessing greatness,@Gravytrai,en,track and field
M-IKJULkLLA,I like the first hairstyle,@alexandreguedes6218,en,track and field
M-IKJULkLLA,U beauty nice u,@hemantamaharan,en,track and field
M-IKJULkLLA,Very cute.I like very much.kiss,@germanrojas8012,en,track and field
M-IKJULkLLA,Sabes mí ❤ yo te sigo desde hace mucho tiempo,@marcosp.delgado8163,es,track and field
M-IKJULkLLA,Mi reina,@marcosp.delgado8163,de,track and field
M-IKJULkLLA,She is me favourite women in running and she is so beautiful I love you to girl ❤❤❤❤❤❤🥇🏆🏃🏃💖💖😚😚😍,@iba-iq3ui,en,track and field
M-IKJULkLLA,My best woman ❤,@ishowfut,af,track and field
X9_Ny7gPovs,Aya a dead le son pouaaah,@koffijean-emmanuelassamoua4802,so,
X9_Ny7gPovs,Waw 🎉❤❤❤,@EmnaBenkhalifa-u3u,pl,
X9_Ny7gPovs,🎉🎉,@leaa4457,unknown,
X9_Ny7gPovs,😊😊😊,@Terry-kg9nr,unknown,
X9_Ny7gPovs,J'adore la musique d'aya mais cette fois j'ai vraiment été époustouflé🎉🎉❤🎉,@parmenas_oncodm985,fr,
X9_Ny7gPovs,❤❤❤,@lael5155,unknown,
X9_Ny7gPovs,❤❤❤❤❤❤ ❤❤😂😂 a good 😂❤❤❤❤❤❤❤❤❤❤❤❤❤❤❤❤❤❤😂😂❤❤❤❤,@djenydiallo5982,unknown,
X9_Ny7gPovs,Trop belle et trop bien la musique ❤❤❤❤❤❤❤ 0:42,@user-uw8qd6pb7h,fr,
X9_Ny7gPovs,Trop belle et trop bien la musique ❤❤❤❤❤❤❤ 0:42,@user-uw8qd6pb7h,fr,
X9_Ny7gPovs,C bien moulière,@sevwayne6033,fr,
VLo2QlEle9o,Que dire  .. Bravo bravo 👏❤,@isabellamollet1354,it,
VLo2QlEle9o,❤❤❤❤,@laetitia2408,unknown,
VLo2QlEle9o,"Bravo, championne ❤❤❤",@ShanabqtvlmBousquet,it,
VLo2QlEle9o,C'est ptn d'inspirant,@TheCharl0ttte,fr,
VLo2QlEle9o,Super,@violaineherbe8014,id,
VLo2QlEle9o,BRAVO ❤.,@churo3427,pt,
VLo2QlEle9o,Magnifique quel détermination 😊😊😊😊chapeau,@helicoco2490,fr,
VLo2QlEle9o,❤❤❤❤❤,@fatoumametmati5903,unknown,
VLo2QlEle9o,Extra❤❤❤❤❤❤❤❤❤🎉,@user-ue1lz7bk9r,ca,
VLo2QlEle9o,Un seul mot : BRAVO ! ❤❤❤❤❤❤❤,@myriam8217,ro,
nPyjHX1BARo,she is not married.,@rachanasen1464,en,
nPyjHX1BARo,"Yes ,she's",@saudaminismntr,en,
nPyjHX1BARo,Shaadi ho chuki hai iski.,@guddanpushpa9034,sw,
nPyjHX1BARo,Ho chuki h..Isi Sal hui h inki shadi.,@varshabagora348,sw,
nPyjHX1BARo,Vah aapki awaaz kitni energetic hai 🤣🤣🤣,@btshorts2263,id,
nPyjHX1BARo,Kya bakwaas voice hai,@MeetuPandey-f1q,sw,
nPyjHX1BARo,Farah khan voice 😂😂,@shahrukh_khan,id,
3ZEBKfWeyEM,Nesse ano vai ser mengao ein,@yasmimsousa3272,no,
3ZEBKfWeyEM,Deixa os cabo verdianos assistirem as lives😢😢,@MateusHenrique-e9i,pt,
3ZEBKfWeyEM,Paris  lille  pls😢,@QuentinjJorii,fr,
3ZEBKfWeyEM,Sdds das olimpiadas. Aqui voltou a ser apenas sobre furebol 😢,@PragaEnzo,pt,
3ZEBKfWeyEM,Cruzeirao 🏆🥇🖐🏼 ☝🏻,@mineirimcruzeirense7,pt,
3ZEBKfWeyEM,"O que é ""paulista""?",@fernandesl,pt,
3ZEBKfWeyEM,"Santo André e Paulista de Jundiaí, por onde andam essas equipes que já foram  campeões da Copa do Brasil?!",@rafaelmartinsist,pt,
3ZEBKfWeyEM,"Cabuloso, mesmo depois de anos em baixa,ainda segue firme na ponta! Simplesmente  o maior vencedor 💙💙💙",@evaniltonsilva6007,pt,
3ZEBKfWeyEM,Cazé aderindo aos produtores de corridas em barra?,@mpdias2003,pt,
3ZEBKfWeyEM,CAbuLOso SEMpre.,@user-lt6cn6gi4s,it,
cl4OoIrw0mU,Dikkatli bakarsanız Karpuz Seçen Yusuf Dikeç değil,@HuseynTehmazov,tr,
cl4OoIrw0mU,peki birinci olan kisiden daha fazla taninmasi,@elifnazz53,tr,
cl4OoIrw0mU,Kardeşim babam karpuz seçerken zorlanıyor yardım eder misin😂,@Compass13-c9k,tr,
cl4OoIrw0mU,😆😆😆 🐑,@VedatUrek,unknown,
cl4OoIrw0mU,Yabancılar övüyor biz dalga geçiyoruz😢😂,@husnuaygenc3671,tr,
cl4OoIrw0mU,🇹🇷🇹🇷🇹🇷🇹🇷🇹🇷🇹🇷🇹🇷🇹🇷,@user-co4fv3wx3c,unknown,
cl4OoIrw0mU,Atıcı gözlüğü değil zaten bildiğin numaralı gözlük 😂,@a.m.e.1637,tr,
cl4OoIrw0mU,Ikisi ayni adammi sizce,@Surgebey1,tr,
cl4OoIrw0mU,gözlük firmaları bu adamla reklam çekse patlar.,@dilaverkeklikci2070,tr,
cl4OoIrw0mU,kavun seçsedi atın madalyaymış :),@yetimhanekundurakcısı,tr,
OLSYB2NRGUg,"Jamas pidió perdón, estaba agradeciendo al publico y no son las alphafly 3 si no el modelo 2 , una edicion especial. Informense bien antes de hacer videos.",@johnreks,es,
OLSYB2NRGUg,Sin duda alguna este momento,@angelcristianguarayoherrer6240,es,
OLSYB2NRGUg,"Carolina Marín también, creo que su lesión ha sido lo más triste de las olimpiadas al menos para mí.",@oscarcepedaflor8196,es,
OLSYB2NRGUg,39 años???? Después dicen que el deporte es salud.... Ese tipo parecía que tenia 50 o 60 años,@centollopeluu,es,
OLSYB2NRGUg,La lesión de Carolina Marín,@angelatienza3371,es,
OLSYB2NRGUg,No entiendo porque fue a los 30km 😢,@dani7266,es,
R6XPJB-lgBw,Hi,@user-st4sm4gu4d,nl,
R6XPJB-lgBw,Jamaican have pretty  beautiful women look at us,@sharonlindsay1212,en,
R6XPJB-lgBw,Jamaican have pretty  beautiful women look at us,@sharonlindsay1212,en,
R6XPJB-lgBw,Keep the Great Work Up.,@garywilliams1201,en,
R6XPJB-lgBw,The rest of your money will be in modelling ...go for it girl ❤,@user-bi5fx7vx3d,en,
R6XPJB-lgBw,STETHS🎉,@joycemorgan-howell2637,de,
R6XPJB-lgBw,Pisces ♓️,@anthonyR369,pt,
R6XPJB-lgBw,She looks like a beauty queen,@bevenawilliams8491,en,
R6XPJB-lgBw,She's so pretty❤🇯🇲,@bevenawilliams8491,en,
R6XPJB-lgBw,❤❤❤,@toneyworld4341,unknown,
0EMGQcnywCw,I was there last week!,@Stay_Cooll,en,
0EMGQcnywCw,Here before it goes viral,@aburke8669,af,
0EMGQcnywCw,I found it btw make this viral,@reaenea7906,en,
0EMGQcnywCw,Where’s the kid that tells me where the Eiffel Tower is 😭,@VolleyPlayer21,en,
0EMGQcnywCw,Make this viarllll❤❤❤ slay❤️girl🩷,@EOWeditz,en,
0EMGQcnywCw,slayyy!!!,@urFAVbrunneteEVERsLaYsS,so,
0EMGQcnywCw,My left you're right,@user-kd2yx5hs5d,en,
0EMGQcnywCw,Latto sounds like Aari  baby singing this 😂😂😂,@AnnabelleEmelone,en,
0EMGQcnywCw,The left corner,@hiamadlan4533,en,
0EMGQcnywCw,Middle left,@FrancescaMoffett,da,
IR9sZeMB_Aw,Sister we need gold 🥇 next time. All the best,@subhrakantapanda4678,en,shooting
IR9sZeMB_Aw,Really so great 👍,@ashokkaushik9404,en,shooting
IR9sZeMB_Aw,Congress ki Sarkar aayegi toh India km se km 25 medal confirm jitega,@drinho003,id,shooting
IR9sZeMB_Aw,She in for IND future in his hand desh ki shreni,@user-sg6dd8rd7v,en,shooting
IR9sZeMB_Aw,God bless you,@saroopsingh4736,en,shooting
IR9sZeMB_Aw,"You are best sister
Bhagwaan ji kare aap bahut aage jaaye",@ajayparihar5447,af,shooting
IR9sZeMB_Aw,Love you mam,@LEGENDFF-lc8mx,sk,shooting
IR9sZeMB_Aw,❤,@LEGENDFF-lc8mx,unknown,shooting
IR9sZeMB_Aw,God bless you,@anandpeter6223,en,shooting
IR9sZeMB_Aw,So beautiful 💕💕💕💕,@DhireshSingh-fd5ur,ro,shooting
1U-BI4YePcY,proud,@dhruvqsuryawanshi5373,cs,
1U-BI4YePcY,:et's go!!,@OlympicObserver,fr,
vtOL3WZU8bE,Jai ho,@mukeshbazzad6434,sw,
vtOL3WZU8bE,vinesh fogat jindabad❤❤❤❤,@user-zh6vh3ol6e,sq,
vtOL3WZU8bE,दुनिया कि कुश्ती बब्बर शेरनी जिंदाबाद,@user-vo3oq2ix6b,hi,
vtOL3WZU8bE,💪💪,@Ajay_varanasi_official,unknown,
vtOL3WZU8bE,❤❤❤❤❤,@JitendraSingh-gt2hn,unknown,
vtOL3WZU8bE,अबकी बार जो तेरी कैटेगरी है 53  उसमें खेलियो और अगर तू काँस्य पदक भी ले आई तो तुझे 21 लाख मे दूँगा,@surendersingh6644,hi,
vtOL3WZU8bE,Pinki kha se aa gyi last m esm,@sanjeevkamboj4467,et,
vtOL3WZU8bE,❤️❤️🚩🚩❤️❤️❤️❤️❤️❤️🚩❤️🌹🌹❤️❤️🚩❤️❤️❤️❤️❤️💪💪💪👍👍🕉️🕉️🕉️🕉️🇮🇳🇮🇳🇮🇳🇮🇳🇮🇳🙏🙏🙏,@Vimal-uh2eo,unknown,
vtOL3WZU8bE,मोदी के शोषण करणे वाले लोगो के खिलाफ अब बेटी को सांसद बनाना है. और दिल्ली भेजना है. ताकी शोषण के खिलाफ सांसद मे आवाज उठे. चलो बेटी को सांसद बनाये,@liberation9773,hi,
vtOL3WZU8bE,Desh ka सिर fakr se uncha krdiya apne bahan,@SurenderKhatkar-ke2nm,sw,
vtOL3WZU8bE,कोहिनूर हो  bahan ap,@SurenderKhatkar-ke2nm,ne,
JQPJX49GfTU,Talent and practice no need for gear😮😮..,@fadhhassan6619,en,shooting
JQPJX49GfTU,It is said that he was at the grocery shop and went straight to the olympic after that,@tyrockskullkhuman,en,shooting
JQPJX49GfTU,That sharp look and pretty face 🥇,@bernard4690,en,shooting
JQPJX49GfTU,In PUBG we call him pro player who doesn't need scope for head shot...,@imranahmedmolla8688,en,shooting
JQPJX49GfTU,Bro is a hit man,@nithyap2950,en,shooting
JQPJX49GfTU,He got the highest individual score aswell if it was solo he would have won gold. Casual day for him.,@Kaileb7878snipes,en,shooting
JQPJX49GfTU,Even ist position holder wants to be yousuf😂❤❤,@zaz9611,en,shooting
JQPJX49GfTU,if he had gear💀💀💀💀💀,@szymon-oq4fl,cy,shooting
JQPJX49GfTU,Has he got any children? He is the cool dad every child dreads about. If he's got daughter(s) all her friends now want to marry him. His son's girlfriend might find him more attractive Imagine having to live up to that swag.,@newaulk,en,shooting
JQPJX49GfTU,Victor Chevalier,@nuupbgamer,en,shooting
UKCKn5RhbAw,"Sorry for the delay, but without further ado EXO at the Closing Ceremony! 
You can see the entire Closing Ceremony here: http://bit.ly/2HWsc1Z",@Olympics,en,
UKCKn5RhbAw,Olympic no problem,@shouryanaresh4574,en,
UKCKn5RhbAw,"Olympic will you be uploading the FIGURE SKATING EXHIBITION GALA?

Thank you!!!",@SVETpadil,en,
UKCKn5RhbAw,How about the opening ceremony? Can you upload it? :D,@youhengty9906,en,
UKCKn5RhbAw,Thank you!,@rls45629,en,
UKCKn5RhbAw,Olympic thank you have posted it🙏❤,@sitiauliarahmah6744,en,
UKCKn5RhbAw,❤️❤️❤️💎EXO FOREVER💎❤️❤️❤️,@kuramahaydeeann,pt,
UKCKn5RhbAw,6822,@mariblue8965,unknown,
UKCKn5RhbAw,2024 anyone???,@darya__kpop,tl,
UKCKn5RhbAw,Always love EXO ❤❤,@sfc_4926,en,
UKCKn5RhbAw,6820,@mariblue8965,unknown,
UKCKn5RhbAw,I miss exo in the Olympics,@seasonwindy881,en,
UKCKn5RhbAw,Exo with Olympic ♡,@fatemehlove59,en,
UKCKn5RhbAw,6820,@mariblue8965,unknown,
UKCKn5RhbAw,❤❤❤❤❤❤❤❤,@user-zo4jc5gm5f,unknown,
zXGAKCF6_-w,Je pense qu'il est mauvais de s'amuser à Paris.,@Extreme구글미디어,fr,
zXGAKCF6_-w,Yo,@parkourboy-963,tr,
zXGAKCF6_-w,Who le grand ecart incroyable,@elisefontaine819,en,
zXGAKCF6_-w,Jcvd forever ❤,@GrimpeGamin,da,
na_K3Bkr_LY,❤❤❤,@agastya........6792,unknown,fencing
na_K3Bkr_LY,Nari sabase bhari,@ranjeetchakre1369,id,fencing
na_K3Bkr_LY,❤❤,@nakhawawatersuppliers,unknown,fencing
na_K3Bkr_LY,Great 🎉,@DurgaLaddha,en,fencing
na_K3Bkr_LY,नमन अशा आईना,@user-ty4xy8tn3s,mr,fencing
na_K3Bkr_LY,Great woman's ❤🙏,@sahilubhare5923,en,fencing
na_K3Bkr_LY,OMG,@poojaambuskar2079,pt,fencing
na_K3Bkr_LY,"""Women Mind power is Growing '.",@user-yy3zh7ye8f,en,fencing
na_K3Bkr_LY,We are proud of you all,@rohinichandanshive8371,en,fencing
na_K3Bkr_LY,🤗😇,@sunilchaudhari6910,unknown,fencing
sSy4OnnHZXs,"""And if we're both on 40 points and one of us scores, that person wins the game, right?""",@Turbo3032,en,
sSy4OnnHZXs,"Yes, tenis is simple: you just hit the ball!
... wel, over the net.
... and within the lines.
..., but, in the serve, the ball has to go in the small serve square.
... and, if you can you can play the ball AROUND the net, even!
But, overall, Tennis is very simple! And easy! You an even let the ball bounce once!
... wll, except in weelchair tenis, where it can bounce twice...",@joaopauloadlergomesdacosta282,en,
sSy4OnnHZXs,The whole issue stems from not using a clock for the scoring. Typical modernists,@ebbezackariasson3736,en,
sSy4OnnHZXs,I love tennis!!! I thought it was a little funny when I was telling my grandma the rules when I played in high school 😂,@pearltaylor1744,en,
sSy4OnnHZXs,"Universal: Let's count olympic games (igra sg.... igry pl...)
Russian language: 1. igra... 2... 3... 4... igry....
Universal language: 5, 6, 7, 8 igry...
Russian: well , hmm...5, 6, 6,7, 8 9 igr... igRRR...
Universal: 5, 6 igr .... 18-19-20 igr... 21 igrRRR...
Russian:: o-oh... 21 igra... 22-23-24 igry... 25 igr...
Old Slavonic: khe-khe... it is because it is used to be ""the 25 OF igr..."" Genitive case... khmm... kha-kha.... and the 2 igry used to be a DUAL number.... in the days of yore... khmm-khaa..."" ... ""And to my mind 21, 31, 41, 51.... 1000000000001 -- this is (effing shithold and) ONE igra to my mind!"".
Modern Russian: Oh, shut up! We just have one form for ""x+1"" number, one form for ""x + 2, 3, 4"" number, and the 3rd form for the  ""x+5, 6, 7, 8, 9 number. Don't ask me why, because I don't know it myself"".",@perf2.078,en,
sSy4OnnHZXs,"The Frenchman's response is the same one I get whenever I tell people I don't watch tennis because I can't work out the scoring system 
""?? Is so simple""",@galexeqe,en,
sSy4OnnHZXs,You missed on the tie-break bringing this up would be real fun to watch,@imyolo1201,en,
sSy4OnnHZXs,I thought tennis was British sport,@sadiqnajwan6214,en,
sSy4OnnHZXs,Nope. I'm with France on this one. Only someone with a painfully pedestrian mind would require points to be won using sequential numbers.,@Coni2009,en,
sSy4OnnHZXs,"America, your sports make even less sense....",@Ammon-Ra,nl,
W_z8Om7z5fk,Hunter you lucky guy!,@FirstyPaul,es,
W_z8Om7z5fk,The journey is more important than the destination ✨️ 💛 congratulations  hun 💖 keep it up 🤗🇹🇹,@janicebaron.764,en,
W_z8Om7z5fk,She is an amazing athlete,@timhennessey7778,en,
W_z8Om7z5fk,Queen that's the best answer!😂❤😊 Peace!,@flomiller6175,en,
W_z8Om7z5fk,She can easily be a supermodel. Designers should have her and her husband in their runway shows,@phoenixphoenix8868,en,
W_z8Om7z5fk,❤❤🎉,@user-uy6wu1ll6n,unknown,
W_z8Om7z5fk,she’s insanely talented and gorgeous,@elizabethmoseley2718,en,
W_z8Om7z5fk,Congrats to you Both ! God Bless.!,@cordiajones9716,en,
W_z8Om7z5fk,CONGRATULAZIONI ❤,@AngelonicolaPapantuono,en,
W_z8Om7z5fk,Congratulations ❤🎉🥹🙏🏾🎊🥰🌹🤝🏾❤️🫂 Love you ❤,@ToshaSmith39YumYum,fr,
NQF3xl8O62g,"This comes across as being bought off to say this. Hundreds of other competitors were saying otherwise between the the river, village, cardboard bedss and food etc. People were actually sleeping outside because the beds sucked and weren't restful.",@LadyMaverick823,en,
NQF3xl8O62g,"ppl who are christians and was mad abt the opening


👇",@smileyacademytv1722,en,
NQF3xl8O62g,Said no one ever,@ezradey6302,nl,
NQF3xl8O62g,But the opening ceremony was a sin repent,@FintonRae,en,
NQF3xl8O62g,"It was the worst, from the food to the accommodations",@Tephivideos,en,
NQF3xl8O62g,Yoooou should see Utah in 2034 ;),@user-co9ei5tf5e,en,
NQF3xl8O62g,"just dont jump in that water
and watch out for those cat sized mice or rats😂😂😂😂",@hiba82158,en,
NQF3xl8O62g,🇫🇷🇫🇷🇫🇷❤❤❤,@phileasthuillier9777,unknown,
NQF3xl8O62g,I love Ian pretending that he was an Olympian 😭,@Schmonkulous,en,
NQF3xl8O62g,Paris stinks so bad and it’s overly expensive,@louiseseery3314,en,
FkoTbJwyr1E,"Nul a chier Christine and the queen ,elle beugle ,elle grimace et elle massacre tout ce qu elle chante ..à part ses revendications lesbiennes qu’elle est sa légitimité,il y avait Mylene Farmer..zaaz ,Catherine Lara et beaucoup d autres chanteuses talentueuses….christine and the qui n  a plus aucun succès mais son militantisme s impose à nous ( je précise être gay )",@jeromedemas4913,fr,
FkoTbJwyr1E,This was great to watch!! loved it!!,@rach24321,en,
FkoTbJwyr1E,Indeed me too,@denzelupdates,af,
FkoTbJwyr1E,"Saw Christine and the queens perform at Womadelaide several years ago,Paradis perdus my favourite",@keithdickens1395,en,
FkoTbJwyr1E,She is a Gem,@denzelupdates,en,
FkoTbJwyr1E,Thank you Denzel,@grog0cean,tr,
FkoTbJwyr1E,Thanks for Watching,@denzelupdates,en,
FkoTbJwyr1E,It's nice to see Christine perform with her shirt on! 😂❤,@mofreedom2913,en,
FkoTbJwyr1E,So she usually performs without it 😂😂😂,@denzelupdates,en,
FkoTbJwyr1E,"@@denzelupdates No my friend! My favorite song of hers is ""Full of Life"" and she always seems to be shirtless when she sings it!  I'm just poking fun! I love the song/hate the swears, but she is extremely talented with a beautiful voice. It's all good ❤",@mofreedom2913,en,
FkoTbJwyr1E,"@@mofreedom2913 I loved her voice my friend...
She's got a new fan ❤️😍💪",@denzelupdates,en,
FkoTbJwyr1E,@@denzelupdates 👍🙏🇺🇸,@mofreedom2913,de,
FkoTbJwyr1E,I'm so happy they got to perform. I waited a month just to see it when they told me it was happening. ❤ Rahim Redcar #hopecore,@RavenIconFireStar,en,
FkoTbJwyr1E,Happy Scenes here I swear,@denzelupdates,en,
FkoTbJwyr1E,Wow it's beautiful,@Angelessie,en,
FkoTbJwyr1E,Indeed,@denzelupdates,nl,
FkoTbJwyr1E,Paralympic Games 😍,@denzelupdates,en,
V1IfCWuOZpw,Wondering where to watch #Paris2024 🏊 Swimming action? ➡ https://go.olympics.com/watch,@Olympics,en,
V1IfCWuOZpw,No you ruined the Olympics for me. an apology is not action. typical France in the eyes of the world. Opening ceremony was disgraceful and I'm not even religious.,@tommac8742,en,
V1IfCWuOZpw,"Just how?? It was going for titmus and then molly pulled out a magical trick and she won the well deserved gold. Titmus smiled thru it, i thought shd win it",@Kat-zj5kd,en,
V1IfCWuOZpw,Her last 50 m was amazing,@usmlerahmed5776,en,
V1IfCWuOZpw,"Great call - ""in one turn she re-wrote the script"" will be always associated with Mollie.",@fletap7782,en,
V1IfCWuOZpw,"👍👍👍👍
每位選手～水流往背後曲線流過去好美😍",@user-vg3cy3ir5n,ko,
V1IfCWuOZpw,"Whoever makes these videos, please put the final results up a the end- it is an insult to all the finalists that their efforts are not highlighted.",@garrywallace1007,en,
V1IfCWuOZpw,"Wow, another purple face! This looks like drug assisted under WADA TEU program.",@user-ms9nh2gw4w,en,
V1IfCWuOZpw,She has no attributes like Titmus,@gregaryvanjare7902,en,
V1IfCWuOZpw,Arnie just let Molly shine 😊 great swim girls 💪,@MaggieAllan-xe5cy,en,
V1IfCWuOZpw,Not even one shot of Siobhan Bernadette Haughey’s close up wth,@chocoluvluv,en,
Ya4l6ZoLsOM,"I am hungarian and i am big Nadal fan,so it was sad and happy moments!",@TheSusanne1982,en,tennis
Ya4l6ZoLsOM,Improbabile telecronista rai... Abbiamo trovato qualcuno peggio dei telecronisti sky....,@user-tl8xd3ch1w,it,tennis
Ya4l6ZoLsOM,El catarí está acabado,@antoniocarreterocarrero9010,es,tennis
Ya4l6ZoLsOM,"Bravo, Rafa! 💛",@you_tune,sl,tennis
Ya4l6ZoLsOM,and now novak <> nadal 6-0 6-1 ahahha,@amerigo3000,tl,tennis
Ya4l6ZoLsOM,Nice win for Rafa. 👍,@angelatanurdzic7508,en,tennis
Ya4l6ZoLsOM,Eurosport there is only one goat one and only 🐐 Novak Đoković,@jugoslavnamljidjiu9021,en,tennis
Ya4l6ZoLsOM,Jeb' se Rafa 😂,@dejanrakic77,et,tennis
Ya4l6ZoLsOM,Too bad Nadal and Djokovic wont be in same shape tomorrow. I would say Djokovic is at 75% of his prime and Nadal at 50%.,@belmon38,en,tennis
Ya4l6ZoLsOM,"Djoković at 60%, Nadal at 40% of their potential in my opinion...",@andydufresne87,en,tennis
Ya4l6ZoLsOM,"Djokovic at 70% Nadal at 60%. It will be a tight match, this is clay after all",@user-iy8tp7vw3x,en,tennis
Ya4l6ZoLsOM,No man come on djokovic is like 40% of his prime and nadal 0% he is clearly out of his prime and at the end of his career,@ntinoskap4413,en,tennis
Ya4l6ZoLsOM,"magari non sarà incisivo come una volta, ma ha una classe immensa....",@rastignac4790,it,tennis
XS9MJiQx9gs,Honk Kong is part of China it's not a sovereign independent state this is a trick to bring more athletes to the Olympics and nobody has the courage to say it. The Olympic Commitee shouldn't allow this.,@littlemouse7066,en,cycling
XS9MJiQx9gs,POPOVIC .... RUSSIA REVENGE! 🤣,@scryptum,en,cycling
XS9MJiQx9gs,shet games this olipmics!,@dragospalacean3724,en,cycling
XS9MJiQx9gs,WELL DONE FOR AUSTRALIA !!!,@teodorsuditu6800,en,cycling
XS9MJiQx9gs,JESUS IS KING ‼️‼️‼️‼️‼️‼️‼️,@draniula1883,de,cycling
XS9MJiQx9gs,YES!!!👍 JESUS👑...🙏...,@kegelchen32,id,cycling
XS9MJiQx9gs,I boycott these games,@NKVKV,en,cycling
XS9MJiQx9gs,Nobody cares what you do,@CastoroC,en,cycling
XS9MJiQx9gs,Why,@AComan-ch5wt,cy,cycling
XS9MJiQx9gs,Where is Bob Ballard ?,@TowerofTruth,en,cycling
XS9MJiQx9gs,🏅 iN MEZZO AI GIGANTI 🇮🇹,@tysonfastfurious6394,so,cycling
XS9MJiQx9gs,Congratulations! ❤🎉,@angelatanurdzic7508,en,cycling
XS9MJiQx9gs,"How do they track the speed of the swimmers?
Do they have a sensor on them or are they cameras who track them?",@Felix-no7nx,en,cycling
XS9MJiQx9gs,I think it is the camera's combined with a software program that calculates the speed in real-time based on the position of the swimmers.,@martini8822,en,cycling
XS9MJiQx9gs,yes,@AIin1771,tr,cycling
XS9MJiQx9gs,Probably the underwater cameras,@GradietPanda12345,en,cycling
XS9MJiQx9gs,"i heard that they had some kind of sensor inside the swimming cap, but it might simply be software",@datutturugang666,en,cycling
BXguG8Q16EY,Netball❤❤❤,@waffles.the.therian740,nl,
BXguG8Q16EY,Cheerleading !!!,@Evasummerlife2929,en,
BXguG8Q16EY,Bro let’s put dodgeball in the Olympics that would be fire 🔥,@Aspen.is.random,en,
BXguG8Q16EY,NETBALLL,@Charli_Bali,vi,
BXguG8Q16EY,Me when the first girl said NETBALL 💗💗💗💗💗🥳🥳🥳🥳🥳🥳🙌🙌🙌🙌🙌🙌🙌(NETBALL IS MY LIFE),@Charli_Bali,en,
BXguG8Q16EY,"DANCE SHOULD BE IN THE OLYMPICS! I know there’s already breakdancing but I mean dance as in ballet, lyrical, jazz, contemporary and maybe a bit of hiphop",@RosieTheArcher,en,
BXguG8Q16EY,Poledancing!!!,@luisalarose,id,
BXguG8Q16EY,Netball is for the australians that liked your break dancer. Not for the general population,@loganprisk,en,
BXguG8Q16EY,Paddle boarding,@Oscar-jy7bj,cy,
BXguG8Q16EY,NET BALLLLLLLL THE BEST SPORT PF ALL TIME ASWEL AS DODGEBALL,@hannahmitchell2670,en,
em7hYIHiXD8,Frym imagjinat gosti oborr,@user-kx8if4vz9n,hr,
em7hYIHiXD8,Cool,@jackjemo569,en,
em7hYIHiXD8,Bravo Kenya 😊,@edinacloud5968,sw,
em7hYIHiXD8,🙌🏻🙌🏻🙌🏻,@Lisa.starrr,unknown,
em7hYIHiXD8,See his balls😂😂😂😂😂😂😂😂😂,@minalambhore8030,en,
em7hYIHiXD8,So close!,@francisnguyen6349,es,
em7hYIHiXD8,Time??,@ra-1gamer920,sq,
em7hYIHiXD8,Congratulations Emma,@DaughterOfZionGh,en,
em7hYIHiXD8,未來是他的,@user-vy5js7qu6f,zh-tw,
em7hYIHiXD8,"Marco Polo, come on",@Zhu52011,pt,
yintluNrpbk,Top 12 go through auto. 13-18 go to elimination race where the top 4 go through to the semis,@JacobGrace-n4m,en,bmx
yintluNrpbk,❤❤❤❤❤❤❤❤❤,@joanne4692,unknown,bmx
yintluNrpbk,Bmx is cool,@RehSan156,en,bmx
yintluNrpbk,love it man,@aaronryanowo,sl,bmx
yintluNrpbk,Ive Raced Bmx from 1978 to 2016!!! GREATEST SPORT ON EARTH ❤!!!,@frankbalazs8816,en,bmx
yintluNrpbk,I started in 79' here in South Texas.,@joewil1441,en,bmx
yintluNrpbk,"82 in Minnesota 
And that’s one hell of a run for you. Congratulations",@tomanderson798,en,bmx
yintluNrpbk,@@tomanderson798 Raced for Factory GT for 2 yrs!!,@frankbalazs8816,en,bmx
FkoTbJwyr1E,"Nul a chier Christine and the queen ,elle beugle ,elle grimace et elle massacre tout ce qu elle chante ..à part ses revendications lesbiennes qu’elle est sa légitimité,il y avait Mylene Farmer..zaaz ,Catherine Lara et beaucoup d autres chanteuses talentueuses….christine and the qui n  a plus aucun succès mais son militantisme s impose à nous ( je précise être gay )",@jeromedemas4913,fr,
FkoTbJwyr1E,This was great to watch!! loved it!!,@rach24321,en,
FkoTbJwyr1E,Indeed me too,@denzelupdates,af,
FkoTbJwyr1E,"Saw Christine and the queens perform at Womadelaide several years ago,Paradis perdus my favourite",@keithdickens1395,en,
FkoTbJwyr1E,She is a Gem,@denzelupdates,en,
FkoTbJwyr1E,Thank you Denzel,@grog0cean,tr,
FkoTbJwyr1E,Thanks for Watching,@denzelupdates,en,
FkoTbJwyr1E,It's nice to see Christine perform with her shirt on! 😂❤,@mofreedom2913,en,
FkoTbJwyr1E,So she usually performs without it 😂😂😂,@denzelupdates,en,
FkoTbJwyr1E,"@@denzelupdates No my friend! My favorite song of hers is ""Full of Life"" and she always seems to be shirtless when she sings it!  I'm just poking fun! I love the song/hate the swears, but she is extremely talented with a beautiful voice. It's all good ❤",@mofreedom2913,en,
FkoTbJwyr1E,"@@mofreedom2913 I loved her voice my friend...
She's got a new fan ❤️😍💪",@denzelupdates,en,
FkoTbJwyr1E,@@denzelupdates 👍🙏🇺🇸,@mofreedom2913,de,
FkoTbJwyr1E,I'm so happy they got to perform. I waited a month just to see it when they told me it was happening. ❤ Rahim Redcar #hopecore,@RavenIconFireStar,en,
FkoTbJwyr1E,Happy Scenes here I swear,@denzelupdates,en,
FkoTbJwyr1E,Wow it's beautiful,@Angelessie,en,
FkoTbJwyr1E,Indeed,@denzelupdates,nl,
FkoTbJwyr1E,Paralympic Games 😍,@denzelupdates,en,
Q4T8iHIfmd0,Gymnastics pole vault swimming track and field,@thaddeusbrown-oj4dy,en,
Q4T8iHIfmd0,Dios te bendiga y te proteja siempre 🙏🏻❤,@ArelysOjeda-xb5lu,es,
Q4T8iHIfmd0,Beautiful u are,@MarioMcElrath-t2s,ro,
Q4T8iHIfmd0,I wasnt going to exercise today its sunday 10:24am im getting ready 😂,@Anthony_llamas,en,
Q4T8iHIfmd0,Yup Kavinsky suits u perfectly 💪🖤,@skylaxx,en,
Q4T8iHIfmd0,Superb ✌️,@GauravSharma-qd8cn,id,
Q4T8iHIfmd0,"imane, was the most beautiful giirl i saw at the olympics",@BillBrunson,en,
Q4T8iHIfmd0,"Blk Domination they have no competition on planet Earth, its blks Rythem it applies in Music and at the Olympics nobody can run with them",@kennethdandy4780,en,
Q4T8iHIfmd0,You need to get your knees higher,@mattysykes2121,en,
Q4T8iHIfmd0,Mein olympisches Highlight ist ein Clip von Marsha.,@ajo4073,de,
Qoky6fAxC6Y,I don't care what a lazy idiot he is (and he *definitely* is) he's beautiful. He can sleep on my park bench anytime. American men take notice. Not a single tattoo to mar that perfect body. Live and learn.,@ns2110theonly,en,
Qoky6fAxC6Y,the fact that he is gold medalist make more worse i thought france was developed country,@iyamstory,en,
Qoky6fAxC6Y,"I wonder if anyone has taken into account a huge ongoing issue that is happening in Paris? It may very well explain the cardboard beds.They are overriden with a severe bed bug infestation right now. I love Paris, it is beautiful. The culture, language, art/architecture, and history.....love it all! But, I wouldn't want to stay there right now. I've heard too many recent stories from people that have been there and had horrible experiences with bed bugs there. I'm not talking your run of the mill bad experience at a random motel. Even the high end places are struggling with them....along with residential and business establishments.",@bhumphries1360,en,
Qoky6fAxC6Y,Parigi è stupenda ma l'igiene e la pulizia purtroppo non vengono praticate...,@simonagiraldo2840,it,
Qoky6fAxC6Y,Francistan☕,@Kurdishboy2698,es,
Qoky6fAxC6Y,"If the Olympics had been held in New York city, that park bench would have been covered with stainless steel spikes",@bronxbearbud272,en,
Qoky6fAxC6Y,Damn!! This guy looks gorgeous!!!,@lynanguyen242,en,
Qoky6fAxC6Y,I call first fantasy dibs❤,@ns2110theonly,en,
Qoky6fAxC6Y,"France was intelligent, usually the host country millions to host the Olympics but France spent less money putting some of the cost on the athletes' countries to foot the bill example a luxury item as AC, food and accommodations. Pushing athletes to spend money which in turn boost France economy. So I think while this was bad France knew what they were doing.",@imtiazmohammed8677,en,
Qoky6fAxC6Y,"I have slept on a hardwood floor multiple times and slept perfectly fine, i have also cowboy camped in the back country many times (which means no tent and no sleeping pad so just sleeping on dirt and rocks) and slept perfectly fine and woke up in the morning feeling refreshed. I don’t know why they are complaining, those beds honestly look pretty comfortable.",@TheoreticalTerrain,en,
Qoky6fAxC6Y,"Mha, sai com'è ...siamo abituati a dormire in letti comodi e non di cartone, ad avere l'aria condizionata, ad avere una stanza pulita e non infestata da cimici e soprattutto a mangiare bene. Poi c'è chi si accontenta.",@simonagiraldo2840,it,
Qoky6fAxC6Y,There is a madsive difference between taking a nap in the afternoon in a park and ''sleeping outside''. Why do people feel the need to create drama for 'o reason ? Is your life that boring ?,@almamater9566,en,
Qoky6fAxC6Y,How comfortable? Compare that ground means your given a gravel bed for you to like the park ground?,@user-eo6zb9id8s,en,
Qoky6fAxC6Y,"I think the lack of AC was the biggest factor, the cardboard bed is more comfortable but it sucks sleeping in a hot stuffy room so he'd rather sleep on the floor but have cool fresh air.",@zamanimvukela4573,en,
LQ_TBh-rvZI,mindblowing numbers 🤯,@YouTube,en,
LQ_TBh-rvZI,Crazy stuff,@TobyLazeris,pl,
LQ_TBh-rvZI,Breakdancing?,@TangoRango19,id,
LQ_TBh-rvZI,Yes breakdancing,@TobyLazeris,es,
LQ_TBh-rvZI,"here's another fun one! there are 8 athletes representing palestine, the largest group they've ever had 🥰 a less fun fact, israel has killed over 340 palestinian athletes since september last year :(",@ickypixie,en,
LQ_TBh-rvZI,Marseille?! Jesus good luck to those athletes that are going there,@struggling5432,en,
LQ_TBh-rvZI,Not a nice place?,@TobyLazeris,ro,
LQ_TBh-rvZI,@@TobyLazeris beautiful place just is known by its high crime rates,@struggling5432,en,
LQ_TBh-rvZI,It cant be that bad compared to all the other major cities​@struggling5432,@zenthous9568,en,
LQ_TBh-rvZI,@@zenthous9568 marseilles crime rate is about 10% higher then paris,@struggling5432,en,
LQ_TBh-rvZI,"Don't forget the Puerto Rico team is 100% Anerican too, so that's another 51 athletes. Plus more if you count American citizens who compete for other countries.",@CallieMasters5000,en,
LQ_TBh-rvZI,@@CallieMasters5000 only counting the country they are representing,@TobyLazeris,en,
LQ_TBh-rvZI,Pretty interesting,@thrombox6389,en,
LQ_TBh-rvZI,Thanks!,@TobyLazeris,en,
LQ_TBh-rvZI,Did you just call me a nonce?,@zacharymurphy180,fr,
3-EsRETZ-Mg,Rajon rondo,@anthonystarks3174,es,basketball
3-EsRETZ-Mg,She's naturally pretty.,@sb5064,en,basketball
3-EsRETZ-Mg,God is neither man or woman!  How can god be part of his creation?,@Mivka_,en,basketball
3-EsRETZ-Mg,"Rev. 1:14-15
Daniel 7:9,10:6",@JkDibine,da,basketball
3-EsRETZ-Mg,@@JkDibine Numbers 23:19,@Mivka_,de,basketball
3-EsRETZ-Mg,"@@Mivka_ You've translated it wrong... It means he's not a person that will lie, like a person on the earth.
Remember man is based off God's likeness, specifically the darkskinned African.",@JkDibine,en,basketball
3-EsRETZ-Mg,I wd glue up in Lebron hug.... God knew not to make me shakari,@joanluyiga784,en,basketball
3-EsRETZ-Mg,Babe ❤🎉,@scottfeuerhammer3595,de,basketball
3-EsRETZ-Mg,Although she didn't won an individual gold medal she is still the American pride,@winstonseecharan6321,en,basketball
3-EsRETZ-Mg,Celebrate her loss😂😂😂,@benjiblanx,en,basketball
3-EsRETZ-Mg,She won gold weirdo,@cnp215,cy,basketball
3-EsRETZ-Mg,🇺🇲🥇🥇🥇🥈🥉🇺🇲☺️👈🏿,@JkDibine,unknown,basketball
3-EsRETZ-Mg,lol god is a woman,@ianc643,cy,basketball
3-EsRETZ-Mg,Yassss CELEBRATE Sha'carri. She had an awesome time,@cheryssandridgem1477,en,basketball
ZuDq6Hnensc,WHO’S GONNA TRAIN WITH ME? 😤 Now tap on the play button ▶️ to watch my Olympics vlog from this past week’s Olympics! See y’all there 😈,@IanBoggs,en,
ZuDq6Hnensc,FIRST AND your comment is 7secs,@Ben-g3i,fr,
ZuDq6Hnensc,ME 🔥🔥,@Invalid_IGNX,sw,
ZuDq6Hnensc,Goodluck man,@erwinhuerta-om2rm,so,
ZuDq6Hnensc,"Go to Argentina in change your profile picture day, one of asking Ian Boggs",@Jackson-n8q,en,
ZuDq6Hnensc,I’m practice swimming I can be your swimming coach,@JohannesFrijonsson,en,
ZuDq6Hnensc,"No, you won’t win. I’m kidding. Good luck, dude.",@Antonio-ow2el,af,
ZuDq6Hnensc,GO IAN 😊😊😊😊😊😊😊😊,@ChloeMateus-rm6jz,so,
ZuDq6Hnensc,Im 13 then,@Lolo-lu-3to,en,
ZuDq6Hnensc,_ty gor the pin 📌_,@arfahusain894,en,
ZuDq6Hnensc,What sport?,@jasperplays1093,en,
ZuDq6Hnensc,0:13 why the heck does the women beside you at 0:13 looks like my hindi teacher?,@Mystic_idk532,en,
ZuDq6Hnensc,:D,@PinkVR-q8p,de,
ZuDq6Hnensc,Gaming is also gonna be in the olympics,@saishanvithmatta,en,
ZuDq6Hnensc,"Work haird ian, if you get a gold medal you can make yt history",@azoura2940,en,
GTwWK3Hkt7g,Bandi chha gyi hai,@ajeetsingh-bk9bs,cy,
GTwWK3Hkt7g,Thoda heart beats bachha ke rakho neeraj chopra ke liye❤❤,@bubooadayanand5419,en,
GTwWK3Hkt7g,Nice clothes proud to sister jay Hind ❤❤❤,@dilipbandhiya9226,en,
GTwWK3Hkt7g,Ku fayda tum logo ko  se para Olympiad wale hai sahi gold lekr arhe unke itni facilities bhi  govt ki taraf se nhi milte inko sb milta iske baad bhi bronze ley kr arhe  only 6 medal shame on u,@nishigautam4771,en,
GTwWK3Hkt7g,"Her teeth looks different and awkward.. I think this is a old look, she did cut her teeths to align it. Now it looks like how you call her gorgeous beauty and everything..",@FooDieCorner009,en,
GTwWK3Hkt7g,Agli baar inko kuch ni milega,@healyou4243,sw,
GTwWK3Hkt7g,"Batao kitna tough sports ha boxing, running toh kuch nhi ha iss sports ke samne",@phantasm26,tl,
GTwWK3Hkt7g,❤,@lakshmikanthc.l2366,unknown,
GTwWK3Hkt7g,Itna karne ke baad bhi gold nhi aata,@arunkumar-cp5sj,so,
GTwWK3Hkt7g,Agar muze chance mila to mai bhi medal la sakata hu,@user-jo5lm8lc7o,sw,
xZLoOv0IgpQ,netherlands 17m people,@jamesclarkmaxwell-v2n,en,
xZLoOv0IgpQ,yeah luckily no one in australia cares about the olympics and the only people who do are americans. so.. australia did nothing. still americans,@ZariffsDev,en,
xZLoOv0IgpQ,"Yeah ummmmm
“Ray Gunn” did those stats.",@auzzieredneck1850,en,
xZLoOv0IgpQ,"Nah dude... We know the scale. We just want to encourage each other by saying ""we can actually be successful, just believe and strive"" and it's a cool metric. We're not fooling ourselves and neither are America. We all know it's gold.  But we want to feel good.",@dylanbenjaminwalter2896,en,
xZLoOv0IgpQ,sta lucia the best,@MrBephantol,en,
xZLoOv0IgpQ,You’re wrong though because as  Americans thats how you’re actually supposed to score. We never did it in a delusional way. Australia did. Y’all are trying to make your own rules,@Prof.Albusdumbledore,en,
xZLoOv0IgpQ,"*At the end, China won.*",@chulobombastic,en,
xZLoOv0IgpQ,How many Americans have had their medals stripped? 10?,@santouchesantouche2873,en,
xZLoOv0IgpQ,Australia is quality over quantity.,@burns0100,en,
xZLoOv0IgpQ,NZ beat us per capita,@chefdeno,ca,
yintluNrpbk,Top 12 go through auto. 13-18 go to elimination race where the top 4 go through to the semis,@JacobGrace-n4m,en,bmx
yintluNrpbk,❤❤❤❤❤❤❤❤❤,@joanne4692,unknown,bmx
yintluNrpbk,Bmx is cool,@RehSan156,en,bmx
yintluNrpbk,love it man,@aaronryanowo,sq,bmx
yintluNrpbk,Ive Raced Bmx from 1978 to 2016!!! GREATEST SPORT ON EARTH ❤!!!,@frankbalazs8816,en,bmx
yintluNrpbk,I started in 79' here in South Texas.,@joewil1441,en,bmx
yintluNrpbk,"82 in Minnesota 
And that’s one hell of a run for you. Congratulations",@tomanderson798,en,bmx
yintluNrpbk,@@tomanderson798 Raced for Factory GT for 2 yrs!!,@frankbalazs8816,en,bmx
FlLg153qxRY,🇳🇿,@Flawlessflood,unknown,
FlLg153qxRY,Awesome,@edithmolina4968,af,
FlLg153qxRY,Best Wishes.... Impressive,@xsez2,en,
FlLg153qxRY,Great Britain Baby 👏🏾,@tonyg569,en,
FlLg153qxRY,Disappointing,@verideaux3250,tl,
FlLg153qxRY,Nearly thought this was DJ Pauly D,@FindingYaya,en,
FlLg153qxRY,❤❤❤ great Britain,@feniliawidiani7213,en,
FlLg153qxRY,"PUT A 💚 IF UR BRAZILIAN 
13 mins ago! 🇧🇷",@cncapdeville1,pt,
FlLg153qxRY,Impressive surge at the end! 🇬🇧🏃‍♂️,@thomasbowers1210,en,
FlLg153qxRY,Just gold how he does this,@Avisg1.2,en,
dHe8hpRRsG0,Happy People 🇵🇭🇵🇭🇵🇭🇵🇭,@evalynroces2838,en,
dHe8hpRRsG0,Congratulations Philippines athletes 🎉🎉🎉,@MelvinAltobar,en,
dHe8hpRRsG0,Congrats🎉🎉🎉,@MelvinAltobar,nl,
dHe8hpRRsG0,😂😂😂,@jenniferlabating3333,unknown,
xZLoOv0IgpQ,netherlands 17m people,@jamesclarkmaxwell-v2n,en,
xZLoOv0IgpQ,yeah luckily no one in australia cares about the olympics and the only people who do are americans. so.. australia did nothing. still americans,@ZariffsDev,en,
xZLoOv0IgpQ,"Yeah ummmmm
“Ray Gunn” did those stats.",@auzzieredneck1850,en,
xZLoOv0IgpQ,"Nah dude... We know the scale. We just want to encourage each other by saying ""we can actually be successful, just believe and strive"" and it's a cool metric. We're not fooling ourselves and neither are America. We all know it's gold.  But we want to feel good.",@dylanbenjaminwalter2896,en,
xZLoOv0IgpQ,sta lucia the best,@MrBephantol,en,
xZLoOv0IgpQ,You’re wrong though because as  Americans thats how you’re actually supposed to score. We never did it in a delusional way. Australia did. Y’all are trying to make your own rules,@Prof.Albusdumbledore,en,
xZLoOv0IgpQ,"*At the end, China won.*",@chulobombastic,en,
xZLoOv0IgpQ,How many Americans have had their medals stripped? 10?,@santouchesantouche2873,en,
xZLoOv0IgpQ,Australia is quality over quantity.,@burns0100,en,
xZLoOv0IgpQ,NZ beat us per capita,@chefdeno,ca,
TGr4JEfbavE,Rymtic gmynsitcs,@elizabethlloyd3013,en,
TGr4JEfbavE,Its simones skill lmao she just does it,@ggymnast5905,et,
TGr4JEfbavE,But your turns are perfect,@ggymnast5905,en,
TGr4JEfbavE,@@ggymnast5905🫶🏽,@moveyourbodywithAlla,cy,
TGr4JEfbavE,OKK VLADA UROZOVA!!,@ghostt4634,pt,
TGr4JEfbavE,@@ghostt4634 Alla)),@moveyourbodywithAlla,hu,
TGr4JEfbavE,I tried the wolf turn and i thought it would be easy. 😂 I was so wrong! This requires flexibility and core strength,@kateysandon,en,
TGr4JEfbavE,"highly recommend to do drills exercises to improve quadriceps  strength and mobility with the bar before try to do the turn ✨ up and down, like a squats )) good luck 💪🏽🫶🏽",@moveyourbodywithAlla,en,
TGr4JEfbavE,Actually dimone biles is a artistic gimnast,@MrPetertigermoore,en,
TGr4JEfbavE,@@MrPetertigermoore yes),@moveyourbodywithAlla,af,
TGr4JEfbavE,Wow this is really cool! Love the at move :),@MariaSchroeck,en,
TGr4JEfbavE,Thank you so much! ❤️,@moveyourbodywithAlla,en,
TGr4JEfbavE,You are soo good ❤,@_Gymn4st_,so,
TGr4JEfbavE,Thank you dear ❤,@moveyourbodywithAlla,en,
OzlCLwLUKB8,😂😂😊😊mexico,@kateandjesseadventures7396,es,
OzlCLwLUKB8,𝑇𝑈 𝐸𝑆𝑇 𝑂ù ! 𝐽𝐸 𝑉𝐸𝑈𝑇 𝑄𝑈𝐸 𝑇𝑈 𝑀𝐸 𝐹𝐴𝐼𝑇 𝑈𝑁 𝐺â𝑇𝐸𝐴𝑈 𝑆𝑇𝑃,@AladinElene,vi,
OzlCLwLUKB8,WoW juste incroyable!😺✨⭐️,@HAMO261,en,
OzlCLwLUKB8,Netherlands 😅❤,@Youhavetoknowmy,nl,
OzlCLwLUKB8,呢個係巴黎奧運🎉,@ShukmuiSin,ko,
OzlCLwLUKB8,日本負けたよ。🇯🇵💔,@yukoueno7603,ja,
OzlCLwLUKB8,Tu peux faire un gâteau aï ( oshi no ko )je suis abonné stp❤,@Lulu-castagnette12,fr,
OzlCLwLUKB8,Moi je suis française 🇨🇵🇨🇵🇨🇵🇨🇵🇨🇵🇨🇵,@user-sj6wz6xg7x,fr,
OzlCLwLUKB8,J'ai une petite question est-ce que un jour tu pourras faire un gâteau nezuko s'il te plaît à part bien sûr si tu en as déjà fait un😂😅,@vanessabrossier1327,fr,
OzlCLwLUKB8,@@vanessabrossier1327 coucou ! Oui j’en ai fait plusieurs de Nezuko 🥰🍰 passes voir mes shorts sur ma chaîne 😘😘,@HEAVENCAKEEMILIE,fr,
OzlCLwLUKB8,D'accord tu es trop cool❤❤❤❤❤😊😊😊😊😊,@vanessabrossier1327,ca,
OzlCLwLUKB8,😘😘😘😘,@vanessabrossier1327,unknown,
OzlCLwLUKB8,Ça te fait pas de peine de couper les gâteaux que tu as pris longtemps à faire❤,@Améliamha,fr,
OzlCLwLUKB8,@@Améliamha toujours un petit peu 🥰,@HEAVENCAKEEMILIE,fr,
OzlCLwLUKB8,Ok,@Améliamha,af,
ErqBMxP39kQ,9/11,@chess_killer,unknown,
ErqBMxP39kQ,💀💀💀💀,@BROX_CR,unknown,
ErqBMxP39kQ,Yusuf Dikeç 🇹🇷🇹🇷🇹🇷🇹🇷🇹🇷🇹🇷🇹🇷🇹🇷🇹🇷🇹🇷🇹🇷🇹🇷🇹🇷🇹🇷🇹🇷🇹🇷🇹🇷🇹🇷🇹🇷🇹🇷🇹🇷🇹🇷🇹🇷🇹🇷🇹🇷 as bayrakları as as sayımızı bilelim,@BattalOruç-n7x,tr,
ErqBMxP39kQ,🔫,@Cr7-Goatnr1,unknown,
ErqBMxP39kQ,To Turkish people Alekum selam abiler,@fc25_bangers,id,
ErqBMxP39kQ,Is Edgar  😂,@lionilsendi5268,sv,
ErqBMxP39kQ,🇷🇸🥇,@borisbalazs7887,unknown,
ErqBMxP39kQ,🇷🇸🐐,@milanzivoin3226,unknown,
ErqBMxP39kQ,"turkish Man win silver ❌
Turkish Man chosed silver✅",@enespolat1071,en,
ErqBMxP39kQ,🇷🇸💔  🇹🇷❤️,@İmobilebs,unknown,
ErqBMxP39kQ,🇷🇸❤️🇬🇷,@nekiguzja5864,unknown,
ErqBMxP39kQ,😅,@sadikhoxha2560,unknown,
ErqBMxP39kQ,Bro just woke up and said 🥱 light work,@Icelafc,en,
ErqBMxP39kQ,Nice,@rachidjdioui4512,ro,
ErqBMxP39kQ,"@@rachidjdioui4512 yea nice""",@Icelafc,ro,
dgSoetuvUyg,"what a journey this has been!🥹
so privileged to have followed it allllll the way through to the end.🙈",@kauze_,en,
dgSoetuvUyg,it’s because she’d just run a race. that’s all.,@kauze_,en,
dgSoetuvUyg,that would be Minnie Mouse - not Mickey,@diverdave4056,en,
dgSoetuvUyg,Everybody's voice goes up in pitch when they are out of breath.  She already has a soft voice so when she tries to talk loudly over crowd noise and she's short of breath this is what you get.,@LikeToWatch77,en,
dgSoetuvUyg,😂😂😂😆😆😆...,@shishapangma5921,unknown,
dgSoetuvUyg,She’d get it,@tomderby7759,nl,
dgSoetuvUyg,https://youtu.be/DlFFxYNFJgc?si=rYK79WzTHXLb7X7x,@brennanando,unknown,
dgSoetuvUyg,She's just like after a race - https://youtu.be/DlFFxYNFJgc?si=rYK79WzTHXLb7X7x,@brennanando,en,
dgSoetuvUyg,She’s been running a lot that’s why,@josepena7416,en,
dgSoetuvUyg,Her voice is affected just after a race! Normally she sounds different,@marionvanessen905,en,
dgSoetuvUyg,Normally she's an alto.,@omegamale7880,en,
Lw8lgdVZ06Y,Ещё прикольные его ходьба😂😂,@alphafeniks777,ru,
Lw8lgdVZ06Y,агент 23 на месте,@koresh_,bg,
Lw8lgdVZ06Y,"Я не понимаю вашего прикола, это нормально, я стрелял точно так же, рядом с такими же стрелками. Просто есть те кто пользуются но выглядят под щитками так же. +не всегда удобно закрывать глаз",@vinkinplay3878,ru,
Lw8lgdVZ06Y,Ти стреляв с чемпионами на Олимпиаде в Париже ?,@f1ter233,ru,
Lw8lgdVZ06Y,Не очень верю,@f1ter233,uk,
Lw8lgdVZ06Y,What?,@EduardoLima-xr2dw,en,
Lw8lgdVZ06Y,"All participants use objects to cover their eyes to concentrate. And this man without all this, with his eyes open, shoots better",@vinkinplay3878,en,
Lw8lgdVZ06Y,@@vinkinplay3878 oh thanks,@EduardoLima-xr2dw,en,
MgrH7_KEnUY,Perte de temps-> ne pas recommander cette chaîne,@Moustique2000,fr,
MgrH7_KEnUY,Simon noguerai,@ElieZorzi,it,
MgrH7_KEnUY,C'etait Obito😂,@CarlineElie-ts1ih,fr,
MgrH7_KEnUY,ℂ'𝕖𝕤𝕥 𝕞𝕒𝕥𝕖𝕣𝕒𝕫𝕚,@saincilairemadnard8635,unknown,
MgrH7_KEnUY,Aller qui ses test,@loicgirondin280,fr,
MgrH7_KEnUY,Le seul personnage que j’ai adoré durant les cérémonies des Jo. Il était remarquable.👍,@claudiahickel5210,fr,
MgrH7_KEnUY,"C’est pas toi, pour sûr",@corinui171,fr,
MgrH7_KEnUY,Jean Castex ?,@JM-lu8nn,en,
MgrH7_KEnUY,Fc flemme :Un gars professsionel de parcours au nom de Simon Nogueira,@W75_Zeynoxx,fr,
MgrH7_KEnUY,C est sur que ce n était pas un trravailleur smicard qui bossera jusqu'à 64 ans pour une retraite qui sera proche du minimum vieillesse.... des jeux olympique qui ressemble à la France macronienne.... NOTA BENE: JE N AI RIEN CONTRE CE MONSIEUR... seulement agacée par notremonde,@nathaliebufor8161,fr,
dHe8hpRRsG0,Happy People 🇵🇭🇵🇭🇵🇭🇵🇭,@evalynroces2838,en,
dHe8hpRRsG0,Congratulations Philippines athletes 🎉🎉🎉,@MelvinAltobar,en,
dHe8hpRRsG0,Congrats🎉🎉🎉,@MelvinAltobar,nl,
dHe8hpRRsG0,😂😂😂,@jenniferlabating3333,unknown,
ciE2f-AiU8Y,Sir apuni paris olympic likhi . gute manu bhakar er bixoye di dile😅,@sandipghosh2506,id,
ciE2f-AiU8Y,It is related to Paris Olympic 2024,@norulalamnazu,en,
ciE2f-AiU8Y,https://youtu.be/n62NXb7Oaro?si=QgDIqZwa2QKzkJpW,@thecomonman1947,unknown,
ciE2f-AiU8Y,Thankyou,@ananyabarbaruah8790,en,
ciE2f-AiU8Y,Thanks you sir current affairs   good question,@sabjadulhussain9205,en,
ciE2f-AiU8Y,"Sir moi sclt 1st hoisu
Thank you so much sir🎉🎉",@user-wn5cc3dx7y,en,
ciE2f-AiU8Y,"Well done. 
Congratulations",@norulalamnazu,it,
ciE2f-AiU8Y,Nice sir ❤❤❤,@zakariahussain9018,ro,
ciE2f-AiU8Y,Thanks,@norulalamnazu,en,
ciE2f-AiU8Y,❤😢সুন্দৰ,@user-ld3ti8kt5m,bn,
ciE2f-AiU8Y,Tq sir,@JutikaKalita-tq9it,sq,
ciE2f-AiU8Y,So nice of you,@norulalamnazu,en,
ciE2f-AiU8Y,Thank you sir😊,@ashabarman58,id,
ciE2f-AiU8Y,You are most welcome ✔️✔️,@norulalamnazu,en,
ciE2f-AiU8Y,Dear Sir... Kindly try to bring more questions related to Paris Olympic,@ajaykumarsingh9575,en,
ciE2f-AiU8Y,"Soon I will upload a video on Paris Olympics.
Wait please",@norulalamnazu,en,
ciE2f-AiU8Y,@@norulalamnazuthank you sir 🙏🏻,@ajaykumarsingh9575,tr,
85XFoaoB0LI,kak bahas appalachian mountain dongg,@aprilialolowang4051,id,
85XFoaoB0LI,ternyata banyak loh orang penganut satanisme didunia ini untuk mencari dunia .. ngerii,@munaimxiomi2176,id,
85XFoaoB0LI,Mrk tak berbudaya yg bisa di tampilkan dan tak beragama JD sdh pasti semua akan di luar nalar ...Krn semua akan keluar dr batas alias kebablasan 😢,@indriyani5916,id,
85XFoaoB0LI,"Menuju zaman Edan Satanis, LGBT, free sex, free child,..",@lollipopdumai7791,en,
85XFoaoB0LI,France LGBT 🤮🤮🤮,@saeatributcirebon3044,fr,
85XFoaoB0LI,Gak habis fikri kok bisa ya bikin acara opening setoloy itu,@AdelAri-zx1vl,id,
85XFoaoB0LI,Sangat sangat tidak pantas untuk acara opening olympic . Maksudnya apa mempertontonkan seperti itu ???,@user-kt4lo3wy4s,id,
85XFoaoB0LI,Opening sekaligus Olympic terburuk sepanjang sejarah adalah Paris 2024,@agungpribumi5914,id,
85XFoaoB0LI,Itu karna mereka gk punya budaya gk sih budaya nya banyak tp kaya tengelam,@fannytolani9895,id,
85XFoaoB0LI,Kan semua agama bernubuat tentang kiamat. Kok kaget😅,@gracesiantari2091,id,
NvCY1xTC1hM,Sheesh😊 BABYMONSTER❤,@dilnuraibragimova-lf5jc,so,
NvCY1xTC1hM,A Paloma com a blusa do Brasil pq ela e do Brasil,@Staa-12,pt,
NvCY1xTC1hM,KRY.. NUNCA IMAGINEI Q UMA YOUTUBER BRASILEIRA APARECERIA🤩,@CadeiraDeMadeira.,so,
NvCY1xTC1hM,Hungaria lose😢,@emmakincses9123,id,
NvCY1xTC1hM,In Malta the are tons of k-pop stans🇲🇹🇲🇹🇲🇹,@user-ho5vo7vf6k,en,
NvCY1xTC1hM,Bro did you see Jin oppa???,@CookieNaidoo-s9g,af,
NvCY1xTC1hM,Give me 3 kpop song in your mind,@Potatoe_girl,en,
NvCY1xTC1hM,WAIT YOU GOT TO SEE THE OLYMPICS??? YOU HAVE SUCCEEDED!!!,@ShiyonHwang-bi2ud,en,
NvCY1xTC1hM,That's so cool!!! That MONSTIEZ girl really gotta teach me the SHEESH dance lol😂😂 i cant do it😂😂😂,@BLINKDIVEONCE-me1vk,en,
NvCY1xTC1hM,Ma city ❤️❤️❤️🇫🇷🇫🇷🇫🇷🇫🇷,@ElisaSturbois-g2u,unknown,
PE7Qsu1AOqM,ربنا يحميكً اخوك منً مصر,@mars3579,ar,
PE7Qsu1AOqM,"ابطال والله ابطال يا اهل المغرب تشرفون العرب في كل مره تحية لهذا البطل من السعودية ديما مغرب

🇲🇦❤️🇸🇦",@Majd8346,ar,
PE7Qsu1AOqM,❤❤🎉🎉🎉Félicitations 🇲🇦🎊,@hanaebelmahi8485,fr,
GDoJ-5wgOB8,Maybe you noticed that he turned virtual with grey hair and he was still unknown when he was younger and black haired and his attitude was exactly the same and Internet social media already exists,@rogerx005,en,shooting
GDoJ-5wgOB8,"You just need steady hands 

That’s all

And good eyesight which can be corrected with a banale pair of glasses 😂😂😂",@TheWatcher66,en,shooting
GDoJ-5wgOB8,He got John wick out here looking like a stuntman 😂,@TheBernardPipes,en,shooting
GDoJ-5wgOB8,What is the brand of the eyeglass he wear?,@orlyv.francisco5834,en,shooting
GDoJ-5wgOB8,The champ 🔥,@tidianekone2273,en,shooting
GDoJ-5wgOB8,"“Might as well participate in this little shooting competition, or whatever…”  The competition: Paris 2024",@ryanmclark82,en,shooting
GDoJ-5wgOB8,So handsome and sexy,@sandragualdron5863,en,shooting
GDoJ-5wgOB8,"1: wake up
2: put on t-shirt
3: win olympic medal",@Highteczero,en,shooting
GDoJ-5wgOB8,He won silver in the Olympics but gold on the internet,@DroneProductionsYT,en,shooting
GDoJ-5wgOB8,En vrai il est aveugle et des fois il tire avec les 2 mains dans les poches....,@Lalmana100,fr,shooting
9QctlPjQmF8,เจงมาก,@saowareeseesawangjun6743,th,
9QctlPjQmF8,เขาให้เราเอากับบ้านด้วยเลยใช่ไหม,@xxxixinexxx,th,
9QctlPjQmF8,พี่คนถ่ายคริปเป็นนักกีฬา ประเภทอะไรคับ,@Yainasweden,th,
9QctlPjQmF8,คุ้ม,@user-vz2bh8vi1m,th,
9QctlPjQmF8,นี่คือเหตุผลที่ผมเลือกใช้ ซัมซุง ทุกอย่างที่มีไม่เคยเปลี่ยน,@user-vw3pr8jh6p,th,
9QctlPjQmF8,❤,@user-ls5ug7ne2w,unknown,
9QctlPjQmF8,ขอได้ม้ายย555,@user-xn4xn5pd6i,th,
9QctlPjQmF8,La2028 iphone ต้องมาแน่55555,@user-bm1ib5hr3p,th,
9QctlPjQmF8,นักกีฬาเกาหลีเหนือ จะเอากลับยังไง,@user-dp9ny3pd7g,th,
9QctlPjQmF8,สวยจริงตัวนี้🤩✨️✨️✨️✨️ถ่ายรูปสวยมากกกด้วยเล็กกะทัดรัดน่ารักสุดดดดๆ,@somlakheinrichs9653,th,
0OiGN732aiI,She is awesome and so much beautiful ❤️,@RedfieldChris94,en,
0OiGN732aiI,She is hot asf❤,@michaelbleckler4379,en,
0OiGN732aiI,Didn’t know gypsies could be good looking,@alciozc3591,en,
0OiGN732aiI,I would definitely do her,@356z,en,
0OiGN732aiI,She looks drug free,@USNAVY8492,en,
0OiGN732aiI,She got silver medal. She came with everything.,@asteclimanossan2737,en,
0OiGN732aiI,Romanian 🇷🇴,@ddavidd7341,id,
0OiGN732aiI,American 🇺🇸 > Romanian 🇷🇴,@Frankfurtmann87,en,
0OiGN732aiI,@@Frankfurtmann87 Romania > Germany,@Atom224,id,
0OiGN732aiI,@@Atom224 that’s fine cause I’m murican,@Frankfurtmann87,en,
0OiGN732aiI,@@Atom224 why do so many Romanians go to Germany then?,@Frankfurtmann87,en,
0OiGN732aiI,"@@Frankfurtmann87 I guess somebody is salty, lol. Sending greetings to Bremen😂🤡",@Atom224,en,
0OiGN732aiI,She is one strong gelfling!,@pattymacabides1462,en,
0OiGN732aiI,No cake,@urmum7461,en,
0OiGN732aiI,Pretty disrespectful ngl,@dillonwolcott7655,en,
0OiGN732aiI,I'll eat the cake she most definitely has.,@omnignarusist,en,
0OiGN732aiI,You trippin she clearly gyattt some cake,@RoyJay07,en,
0OiGN732aiI,What’s her max kegel press? Ahhahaha,@Tbanksss,en,
bn0HFlQStng,"Troppo io 😂, quando facevo scherma mi dicevano che avrei potuto partecipare, io ho detto: ""no vabbe facciamo tra altri 4 anni"" adesso ho fatto progressi e ho lasciato scherma😂",@giovanni_mura,it,
DFslxTcCcJM,chalo.. Itne paise me kafi rashan aa jayega Pakistani garibo k liye. pet bharkar khayenge 😂😂😂,@rockyrockstar1492,id,javelin throw
DFslxTcCcJM,"Neeraj chopra ke sath Pirthviraj Chohan vali incident ho gyi.
Mohd Gauri bar bar harne ke bad bhi  Pirthviraj chohan ko hrane ki Jidd nhi chodi vhi kam Kam Pakistan  ke Aserdh Nadeem ne kiya , Aserdh Nadeem ne Bar Bar Neeraj se Harne ke bad bhi Neeraj Chopra ko Hrane ki Jidd Apne Mn me rakh ker Peryas kerta rha",@satyavratbhardwaj4677,id,javelin throw
DFslxTcCcJM,How a 40000 USD is equal to 40 lakhs PKR only????? And In indian rs it's only 41000? Guu khate ho kya tum log ?,@AhadKhan-oc3ob,en,javelin throw
DFslxTcCcJM,Arshad Nadeem got 50 crores. Poor reporting 😭,@Boss-kz4qy,en,javelin throw
DFslxTcCcJM,Bakwaas kar rahi hai,@Brijeshwarpathania,so,javelin throw
DFslxTcCcJM,😂😂,@SIGMA-LIFE,unknown,javelin throw
DFslxTcCcJM,ISKE PICHE MIRCHI LAG GAI🌶🌶🌶🌶🌶🌶🌶🌶🌶🌶🌶🌶🌶🌶🌶🌶🌶🌶🌶🌶NIRAJ HAMARA HEROHE AJ NAHI TO KAL GOLDAYENGA PAKA,@mohammedsiddikkundroo4243,en,javelin throw
DFslxTcCcJM,Yes 🥰 ​@@mohammedsiddikkundroo4243,@pariveshsinha3644,et,javelin throw
nccFs1FrNt8,WOW I like them also 💋💋💋,@josegarza4091,en,
nccFs1FrNt8,🎉🎉🎉😊,@user-te1wx3wr1f,unknown,
bF3qdShwNSA,salute,@lordangelusmc,fi,judo
bF3qdShwNSA,Ayo this guy looks an performs Powerful,@user-he3mu9fh8f,en,judo
bF3qdShwNSA,Basile is back to the -66kg,@LeoDaVapes,en,judo
AJ8mCLxcuFM,youloveyoumi❤,@user-tt4tv5op6g,sk,
AJ8mCLxcuFM,😂😂😂😂😂😂😂😂😂maujadilotohdibsi,@chiangsichiang162,lt,
AJ8mCLxcuFM,Bro why me why is see,@user-wl3jy2pf8i,en,
AJ8mCLxcuFM,😂😂😂😂😂😂😂😂😂,@0539329,unknown,
AJ8mCLxcuFM,Me and my friend be like:,@AlexaAlcantar-p4s,da,
AJ8mCLxcuFM,Do Fortnite battlepass dance :D,@GIRI-87d,en,
AJ8mCLxcuFM,Saya malaysia,@MuhammadFarhanSufyan,so,
AJ8mCLxcuFM,😊,@mantik1101,unknown,
AJ8mCLxcuFM,What the heck bro just chill💀,@annmadrona6193,en,
AJ8mCLxcuFM,You yes the channel❤❤❤,@Oppoet,en,
DnRBFaCo8Z4,Did you think about participating in the paralympics?,@julianalexander2449,en,
DnRBFaCo8Z4,Cool 🎉🎉🎉😊,@Cloud99471,en,
DnRBFaCo8Z4,Waauw dear. You are amazing❤️‍🔥what a shoulders. Who needs legs having these shoulders ❤❤❤❤❤,@charleshertoghs202,en,
DnRBFaCo8Z4,Love you're nails💙,@Stick_man123-w1i,fr,
DnRBFaCo8Z4,Good gob,@paisleyday6026,so,
DnRBFaCo8Z4,"SO not the point but *DAYUM, your waist is SNATCHED*",@NealHunterHyde,en,
DnRBFaCo8Z4,Bro doesn't have ⚽⚽,@sitathapa1241,nl,
DnRBFaCo8Z4,He does though. The only thing missing are his legs.,@RipVanFish09,en,
DnRBFaCo8Z4,I love you.  😅😅😅😅 new subbie here,@bayoujd,en,
DnRBFaCo8Z4,Do you have a thing to go pee,@alissabouch5376,en,
DnRBFaCo8Z4,Yup! The only thing missing is his legs.,@RipVanFish09,en,
DnRBFaCo8Z4,Omg I LOVE how u made ur own little tricks with stuff at home! This is incredible dude!❤🎉,@JadeIsWeirdd,en,
uUU71lUqcLI,"Do skateboardind, please.",@JoséAdrielNúñezCaba,af,
uUU71lUqcLI,Forgot to mention about winning by tech,@Songsgood4u,en,
uUU71lUqcLI,For all yall saying folkstyle… it’s not in the Olympics💀,@Dave_over29,en,
uUU71lUqcLI,Folkstyle > all others,@nateb4543,en,
uUU71lUqcLI,Do they not do Folkstyle?,@evan937,en,
uUU71lUqcLI,Folk Style isn’t played in the olympics. It also can mean different things depending on what country you’re in.,@communistcrooner,en,
uUU71lUqcLI,Most other countries dont wrestle folkstyle,@scoopersketchy,en,
uUU71lUqcLI,Folk style is the best  closest thing to real combat but somehow tards thought freestyle should stay in the Olympics,@keithanderson4711,en,
uUU71lUqcLI,"Please, please explain how windsurf works",@tmgb697,en,
uUU71lUqcLI,I cover it briefly in the sailing video!,@5thandgoalsports,en,
uUU71lUqcLI,Folkstyle is a thing too. You call yourself a fan of the sport and know nothing about it. How disappointing,@abnerbritez9987,en,
uUU71lUqcLI,folkstyle isn't in the olympics,@fumoaddict3526,en,
uUU71lUqcLI,"The title is ""How Olympic Wrestling Works."" If he had to explain each individual country's version of ""folkstyle"" wrestling, he would need to include Turkish oil wrestling, Mongolian Bökh, Indian mud pit wrestling, sambo, sumo, Shuai Jiao, Cumberland and Westmorland wrestling, Scottish Backhold, and so on. The video would end up being an hour long.",@Reilly-k5l,en,
uUU71lUqcLI,needlessly being a dick while not reading the description of the video to see he's talking about olympic wrestling? Nice.,@Tom-pn3zh,en,
uUU71lUqcLI,Turns out its you that knows nothing.,@TheNEOverse,en,
uUU71lUqcLI,"Goofy mf lmaooo, Folk isn't in the Olympics",@superNovapolaris,en,
uUU71lUqcLI,Nope 3,@user-wq7dl8lu3t,en,
uUU71lUqcLI,for the olympics theres only freestyle and greco,@intilectual_boy,en,
3G6AdGq2g6E,FEMKE,@felixiscoool,de,
3G6AdGq2g6E,Lewis Hamilton,@Ydojo,de,
3G6AdGq2g6E,"$600, what a rip off.",@dkpirie,en,
3G6AdGq2g6E,Whenever the Dutch win I promise you’ll notice. We will be celebrating like the golden age is back,@xanderwusky3001,en,
3G6AdGq2g6E,You mean ronaldo,@niknesbitt8206,ro,
3G6AdGq2g6E,This guy overrated tennis personally. Each to their own and I’m in no way disrespecting the athletes that compete their all goated but the relay atmosphere especially when bol shocked everyone was insane,@joegallagher9238,en,
3G6AdGq2g6E,Michael Phelps is arguably the most successful athlete of all tima,@Bonzu_Pip,en,
3G6AdGq2g6E,🧡🧡🧡,@hallaelbaroudi9991,unknown,
3G6AdGq2g6E,oh i bet youd love seeing 6 black men getting physical,@bore6361,en,
3G6AdGq2g6E,Bill Russell left the chat,@SamM8632,en,
Fw6prL_jgCw,"Les Belges sont pareils, avec un accent un peu différent : les spectateurs savent toujours mieux que les sportifs ce qu'ils auraient du faire!",@WolfgangSourdeau,fr,
Fw6prL_jgCw,Ghrauu,@popcorn2605,cy,
Fw6prL_jgCw,Pas faux,@Firixe_officiel,fr,
Fw6prL_jgCw,"Oui, oui, oui, oui - non - that is how a French car behaves on a winter morning.",@franhunne8929,en,
Fw6prL_jgCw,It's like he's telling his dog where to poop.,@reginafromrio,en,
Fw6prL_jgCw,Tellement ça !,@melissabdr7263,fr,
Fw6prL_jgCw,Se que j'aime chez lui cest que je sais pas si il est francais ou anglais tellement il matrise bien ses langues je taime.,@bariltrailette,fr,
Fw6prL_jgCw,"""roooh"" feels so real tbh",@MaplefromGF,en,
Fw6prL_jgCw,Exactement :-),@emilielannelongue7721,ca,
Fw6prL_jgCw,Il manque le « et putain »,@AlexisA90,fr,
XptJaXDmF1s,#LiveRightLiving 💛🙏✨🌞🎽🫶⚽️🌞✨🙏☀️,@leonhard_rosner,en,cycling
XptJaXDmF1s,"Esa fama que se ganaron los leones en Doha hace dos años es válida, y el resto de su nombre está circulando para que Mascherano no se vuelva imprudente y escriba en el papel su victoria si no le llega la noticia de la caída de los españoles. en ese momento, entonces házselo saber, y tendrás la recompensa de un consejero generoso, porque no hay bien en un pueblo que no se aconseja en absoluto.

 Nadie es homenajeado en París, desde sus mayores hasta sus expatriados, salvo aquellos que abandonaron el orgullo por sí mismos y dijeron: ""Yo soy"". Todos son humillados, y los argentinos fueron los últimos en terminar la ronda en los Juegos Olímpicos de la capital. Se comió un doblete que no pudo devolver, aun cuando jugó una parte extra con minutos en mente, y se sometió a la influencia de Sufyan, que se instaló como el rey del partido.

 Rahimi está apostado en lugares que sólo él conoce, lo digo, y los días de la Campeona de Asia dan testimonio con el Don El chico los consiguió con dos goles, uno de movimiento y otro de estabilidad, y los Leones del Tango se mandaron. para conciliar las puntuaciones.

 Los marroquíes jugaron contra #Argentina y el árbitro pudo frenar esto y aquello. Les añadió una jornada como prórroga, pero eso no ayudó a que el rival volviera al partido. Lo máximo que consiguieron fue un gol anulado. que los mató.

 #Marruecos comienza los Juegos Olímpicos de París con una gran victoria, que veo como una continuación de lo que hicieron en Qatar. “Simplemente fortalece tu espíritu”, Masky.",@ToufikBenkhaled-p2j,es,cycling
XptJaXDmF1s,Morocco won the match and won the group as well; argentina was bellow us second of the group.,@jamesmcgaiver4872,en,cycling
XptJaXDmF1s,"Winning the group doesn't mean anything, winning the gold medal does",@feddde.g9928,en,cycling
XptJaXDmF1s,@@feddde.g9928 winning the group and an Olympic medal is something.  Argentina got knocked out in second round.,@jamesmcgaiver4872,en,cycling
XptJaXDmF1s,"@@jamesmcgaiver4872 Argentina won 3 medals as well, along with the world cup. You can't compare a useless bronze medal with a world cup",@feddde.g9928,en,cycling
XptJaXDmF1s,@@feddde.g9928 useless bronze medal because u couldn't win it don't forget we were 4th in the last world cup if it wasn't  for the scandalous refereeing that day from Mexican corrupt ref; morocco would have easily played you in Final.!!,@jamesmcgaiver4872,en,cycling
XptJaXDmF1s,Whole argentina won the world cup thanks to favoring of the fifa refs all through their games especially vs holland and Croatia. Not deserved at all.,@jamesmcgaiver4872,en,cycling
XptJaXDmF1s,Forza Marocco 🇲🇦😘💪❤️👍🥉,@adilmilano9495,it,cycling
XptJaXDmF1s,thAt ARgentiniA socceR DiDn't been well! Been?,@erikerikk2416,en,cycling
XptJaXDmF1s,No mention off hostile atmosphere on and off pitch... 720p in 2024... these are the worst Olympics ever!!! France should be ashamed.,@andydufresne9593,en,cycling
XptJaXDmF1s,🇲🇦🇲🇦🇲🇦🇲🇦🇲🇦🇲🇦🦁🦁🦁🦁🦁🦁🦁❤❤❤❤❤❤❤💪🏾💪🏾💪🏾💪🏾💪🏾💪🏾💪🏾,@samimellouki3139,unknown,cycling
XptJaXDmF1s,That is so whierd that somting like this hapend when ther was a game even after the game!,@RolandsGulbis-gt4jn,en,cycling
XptJaXDmF1s,What a technic❤ from marokko,@MohamedMoussaoui-wg5gq,en,cycling
hwe_av8mL1M,"I was lucky enough to watch both the womens and mens beach volleyball sessions. I like to think I’m not shallow but watching a parade of beautiful athletes at their peak on a hot sunny day in full view of the Eiffel Tower isn’t the worst way to spend a Thursday morning, let me tell ya. Just really really ridiculously good looking people.",@icatfishedyourdad2767,en,
hwe_av8mL1M,The swimmer can swim in my pool 😍💕,@iamb34,en,
hwe_av8mL1M,This chin filter....bruh 😂😂😂😂,@kikiballet0405,en,
hwe_av8mL1M,"Girl, I always stayed watching volleyball games, I didn't understand how all those men could be so beautiful. 🤯",@MooiAcilu,en,
hwe_av8mL1M,It’s the same joke and it still kills me every time.,@CTHD13,en,
hwe_av8mL1M,Olympics are just all 4 years? So every leap year ?,@Chillomillo_gg,en,
hwe_av8mL1M,Ur thinking of elections but nice try!,@beyeneosebo4726,en,
hwe_av8mL1M,"Girl, they don't call the Olympians for nothing 😂",@aspiringpundit,en,
hwe_av8mL1M,This but with the euros,@nagia-15,en,
hwe_av8mL1M,"IRL Clark Kent, snoozing until it's his turn, really took me out. Like bro wow lol",@unrulycrow6299,en,
hwe_av8mL1M,Not the Zac Efron jaw 😧,@selalewis9189,en,
Ccrh944kSfk,My man! Pulled his wifey w the Bible study approach lol 🤜🏾🤛🏾,@d.michael372,en,athletics
Ccrh944kSfk,Love the way Sidney give God the glory during her Olympic triumphs❤,@wesley9537,en,athletics
Ccrh944kSfk,Amazing runner !,@Superb_virg,no,athletics
Ccrh944kSfk,Who's BETTER TO BREAK THEIR OWN WORLD RECORD THAN HER SELF !!!! Sydney She was very good at hurdles AT 16 Years Old Now She's adult BETTER BETTER BETTER at 25 and hurdles at same time  👏🏽👏🏽👏🏽👏🏽,@user-tg7xq5et1g,en,athletics
Ccrh944kSfk,Using her platform to Glorify Almighty God!  Who have blessed her immensely!!🙏🏾🙌🙏🏾,@billlee7198,en,athletics
Ccrh944kSfk,Drop dead gorgeous,@Pj287.,af,athletics
Ccrh944kSfk,Congratulations Queen!!,@cannongavinjr7166,en,athletics
Ccrh944kSfk,"You and Gabby Thomas makes us all so proud.
Outstanding role models. May God keep yall close.",@lbillie3103,en,athletics
Ccrh944kSfk,"Her and Gabby Thomas certainty are two talented, good looking and blessed female athletes right now. They should be the face of the sport, and they have humility classy too.",@jigga_247,en,athletics
Ccrh944kSfk,"She runs fewer races than most athletes, it's all about quality not quantity for her... perhaps could explain her strategy and she is so good. My god she smashed that field at the Paris Olympics, including the overhyped Dutch Bol. Talent beauty in all in one, God bless her!",@jigga_247,en,athletics
4VUsY-tY4k8,I live here!,@Vall_MCI,da,
4VUsY-tY4k8,Franceeee,@jomama4986,nl,
4VUsY-tY4k8,The Ntherlands wear orange becuase of the Dutch royal family,@LDAnnunzio,en,
4VUsY-tY4k8,"You should have used 🔵🔴⚪️ for czechia, blue bottom, red middle, white top, it’s our official tri-colour",@thestepfordexpress,en,
4VUsY-tY4k8,Norway,@user-fl8cj7tu1y,en,
4VUsY-tY4k8,Putin players 💀💀💀,@RileyHennigan,en,
4VUsY-tY4k8,France or Netherlands,@lamarichchou7401,en,
4VUsY-tY4k8,Morocco 🇲🇦,@lamarichchou7401,it,
4VUsY-tY4k8,I knew IT was czech republic cuz i live in Czech republic 🇨🇿💖,@Capy_is_good,en,
4VUsY-tY4k8,Btw I'm from Czechia and you have the colors in the wrong order. Becus the red stands for blood so it has to be at the bottom.❤,@kocicekpani5477,en,
nvDZ36YIYuQ,❤❤❤❤❤❤❤,@krisztitakacs,unknown,
nvDZ36YIYuQ,"Awesome, a woman proposes. I love it!",@sheenaghmcmahon9665,en,
nvDZ36YIYuQ,Какой маразм. Баба на коленях. Гадость,@user-vu9hg9dy7g,ru,
nvDZ36YIYuQ,✖️✖️✖️✖️👎,@AnilKumar-y4g3e,unknown,
nvDZ36YIYuQ,Besteirada sem tamanho,@amargurado69,pt,
nvDZ36YIYuQ,si las mujeres fueran así este mundo seria mas fácil vivi y ser feliz,@edwinflores7675,es,
nvDZ36YIYuQ,Nope nope nope. Women don’t propose,@George-ro9nt,en,
nvDZ36YIYuQ,😅,@murasakipikumin899,unknown,
nvDZ36YIYuQ,Un afortunado realmente...felicitaciones... quien pudiera,@enriquerodyriosanderson699,es,
nvDZ36YIYuQ,"A yes driven by one time emotions, then open your eyes ooh l married the wrong one lol crazy stuff",@samuelosano6004,en,
tUeGS8rHkrg,❤❤❤❤❤❤❤❤❤❤❤❤❤❤❤❤❤❤❤❤❤❤❤❤❤❤❤❤❤❤❤❤❤❤❤❤❤❤❤❤❤❤❤❤❤❤❤❤❤❤❤,@karimatouati2050,unknown,
tUeGS8rHkrg,Tom Cruise la frime Américaine pffffff,@gilbert7253,fr,
tUeGS8rHkrg,Trust you enjoy doing this  . .🎉,@cookiemumcookiemum9113,en,
tUeGS8rHkrg,tom does his own stunts. period 💀,@bendj4lyfe,en,
tUeGS8rHkrg,GIANT! GREAT! GORGEOUS! ❤❤❤,@elianejorgensen9928,de,
tUeGS8rHkrg,"Yeah he looks a bit puffy, but with his daytime job a little plastic surgery or whateve is expected. Bottom line, he's a bad ass.",@portnuefflyer,en,
tUeGS8rHkrg,yes thye can  anymore Hollywood than  tom cruise he is very best fly and so cool 😎 😍 ❤❤❤❤❤❤ I love tom ❤️ 😊,@PaulineKinrade-br5wg,en,
tUeGS8rHkrg,Why are we still celebrating this cult leader ..? 😣 gross,@madeleinepugmire-hinmon5489,en,
tUeGS8rHkrg,O tom😊,@danicamilicevic9605,pt,
tUeGS8rHkrg,Why did he do that? Whats the use of that stunt ?,@Starforme-xr6sb,en,
tUeGS8rHkrg,"Just for the hell of it, that's why!",@portnuefflyer,en,
CG5VyM6i8oI,noapppppp saludameee,@anali_.lullabys45,et,volleyball
CG5VyM6i8oI,Davis Michael Taylor Jessica Smith Carol,@IngersollMaria-z9s,en,volleyball
CG5VyM6i8oI,Juegan mejor en el barrio que ese equipo de Colombia.,@MrPascalvasquez,es,volleyball
CG5VyM6i8oI,amanda vs USA :(,@danielespinosa1885,sv,volleyball
CG5VyM6i8oI,Why is there like no one in the stands😢,@AddyConrad-js6le,en,volleyball
CG5VyM6i8oI,"Tienen que mejorar los saques, la recepción, la reacción, comunicación, todo",@estefanias.c8669,es,volleyball
CG5VyM6i8oI,Saya tidak hobi slot saya suka batu dan joker ya,@AliAhmad-t8s,id,volleyball
CG5VyM6i8oI,"Saya suka Colombia semua ada, bisa saya jadi pribumi slamanya serius, bosan di Aceh banyak aturan",@AliAhmad-t8s,id,volleyball
CG5VyM6i8oI,"Saya penasaran warna samping halaman area voli, dan salam tangan,",@AliAhmad-t8s,id,volleyball
CG5VyM6i8oI,"Hy semuanya malam indah karena bulan dan bintang, indah wanita banyak perhiasan,l love you semuanya ❤",@AliAhmad-t8s,id,volleyball
qW-vk3l_rDs,"3:05 
9:36 
12:58 
39:48 
41:31 
42:40 
43:39 
53:15 
54:24 
59:25 
1:04:08 
1:07:29 
1:09:51",@lingmeishi-yx8dr,unknown,volleyball
qW-vk3l_rDs,нет - как играет женская команда КОРЕИ с США этим командам далеко до их мастерства . но защищать страну нужно конечно всем,@user-jp3jb4cu9z,ru,volleyball
qW-vk3l_rDs,อเบอครอมบี้ ของเปอโตริโกใช่ไหม เบอ12,@user-mt7bh6kt4z,th,volleyball
qW-vk3l_rDs,🇧🇷🇧🇷🇧🇷😃,@ellencaetano671,unknown,volleyball
qW-vk3l_rDs,กาบี้ สู้ๆ จากไทยแลนด์,@user-mt7bh6kt4z,th,volleyball
qW-vk3l_rDs,Favorite sport to watch! Ass cheeks bouncing all over the place,@Zsucio,en,volleyball
qW-vk3l_rDs,Roberta is like a brick in voley,@BAAC1503,en,volleyball
qW-vk3l_rDs,where is Natalie ?,@middleclass2305,en,volleyball
qW-vk3l_rDs,AQUI NÃO QUERIDINHA,@imdaniroma,vi,volleyball
qW-vk3l_rDs,"El arbitraje ha sido vergonzoso. Si malo fue el opening, peor han sido los árbitros de baloncesto femenino. Una vergüenza!",@user-hv9zy8jv1q,es,volleyball
AWTsQuddj_4,Immer schön wenn die Germanen verlieren 🤣🤣🤣,@marioczermak705,de,cycling
AWTsQuddj_4,"Een emotionele ontlading van gevoelens. Het is niet mooi, maar die Duitse goalie had gewoon zijn ""Maul"" moeten houden, dan was dit niet gebeurt.
En Duitsers zijn nu eenmaal slechte verliesers.
Zand erover, snel vergeten.
Het goud is voor Nederland en dat is het belangrijkste.
Groeten van een landgenoot 🇳🇱 vanuit Tsjechië 🇨🇿.
⬇️",@robinred1851,nl,cycling
AWTsQuddj_4,Klasse Nederland. Telgenkamp held.,@wiekie1969,nl,cycling
AWTsQuddj_4,😮❤,@valeriylevchuk2089,unknown,cycling
AWTsQuddj_4,"Embarrassing penalties. Like the women, no clue how to score.",@l.lewbowski6871,en,cycling
AWTsQuddj_4,lol the commentator. He didnt like the celebration,@TR-rm1ri,en,cycling
AWTsQuddj_4,BAROE DUITSLAND,@user-sn6ye7ws1f,de,cycling
AWTsQuddj_4,Jerry hij is een Jerry,@user-sn6ye7ws1f,nl,cycling
AWTsQuddj_4,"The German players were not mad at Duco at all, they just hate to loose from the Dutch, no matter what sport it is.",@r.p.vanloon6403,en,cycling
AWTsQuddj_4,Well its not often then. Especially in the world cup,@swagkachu3784,en,cycling
AWTsQuddj_4,"@@swagkachu3784 Considering we have 18 million people and the Germans 83 miljoen, we are not doing bad at all. Just take the Olympic Games in Paris. I believe we ended up with more medals than Germany. Wich is amazing, wouldn't you say?",@r.p.vanloon6403,en,cycling
AWTsQuddj_4,"Zenuwslopende penalty shootouts en vervolgens goud voor Nederland, waar Duitsland eigenlijk ook wel recht op had. Al met al dus gemengde gevoelens over deze finale.",@reneruwiel6150,nl,cycling
Qia1pJhSR7w,I hate to say it that was AI her teeth are different,@mikedamore9259,en,
Qia1pJhSR7w,Ela é maravilhosa,@ThaisCorrea-fj2wc,pt,
Qia1pJhSR7w,❤❤love and thank to you and God bless to you,@CarloNwenso,en,
Qia1pJhSR7w,Lo mejor de las olimpiadas!!!,@stellamarishansen3317,es,
Qia1pJhSR7w,Increíblemente extraordinaria! Dios bendiga su fortaleza!,@cristinadiazdegiannitsopul3499,es,
Qia1pJhSR7w,Obrigada Rene por ter vendido a sua casa 🏠 e nos dá oportunidade de ouvir essa obra prima ❤,@tatyanealves84,pt,
Qia1pJhSR7w,👍👍👍❤❤,@user-tv7mn2ti9e,unknown,
Qia1pJhSR7w,"Bravo Dear Celine  , bravo 🎉❤",@HildegardPru-qu5jw,sl,
Qia1pJhSR7w,No me canso de escucharla❤,@elirejala720,es,
Qia1pJhSR7w,Pro pianista  p celine meus parabéns,@IraciSilva-tv2kk,pt,
U6W153M2Kk8,"Bukan pelatih sih, tapi emg balik lagi ke pemain, mau pelatihnya siapa pun klo skill sama mentalnya kaya pemain Indonesia sekarang kayanya susah berprestasi.",@tonipurnama4632,id,
U6W153M2Kk8,"Asy seblm riny dtg jg sdh rank 1. Asy dlatih sapapun akan rank 1.mmang Asy sangat berbakat. Latih di negara2 lain rony g ada hal. Tunggal pute
ra Korea skrg g ada di rank 10",@davamgchanel5905,id,
U6W153M2Kk8,Yah...tergsntung kemampuan atlitnya juga kalii,@rizkyramadhan2117,id,
U6W153M2Kk8,"Ya tingal konsistennya pemain kita,dulu raja batminton  sekarang bocilnya batminton",@rudinuggroho2117,id,
U6W153M2Kk8,Makin mesra hubungan Indonesia ( lelalui Rony) dengan Korea ( melalui Sin Tay Yong / STY)  moga makin dihargai profesional muda Indonesia di segala bidang di mancanegara bravo Indonesia  selamat HUT yang Ke 79 dan Selamat buat IKN sebagai Ibu Kota Nusantara Indonesia. Terus jaya dan maju negeriku.....,@suwotosuwoto1823,id,
U6W153M2Kk8,"Untuk Atlit Indonesia terus tingkatkan semangat dan teknikmu jam terbangmu...
Saya Kita adalah bangsa yang unggul dalam segala bidang...
Aamiin",@suwotosuwoto1823,id,
U6W153M2Kk8,Tukaran pelatih Indonesia-Korea; Rony-STY  😂,@sarwatripurborini6280,id,
U6W153M2Kk8,Palingan dibilangin oleh warga +62 penghianat bangsa padahal cari makan,@daealam7328,id,
U6W153M2Kk8,"yg jadi pertanyaan, kenapa banyak pelatih Indonesia sukses mengangkat bulutangkis di luar? hampir pada negara yg sekarang sedang menanjak, da tangan2 Pelatih dari Indonesia. PBSI kemana? diem bhaee",@mgmchannel7526,id,
U6W153M2Kk8,@@mgmchannel7526 yahh begitulah,@daealam7328,id,
U6W153M2Kk8,Aramaiti mantap mantul perfect beautiful wonderful,@malsonmmaralin,ro,
U6W153M2Kk8,"Pelatih bulu tangkis Indonesia memang hebat.
Tapi ya tergantung muridnya juga sih.
Kalo muridnya korea Selatan yang terkenal gigih pantang menyerah hasilnya medali emas.
Sedangkan kalo muridnya m'sia yang terkenal pemalas ya gak dapat medali emas. 
🤣🤣🤣",@droid_919,id,
U6W153M2Kk8,"indonesia malah nyungsep😅,",@thestarlegend1958,id,
4kly2M168WE,❤❤❤❤❤❤❤❤❤❤❤❤❤❤❤❤❤❤❤❤❤❤❤❤❤❤❤❤❤❤❤❤❤❤❤❤❤❤❤❤❤❤❤❤❤❤❤❤❤❤❤❤❤❤❤❤❤❤❤❤vive l'Ukraine,@eddalav,unknown,
4kly2M168WE,"Kikou, comment va la plus belle joueuse au monde, toujours aussi belle mon cœur va finir par exploser",@eddalav,fr,
7QL_uG2GSZo,MIB,@RobinHood-m8b,sw,athletics
7QL_uG2GSZo,Does this make anyone else well up?,@SamanthaO369,en,athletics
7QL_uG2GSZo,"시가 물고 있는 남자분은 배우인가요? 이 분의 연기 덕분에 뮤지컬 보는거 같아서 좋아요
영상에 나오는 음원 좋은데 올림픽용으로 만든거겠죠?",@jy0909,ko,athletics
7QL_uG2GSZo,"시가를 든 남자는 엔지니어 이삼바드 킹덤 브루넬을 연기한 배우 케네스 브래너입니다. 음악은 Underworld 가 이 행사를 위해 제작했습니다. ""And I Will Kiss""라고 합니다.",@marksnow7569,ko,athletics
7QL_uG2GSZo,​@@marksnow7569오 찾아봐야겠네요 설명 감사합니다,@jy0909,ko,athletics
7QL_uG2GSZo,So much better than Paris cannot even be compared,@Tiktotakoydavaydasvidaniya,en,athletics
7QL_uG2GSZo,The country that built the modern world says your welcome and thank you for coming.,@chrismac2234,en,athletics
7QL_uG2GSZo,The very best ever giving me goose bumps just watching again it will never be bettered 🇬🇧🇬🇧🇬🇧,@SueBarrett-rl1dm,en,athletics
7QL_uG2GSZo,시가 물고 있는 형님 왜이리 간지나냐,@user-lj2wb7ow3p,ko,athletics
7QL_uG2GSZo,"Imagine having been present for this, then being present at the 2024 opening ceremony.
Progressive eh?
They can shove it their behinds.",@HarryG88,en,athletics
7QL_uG2GSZo,Where is Sherlock?,@nyakinyuan1005,en,athletics
7QL_uG2GSZo,Disappointed i cant find a full version of the entire industrial revolution section bc of youtube copyclaims.,@kesomon,en,athletics
9IgliQgmeQk,THE ARAB ONE PLEASE😂😂😂,@SelflessLiving,vi,
9IgliQgmeQk,Silver,@ninab9343,no,
9IgliQgmeQk,Diamond 😄,@yorumustasi,en,
9IgliQgmeQk,From where that Arab came from ?😂,@mtgjapan8973,en,
9IgliQgmeQk,wow 😂😂😂❤❤,@user-rq9ck9xv2x,pl,
L43l2B91b4s,Sudah berhasil meraih Medali Mas.....,@triyaniamperawati9996,id,
L43l2B91b4s,iya betul ka,@wonganyaran2023,so,
L43l2B91b4s,Mantap ... ❤,@RobbyWr,id,
L43l2B91b4s,merdeka 🔥,@wonganyaran2023,id,
