title,videoId,channelTitle,channelId,tags,description
EPIC BATTLE! 😮‍💨 | Men&#39;s 4x400m Relay Final Highlights | #Paris2024 #Olympics,G2Gtn-4OwF8,Eurosport,UClhp9g6TPiqCTOlcw0ROfNg,"Eurosport, Discovery, Snooker, Tennis, Olympics, Cycling, La Vuelta, Sport, Moto GP, World Super Bikes, Mountain Biking, Roger Federer, Novak Djokovic, Rafael Nadal, Carlos Alcarez, Serena Williams, Sepp Kuss, Remco Evenepoel, Jonas Vingegaard, Ronnie O'Sullivan, Warner Bros., Live Sport, Football, Youtube, Soccer, Álvaro Bautista, Valentino Rossi, Mark Cavendish, UAE, Emirates, Primož Roglič, Filippo Ganna, Ineos Grenadiers, UAE Team Emirates, Jumbo-Visma, Soudal-QuickStep, Nike, Adidas",Stream every moment of the Paris 2024 Olympics only on Max News and coverage from the #1 sports destination and the ...
PHOTO FINISH IN PARIS! 🥇 | Men&#39;s 100m Olympic Final Highlights | #Paris2024 #Olympics,eMJvGjsztJk,Eurosport,UClhp9g6TPiqCTOlcw0ROfNg,"Eurosport, Discovery, Snooker, Tennis, Olympics, Cycling, La Vuelta, Sport, Moto GP, World Super Bikes, Mountain Biking, Roger Federer, Novak Djokovic, Rafael Nadal, Carlos Alcarez, Serena Williams, Sepp Kuss, Remco Evenepoel, Jonas Vingegaard, Ronnie O'Sullivan, Warner Bros., Live Sport, Football, Youtube, Soccer, Álvaro Bautista, Valentino Rossi, Mark Cavendish, UAE, Emirates, Primož Roglič, Filippo Ganna, Ineos Grenadiers, UAE Team Emirates, Jumbo-Visma, Soudal-QuickStep, Nike, Adidas",Stream every moment of the Paris 2024 Olympics only on Max News and coverage from the #1 sports destination and the ...
Lady Gaga INCREDIBLE Live Performance at the Paris 2024 Olympic Games | #Paris2024 #Olympics,283jLyvUhQE,Eurosport,UClhp9g6TPiqCTOlcw0ROfNg,"Eurosport, Discovery, Snooker, Tennis, Olympics, Cycling, La Vuelta, Sport, Moto GP, World Super Bikes, Mountain Biking, Roger Federer, Novak Djokovic, Rafael Nadal, Carlos Alcarez, Serena Williams, Sepp Kuss, Remco Evenepoel, Jonas Vingegaard, Ronnie O'Sullivan, Warner Bros., Live Sport, Football, Youtube, Soccer, Álvaro Bautista, Valentino Rossi, Mark Cavendish, UAE, Emirates, Primož Roglič, Filippo Ganna, Ineos Grenadiers, UAE Team Emirates, Jumbo-Visma, Soudal-QuickStep, Nike, Adidas",Stream every moment of the Paris 2024 Olympics only on Max News and coverage from the #1 sports destination and the ...
Simone Biles STUNS in amazing floor routine! 😍 | Paris Olympics 2024 #Paris2024,aBrmCgCuwno,Eurosport,UClhp9g6TPiqCTOlcw0ROfNg,"Adidas, Carlos Alcarez, Cycling, Discovery, Emirates, Eurosport, Filippo Ganna, Football, Ineos Grenadiers, Jumbo-Visma, La Vuelta, Live Sport, Mark Cavendish, Moto GP, Mountain Biking, Nike, Novak Djokovic, Olympics, Primož Roglič, Rafael Nadal, Remco Evenepoel, Roger Federer, Ronnie O'Sullivan, Sepp Kuss, Serena Williams, Simone biles, Snooker, Soccer, Soudal-QuickStep, Sport, Tennis, UAE, UAE Team Emirates, Valentino Rossi, Warner Bros., World Super Bikes, Youtube, Álvaro Bautista",Stream every moment of the Paris 2024 Olympics only on Max News and coverage from the #1 sports destination and the ...
Simone Biles&#39; Paris Olympics 2024 individual all-around Final routines 🇺🇸 | #Paris2024 #Olympics,hgus8GuqNXE,Eurosport,UClhp9g6TPiqCTOlcw0ROfNg,"Eurosport, Discovery, Snooker, Tennis, Olympics, Cycling, La Vuelta, Sport, Moto GP, World Super Bikes, Mountain Biking, Roger Federer, Novak Djokovic, Rafael Nadal, Carlos Alcarez, Serena Williams, Sepp Kuss, Remco Evenepoel, Jonas Vingegaard, Ronnie O'Sullivan, Warner Bros., Live Sport, Football, Youtube, Soccer, Álvaro Bautista, Valentino Rossi, Mark Cavendish, UAE, Emirates, Primož Roglič, Filippo Ganna, Ineos Grenadiers, UAE Team Emirates, Jumbo-Visma, Soudal-QuickStep, Nike, Adidas",Stream every moment of the Paris 2024 Olympics only on Max News and coverage from the #1 sports destination and the ...
Meanwhile wait for Turkey legend 🗿 | #paris2024 #olympics #turkey #motivation #silvermedal #yusuf,QRd6Ne3mQQA,Sfailure Editz,UC1Yny3o49-_IEFgYXAXXq0w,,
"OLYMPIC RECORD!! 🔥 | Men&#39;s 10,000m Final Highlights | #Paris2024 #Olympics",eqpsvgrfW68,Eurosport,UClhp9g6TPiqCTOlcw0ROfNg,"Eurosport, Discovery, Snooker, Tennis, Olympics, Cycling, La Vuelta, Sport, Moto GP, World Super Bikes, Mountain Biking, Roger Federer, Novak Djokovic, Rafael Nadal, Carlos Alcarez, Serena Williams, Sepp Kuss, Remco Evenepoel, Jonas Vingegaard, Ronnie O'Sullivan, Warner Bros., Live Sport, Football, Youtube, Soccer, Álvaro Bautista, Valentino Rossi, Mark Cavendish, UAE, Emirates, Primož Roglič, Filippo Ganna, Ineos Grenadiers, UAE Team Emirates, Jumbo-Visma, Soudal-QuickStep, Nike, Adidas",Stream every moment of the Paris 2024 Olympics only on Max News and coverage from the #1 sports destination and the ...
THRILLING FINISH! 😧 | Men&#39;s 800m Final Highlights | #Paris2024 #Olympics,I8X_TkiarKw,Eurosport,UClhp9g6TPiqCTOlcw0ROfNg,"Eurosport, Discovery, Snooker, Tennis, Olympics, Cycling, La Vuelta, Sport, Moto GP, World Super Bikes, Mountain Biking, Roger Federer, Novak Djokovic, Rafael Nadal, Carlos Alcarez, Serena Williams, Sepp Kuss, Remco Evenepoel, Jonas Vingegaard, Ronnie O'Sullivan, Warner Bros., Live Sport, Football, Youtube, Soccer, Álvaro Bautista, Valentino Rossi, Mark Cavendish, UAE, Emirates, Primož Roglič, Filippo Ganna, Ineos Grenadiers, UAE Team Emirates, Jumbo-Visma, Soudal-QuickStep, Nike, Adidas",Stream every moment of the Paris 2024 Olympics only on Max News and coverage from the #1 sports destination and the ...
UNSTOPPABLE! 🔥 | Women&#39;s 4x400m Relay Final Highlights | #Paris2024 #Olympics,Pf1Ap5Cl0Mg,Eurosport,UClhp9g6TPiqCTOlcw0ROfNg,"Eurosport, Discovery, Snooker, Tennis, Olympics, Cycling, La Vuelta, Sport, Moto GP, World Super Bikes, Mountain Biking, Roger Federer, Novak Djokovic, Rafael Nadal, Carlos Alcarez, Serena Williams, Sepp Kuss, Remco Evenepoel, Jonas Vingegaard, Ronnie O'Sullivan, Warner Bros., Live Sport, Football, Youtube, Soccer, Álvaro Bautista, Valentino Rossi, Mark Cavendish, UAE, Emirates, Primož Roglič, Filippo Ganna, Ineos Grenadiers, UAE Team Emirates, Jumbo-Visma, Soudal-QuickStep, Nike, Adidas",Stream every moment of the Paris 2024 Olympics only on Max News and coverage from the #1 sports destination and the ...
WHAT AN ENDING! 🔥 | Men&#39;s 1500m Final Highlights | #Paris2024 #Olympics,4hJyZLU2nIo,Eurosport,UClhp9g6TPiqCTOlcw0ROfNg,"Eurosport, Discovery, Snooker, Tennis, Olympics, Cycling, La Vuelta, Sport, Moto GP, World Super Bikes, Mountain Biking, Roger Federer, Novak Djokovic, Rafael Nadal, Carlos Alcarez, Serena Williams, Sepp Kuss, Remco Evenepoel, Jonas Vingegaard, Ronnie O'Sullivan, Warner Bros., Live Sport, Football, Youtube, Soccer, Álvaro Bautista, Valentino Rossi, Mark Cavendish, UAE, Emirates, Primož Roglič, Filippo Ganna, Ineos Grenadiers, UAE Team Emirates, Jumbo-Visma, Soudal-QuickStep, Nike, Adidas",Stream every moment of the Paris 2024 Olympics only on Max News and coverage from the #1 sports destination and the ...
Simone Biles&#39; Olympic floor routine 🇺🇸 | Paris2024 Highlights,z4p0Jw3U8zc,Olympics,UCTl3QQTvqHFjurroKxexy2Q,"Olympics, Olympics 2024, Olympic Games, Olympic Summer Games, Olympic Games Paris, Paris 2024, Olympic Games Paris 2024",Watch all the #Paris2024 action LIVE! ➡️ https://go.olympics.com/watch Simone Biles's Olympic return at Paris 2024 is off to a ...
ELECTRIC ENDING! 🔥 | Men&#39;s 4x100m Final Highlights | #Paris2024 #Olympics,R8ytlI2ohS4,Eurosport,UClhp9g6TPiqCTOlcw0ROfNg,"Eurosport, Discovery, Snooker, Tennis, Olympics, Cycling, La Vuelta, Sport, Moto GP, World Super Bikes, Mountain Biking, Roger Federer, Novak Djokovic, Rafael Nadal, Carlos Alcarez, Serena Williams, Sepp Kuss, Remco Evenepoel, Jonas Vingegaard, Ronnie O'Sullivan, Warner Bros., Live Sport, Football, Youtube, Soccer, Álvaro Bautista, Valentino Rossi, Mark Cavendish, UAE, Emirates, Primož Roglič, Filippo Ganna, Ineos Grenadiers, UAE Team Emirates, Jumbo-Visma, Soudal-QuickStep, Nike, Adidas",Stream every moment of the Paris 2024 Olympics only on Max News and coverage from the #1 sports destination and the ...
DOMINATION! 👏 | Men&#39;s 5000m Final Highlights | #Paris2024 #Olympics,kzLl4hT9FAU,Eurosport,UClhp9g6TPiqCTOlcw0ROfNg,"Eurosport, Discovery, Snooker, Tennis, Olympics, Cycling, La Vuelta, Sport, Moto GP, World Super Bikes, Mountain Biking, Roger Federer, Novak Djokovic, Rafael Nadal, Carlos Alcarez, Serena Williams, Sepp Kuss, Remco Evenepoel, Jonas Vingegaard, Ronnie O'Sullivan, Warner Bros., Live Sport, Football, Youtube, Soccer, Álvaro Bautista, Valentino Rossi, Mark Cavendish, UAE, Emirates, Primož Roglič, Filippo Ganna, Ineos Grenadiers, UAE Team Emirates, Jumbo-Visma, Soudal-QuickStep, Nike, Adidas",Stream every moment of the Paris 2024 Olympics only on Max News and coverage from the #1 sports destination and the ...
WHAT A FINISH! 💨 | Mixed 4x400m Relay Final Highlights | #Paris2024 #Olympics,49VKppL7La0,Eurosport,UClhp9g6TPiqCTOlcw0ROfNg,"Eurosport, Discovery, Snooker, Tennis, Olympics, Cycling, La Vuelta, Sport, Moto GP, World Super Bikes, Mountain Biking, Roger Federer, Novak Djokovic, Rafael Nadal, Carlos Alcarez, Serena Williams, Sepp Kuss, Remco Evenepoel, Jonas Vingegaard, Ronnie O'Sullivan, Warner Bros., Live Sport, Football, Youtube, Soccer, Álvaro Bautista, Valentino Rossi, Mark Cavendish, UAE, Emirates, Primož Roglič, Filippo Ganna, Ineos Grenadiers, UAE Team Emirates, Jumbo-Visma, Soudal-QuickStep, Nike, Adidas",Stream every moment of the Paris 2024 Olympics only on Max News and coverage from the #1 sports destination and the ...
Japan win breakdancing gold at the Paris Olympics 🇯🇵 | #Paris2024 #Olympics,whUx-5mbLl0,Eurosport,UClhp9g6TPiqCTOlcw0ROfNg,"Eurosport, Discovery, Snooker, Tennis, Olympics, Cycling, La Vuelta, Sport, Moto GP, World Super Bikes, Mountain Biking, Roger Federer, Novak Djokovic, Rafael Nadal, Carlos Alcarez, Serena Williams, Sepp Kuss, Remco Evenepoel, Jonas Vingegaard, Ronnie O'Sullivan, Warner Bros., Live Sport, Football, Youtube, Soccer, Álvaro Bautista, Valentino Rossi, Mark Cavendish, UAE, Emirates, Primož Roglič, Filippo Ganna, Ineos Grenadiers, UAE Team Emirates, Jumbo-Visma, Soudal-QuickStep, Nike, Adidas",Stream every moment of the Paris 2024 Olympics only on Max News and coverage from the #1 sports destination and the ...
GOLD MEDAL IN PARIS! 🥇 | Women&#39;s 800m Final Highlights | #Paris2024 #Olympics,iFXXk8WYiC4,Eurosport,UClhp9g6TPiqCTOlcw0ROfNg,"Eurosport, Discovery, Snooker, Tennis, Olympics, Cycling, La Vuelta, Sport, Moto GP, World Super Bikes, Mountain Biking, Roger Federer, Novak Djokovic, Rafael Nadal, Carlos Alcarez, Serena Williams, Sepp Kuss, Remco Evenepoel, Jonas Vingegaard, Ronnie O'Sullivan, Warner Bros., Live Sport, Football, Youtube, Soccer, Álvaro Bautista, Valentino Rossi, Mark Cavendish, UAE, Emirates, Primož Roglič, Filippo Ganna, Ineos Grenadiers, UAE Team Emirates, Jumbo-Visma, Soudal-QuickStep, Nike, Adidas",Stream every moment of the Paris 2024 Olympics only on Max News and coverage from the #1 sports destination and the ...
WHAT A FINAL! 😮 | Women&#39;s Trampoline Highlights | #Paris2024 #Olympics,ky89WzzvRM8,Eurosport,UClhp9g6TPiqCTOlcw0ROfNg,"Eurosport, Discovery, Snooker, Tennis, Olympics, Cycling, La Vuelta, Sport, Moto GP, World Super Bikes, Mountain Biking, Roger Federer, Novak Djokovic, Rafael Nadal, Carlos Alcarez, Serena Williams, Sepp Kuss, Remco Evenepoel, Jonas Vingegaard, Ronnie O'Sullivan, Warner Bros., Live Sport, Football, Youtube, Soccer, Álvaro Bautista, Valentino Rossi, Mark Cavendish, UAE, Emirates, Primož Roglič, Filippo Ganna, Ineos Grenadiers, UAE Team Emirates, Jumbo-Visma, Soudal-QuickStep, Nike, Adidas",Stream every moment of the Paris 2024 Olympics only on Max News and coverage from the #1 sports destination and the ...
DRAMATIC FINISH! 💨 | Women&#39;s 4x100m Final Highlights | #Paris2024 #Olympics,2JInjYyEU1w,Eurosport,UClhp9g6TPiqCTOlcw0ROfNg,"Eurosport, Discovery, Snooker, Tennis, Olympics, Cycling, La Vuelta, Sport, Moto GP, World Super Bikes, Mountain Biking, Roger Federer, Novak Djokovic, Rafael Nadal, Carlos Alcarez, Serena Williams, Sepp Kuss, Remco Evenepoel, Jonas Vingegaard, Ronnie O'Sullivan, Warner Bros., Live Sport, Football, Youtube, Soccer, Álvaro Bautista, Valentino Rossi, Mark Cavendish, UAE, Emirates, Primož Roglič, Filippo Ganna, Ineos Grenadiers, UAE Team Emirates, Jumbo-Visma, Soudal-QuickStep, Nike, Adidas",Stream every moment of the Paris 2024 Olympics only on Max News and coverage from the #1 sports destination and the ...
France 1-0 Argentina - Men&#39;s Quarter-Final Football Highlights | #Paris2024 #Olympics,Q_6Q8r3hGKM,Eurosport,UClhp9g6TPiqCTOlcw0ROfNg,"Eurosport, Discovery, Snooker, Tennis, Olympics, Cycling, La Vuelta, Sport, Moto GP, World Super Bikes, Mountain Biking, Roger Federer, Novak Djokovic, Rafael Nadal, Carlos Alcarez, Serena Williams, Sepp Kuss, Remco Evenepoel, Jonas Vingegaard, Ronnie O'Sullivan, Warner Bros., Live Sport, Football, Youtube, Soccer, Álvaro Bautista, Valentino Rossi, Mark Cavendish, UAE, Emirates, Primož Roglič, Filippo Ganna, Ineos Grenadiers, UAE Team Emirates, Jumbo-Visma, Soudal-QuickStep, Nike, Adidas",Stream every moment of the Paris 2024 Olympics only on Max News and coverage from the #1 sports destination and the ...
Leon Marchand wins 400m Medley gold with Olympic Record | #Paris2024 #Olympics,C5n0BCzzdF8,Eurosport,UClhp9g6TPiqCTOlcw0ROfNg,"Eurosport, Discovery, Snooker, Tennis, Olympics, Cycling, La Vuelta, Sport, Moto GP, World Super Bikes, Mountain Biking, Roger Federer, Novak Djokovic, Rafael Nadal, Carlos Alcarez, Serena Williams, Sepp Kuss, Remco Evenepoel, Jonas Vingegaard, Ronnie O'Sullivan, Warner Bros., Live Sport, Football, Youtube, Soccer, Álvaro Bautista, Valentino Rossi, Mark Cavendish, UAE, Emirates, Primož Roglič, Filippo Ganna, Ineos Grenadiers, UAE Team Emirates, Jumbo-Visma, Soudal-QuickStep, Nike, Adidas",Stream every moment of the Paris 2024 Olympics only on Max News and coverage from the #1 sports destination and the ...
The Coolest Olympic Athlete? ‘Gearless’ Turkish shooter Yusuf Dikec goes viral 🇹🇷😎 | #Paris2024,EHnNJKSE87Y,Eurosport,UClhp9g6TPiqCTOlcw0ROfNg,"Eurosport, Discovery, Snooker, Tennis, Olympics, Cycling, La Vuelta, Sport, Moto GP, World Super Bikes, Mountain Biking, Roger Federer, Novak Djokovic, Rafael Nadal, Carlos Alcarez, Serena Williams, Sepp Kuss, Remco Evenepoel, Jonas Vingegaard, Ronnie O'Sullivan, Warner Bros., Live Sport, Football, Youtube, Soccer, Álvaro Bautista, Valentino Rossi, Mark Cavendish, UAE, Emirates, Primož Roglič, Filippo Ganna, Ineos Grenadiers, UAE Team Emirates, Jumbo-Visma, Soudal-QuickStep, Nike, Adidas",Stream every moment of the Paris 2024 Olympics only on Max News and coverage from the #1 sports destination and the ...
5 Facts about the Olympic Games 🥇 #paris2024,sUgqH1IXQQw,Max Klymenko,UCisy6taOAeLfyaCqcMQDfig,,
THRILLING FINISH 🥇| Men&#39;s 200m Olympic Final Highlights | #Paris2024 #Olympics,LwrtLfCTDYQ,Eurosport,UClhp9g6TPiqCTOlcw0ROfNg,"Eurosport, Discovery, Snooker, Tennis, Olympics, Cycling, La Vuelta, Sport, Moto GP, World Super Bikes, Mountain Biking, Roger Federer, Novak Djokovic, Rafael Nadal, Carlos Alcarez, Serena Williams, Sepp Kuss, Remco Evenepoel, Jonas Vingegaard, Ronnie O'Sullivan, Warner Bros., Live Sport, Football, Youtube, Soccer, Álvaro Bautista, Valentino Rossi, Mark Cavendish, UAE, Emirates, Primož Roglič, Filippo Ganna, Ineos Grenadiers, UAE Team Emirates, Jumbo-Visma, Soudal-QuickStep, Nike, Adidas",Stream every moment of the Paris 2024 Olympics only on Max News and coverage from the #1 sports destination and the ...
"Gabby Thomas Boyfriend, Twin &amp; Family 😍💘 #couplegoals #athlete  #paris2024 #olympics #athletics #usa",dj59pD2M1wA,Star Spotlight,UCv4n7bNB4R9hbF0J9G_gzww,,trackandfield #sports.
Letsile Tebogo 🇧🇼 Men&#39;s 200m Olympic champion!  | #Paris2024 Highlights,ugf3gAdxWjE,Olympics,UCTl3QQTvqHFjurroKxexy2Q,"200m, Athletics Track Men, Letsile Tebogo, Olympic Games, Paris 2024, Sports","Re-live ALL the incredible #Paris2024 action: ➡️ https://oly.ch/P24Replays Botswana have their first EVER Olympic champion, ..."
How Much is an Olympic Gold Medal Worth? 🥇 #Olympics #Paris2024 #Gold #StreetCents,VjHDUtckCEU,Street Cents,UCbymQ2WsHDRzxTOjWFrjGFA,"olympics, gold, paris2024, winner, podium, medal, ceremony, simone biles, athlete, bronze, silver, money, value, summer mcintosh, explainer, eiffel tower, champion, cbc, street cents","With the Paris 2024 Summer Olympics in full swing, we wonder how much a gold medal is actually worth. It's actually made of ..."
OLYMPIC CHAMPION! 🥇 | Women&#39;s 200m Final Highlights | #Paris2024 #Olympics,Moly4d75IQI,Eurosport,UClhp9g6TPiqCTOlcw0ROfNg,"Eurosport, Discovery, Snooker, Tennis, Olympics, Cycling, La Vuelta, Sport, Moto GP, World Super Bikes, Mountain Biking, Roger Federer, Novak Djokovic, Rafael Nadal, Carlos Alcarez, Serena Williams, Sepp Kuss, Remco Evenepoel, Jonas Vingegaard, Ronnie O'Sullivan, Warner Bros., Live Sport, Football, Youtube, Soccer, Álvaro Bautista, Valentino Rossi, Mark Cavendish, UAE, Emirates, Primož Roglič, Filippo Ganna, Ineos Grenadiers, UAE Team Emirates, Jumbo-Visma, Soudal-QuickStep, Nike, Adidas",Stream every moment of the Paris 2024 Olympics only on Max News and coverage from the #1 sports destination and the ...
ST LUCIA HISTORY MADE IN PARIS! 🇱🇨💨 | Women&#39;s 100m Olympic Final Highlights | #Paris2024 #Olympics,WxvKKPfgfUA,Eurosport,UClhp9g6TPiqCTOlcw0ROfNg,"Eurosport, Discovery, Snooker, Tennis, Olympics, Cycling, La Vuelta, Sport, Moto GP, World Super Bikes, Mountain Biking, Roger Federer, Novak Djokovic, Rafael Nadal, Carlos Alcarez, Serena Williams, Sepp Kuss, Remco Evenepoel, Jonas Vingegaard, Ronnie O'Sullivan, Warner Bros., Live Sport, Football, Youtube, Soccer, Álvaro Bautista, Valentino Rossi, Mark Cavendish, UAE, Emirates, Primož Roglič, Filippo Ganna, Ineos Grenadiers, UAE Team Emirates, Jumbo-Visma, Soudal-QuickStep, Nike, Adidas",Stream every moment of the Paris 2024 Olympics only on Max News and coverage from the #1 sports destination and the ...
MASSIVE battle for Men&#39;s 73 kg Judo Gold 🥋 | #Paris2024 #Olympics,OAWErlPfV64,Eurosport,UClhp9g6TPiqCTOlcw0ROfNg,"Eurosport, Discovery, Snooker, Tennis, Olympics, Cycling, La Vuelta, Sport, Moto GP, World Super Bikes, Mountain Biking, Roger Federer, Novak Djokovic, Rafael Nadal, Carlos Alcarez, Serena Williams, Sepp Kuss, Remco Evenepoel, Jonas Vingegaard, Ronnie O'Sullivan, Warner Bros., Live Sport, Football, Youtube, Soccer, Álvaro Bautista, Valentino Rossi, Mark Cavendish, UAE, Emirates, Primož Roglič, Filippo Ganna, Ineos Grenadiers, UAE Team Emirates, Jumbo-Visma, Soudal-QuickStep, Nike, Adidas",Stream every moment of the Paris 2024 Olympics only on Max News and coverage from the #1 sports destination and the ...
THRILLING CONTEST! 🔥 | Gymnastics Men’s All-Around Final Highlights | #Paris2024 #Olympics,ztIxJ-_qoEs,Eurosport,UClhp9g6TPiqCTOlcw0ROfNg,"Eurosport, Discovery, Snooker, Tennis, Olympics, Cycling, La Vuelta, Sport, Moto GP, World Super Bikes, Mountain Biking, Roger Federer, Novak Djokovic, Rafael Nadal, Carlos Alcarez, Serena Williams, Sepp Kuss, Remco Evenepoel, Jonas Vingegaard, Ronnie O'Sullivan, Warner Bros., Live Sport, Football, Youtube, Soccer, Álvaro Bautista, Valentino Rossi, Mark Cavendish, UAE, Emirates, Primož Roglič, Filippo Ganna, Ineos Grenadiers, UAE Team Emirates, Jumbo-Visma, Soudal-QuickStep, Nike, Adidas",Stream every moment of the Paris 2024 Olympics only on Max News and coverage from the #1 sports destination and the ...
"FALLS &amp; FIGHTS in 5,000M HEAT! 😲 | #Paris2024 Highlights | #Olympics",IKROpYkwmiU,Eurosport,UClhp9g6TPiqCTOlcw0ROfNg,"Eurosport, Discovery, Snooker, Tennis, Olympics, Cycling, La Vuelta, Sport, Moto GP, World Super Bikes, Mountain Biking, Roger Federer, Novak Djokovic, Rafael Nadal, Carlos Alcarez, Serena Williams, Sepp Kuss, Remco Evenepoel, Jonas Vingegaard, Ronnie O'Sullivan, Warner Bros., Live Sport, Football, Youtube, Soccer, Álvaro Bautista, Valentino Rossi, Mark Cavendish, UAE, Emirates, Primož Roglič, Filippo Ganna, Ineos Grenadiers, UAE Team Emirates, Jumbo-Visma, Soudal-QuickStep, Nike, Adidas",Stream every moment of the Paris 2024 Olympics only on Max News and coverage from the #1 sports destination and the ...
Gabby Thomas is an Olympic Champion! | Women&#39;s 200m Final | #Paris2024 highlights,2t4rfSzhFAs,Olympics,UCTl3QQTvqHFjurroKxexy2Q,"Athletics, Olympic Games, Paris 2024, Sports",Watch all the #Paris2024 action LIVE! ➡️ https://go.olympics.com/watch Gabby Thomas edges St. Lucia's Julien Alfred to take ...
Italy are Olympic Champions! 🇮🇹 |  Women&#39;s Volleyball Gold Medal Game | #Paris2024 Highlights,IAOYxYmQf5U,Olympics,UCTl3QQTvqHFjurroKxexy2Q,,Re-live ALL the incredible #Paris2024 action: ➡️ https://oly.ch/3yFZpOg Italy are champions in women's volleyball after beating ...
Faith Kipyegon Breaks Olympic Record! 🇰🇪 | Women&#39;s 1500m | #Paris2024 highlights,7aQ_ZtIZIjg,Olympics,UCTl3QQTvqHFjurroKxexy2Q,"Athletics, Olympic Games, Paris 2024, Sports",Re-live ALL the incredible #Paris2024 action: ➡️ https://oly.ch/P24Replays Faith Kipyegon broke her own Olympic Record en ...
Phil Wizard becomes the first B-Boy to win an Olympic gold medal | Paris 2024 highlights,D6Wod_9o6GU,Olympics,UCTl3QQTvqHFjurroKxexy2Q,"Olympics, Olympics 2024, Olympic Games, Olympic Summer Games, Olympic Games Paris, Paris 2024, Olympic Games Paris 2024","Re-live ALL the incredible #Paris2024 action: ➡️ https://oly.ch/P24Replays Canadian B-Boy, Phil Wizard, etched his name in ..."
"Joshua Cheptegei 🇺🇬  Men&#39;s 10,000m Olympic Champion | Paris 2024 Highlights",1m7IifTXa88,Olympics,UCTl3QQTvqHFjurroKxexy2Q,"Athletics, Olympic Games, Paris 2024, Sports","Re-live ALL the incredible #Paris2024 action: ➡️ https://oly.ch/P24Replays Ugandan Joshua Cheptegei, the current world ..."
The payout for Olympic athletes winning gold in different countries are wild 🤯,pbQ1P81BSwY,Bleacher Report,UC9-OpMMVoNP5o10_Iyq7Ndw,"bleacher report, br, nba",Subscribe: https://www.youtube.com/user/BleacherReport?sub_confirmation=1 Follow on IG: ...
Konnor McClain told Steve Harvey she&#39;d be an Olympic gymnast,-FNPlg4HFMk,TODAY,UChDKyKQ59fYz3JO2fl0Z6sg,"TODAY, Latest on TODAY, News, Entertainment, Top stories","KonnorMcClain knew she was destined to be at the #Paris2024 #Olympics from the young age of 11, putting that achievement out ..."
Noah Lyles knocks off Olympic champ in Diamond League Paris 100m! 😲,8xVqqPTBi4o,NBC Sports,UCqZQlzSHbVJrwrn5XvzrzcA,"olympics, nbc sports, shorts, track and field, noah lyles, marcell jacobs, noah lyles 100, noah lyles 200, noah lyles 2023, noah lyles american record, noah lyles world championship, noah lyles olympics, noah lyles olympic trials, noah lyles usain bolt, noah lyles diamond league, noah lyles erriyon knighton, noah lyles 19.31, noah lyles marcell jacobs",200m world champion Noah Lyles blows past the field for the 100m win in Paris #NBCSports #NoahLyles #shorts » Subscribe to ...
Nailed it… I think I am ready for Paris 2024. 🥇 #olympics #gymnastics #paris2024 #teamcanada,DDbQS034S28,Breanne Allarie,UC-cd6K1f5QN7scwKs-L-R8Q,,
AMAZING! 🤩 Carlos Yulo WINS Men&#39;s Vault Final 🇵🇭 #Paris2024 #Olympics,iE8Yh8ovG2E,Eurosport,UClhp9g6TPiqCTOlcw0ROfNg,"Adidas, Carlos Alcarez, Cycling, Discovery, Emirates, Eurosport, Filippo Ganna, Football, Ineos Grenadiers, Jonas Vingegaard, Jumbo-Visma, La Vuelta, Live Sport, Mark Cavendish, Moto GP, Mountain Biking, Nike, Novak Djokovic, Olympics, Primož Roglič, Rafael Nadal, Remco Evenepoel, Roger Federer, Ronnie O'Sullivan, Sepp Kuss, Serena Williams, Snooker, Soccer, Soudal-QuickStep, Sport, Tennis, UAE, UAE Team Emirates, Valentino Rossi, Warner Bros., World Super Bikes, Youtube, Álvaro Bautista",Stream every moment of the Paris 2024 Olympics only on Max News and coverage from the #1 sports destination and the ...
Paris 2024 Olympic Games | Official Trailer  - BBC,iVc61V4xhlw,BBC,UCCj956IF62FbT7Gouszaj9w,"paris 2024, paris games, paris olympics, olympics, olympic games, watch olympics, watch olympics online, watch the olympics online, olympics videos, olympics live, olympics bbc, olympics highlights, paris 2024 videos, paris 2024 highlights, paris 2024 gold, olympics gold, olympic gold, olympic games videos","Paris has never seen a love like this. The Olympic Games, across the BBC from 26th July. Watch the Summer of Sport and Music ..."
USA DOMINATE! 🇺🇸 | Swimming 4 × 100m Freestyle Relay Highlights | Paris Olympics 2024 #Paris2024,LAc-qtOsN8A,Eurosport,UClhp9g6TPiqCTOlcw0ROfNg,"Eurosport, Discovery, Snooker, Tennis, Olympics, Cycling, La Vuelta, Sport, Moto GP, World Super Bikes, Mountain Biking, Roger Federer, Novak Djokovic, Rafael Nadal, Carlos Alcarez, Serena Williams, Sepp Kuss, Remco Evenepoel, Jonas Vingegaard, Ronnie O'Sullivan, Warner Bros., Live Sport, Football, Youtube, Soccer, Álvaro Bautista, Valentino Rossi, Mark Cavendish, UAE, Emirates, Primož Roglič, Filippo Ganna, Ineos Grenadiers, UAE Team Emirates, Jumbo-Visma, Soudal-QuickStep, Nike, Adidas",Stream every moment of the Paris 2024 Olympics only on Max News and coverage from the #1 sports destination and the ...
Spain&#39;s FABULOUS Routine in Artistic Swimming 🇪🇸😯 | #Paris2024 #Olympics,BZLBWJBoFno,Eurosport,UClhp9g6TPiqCTOlcw0ROfNg,"Adidas, Carlos Alcarez, Cycling, Discovery, Emirates, Eurosport, Filippo Ganna, Football, Ineos Grenadiers, Jonas Vingegaard, Jumbo-Visma, La Vuelta, Live Sport, Mark Cavendish, Moto GP, Mountain Biking, Nike, Novak Djokovic, Olympics, Primož Roglič, Rafael Nadal, Remco Evenepoel, Roger Federer, Ronnie O'Sullivan, Sepp Kuss, Serena Williams, Snooker, Soccer, Soudal-QuickStep, Sport, Tennis, UAE, UAE Team Emirates, Valentino Rossi, Warner Bros., World Super Bikes, Youtube, Álvaro Bautista",Stream every moment of the Paris 2024 Olympics only on Max News and coverage from the #1 sports destination and the ...
Olympian Grip Strength Challenge 💪#Olympians #olympics #paris2024 #olympic #paris #sports #grip,pcbYxRej0N8,Ian Gunther,UCU0dlKN6R16DL5KKWq62wNA,,
EPIC Gojira Live Performance at the #Paris2024 Olympic Games | #Olympics,z_OOOkVJK7o,Eurosport,UClhp9g6TPiqCTOlcw0ROfNg,"Eurosport, Discovery, Snooker, Tennis, Olympics, Cycling, La Vuelta, Sport, Moto GP, World Super Bikes, Mountain Biking, Roger Federer, Novak Djokovic, Rafael Nadal, Carlos Alcarez, Serena Williams, Sepp Kuss, Remco Evenepoel, Jonas Vingegaard, Ronnie O'Sullivan, Warner Bros., Live Sport, Football, Youtube, Soccer, Álvaro Bautista, Valentino Rossi, Mark Cavendish, UAE, Emirates, Primož Roglič, Filippo Ganna, Ineos Grenadiers, UAE Team Emirates, Jumbo-Visma, Soudal-QuickStep, Nike, Adidas",Stream every moment of the Paris 2024 Olympics only on Max News and coverage from the #1 sports destination and the ...
The #Paris2024 Olympic torch has been revealed! 🔥🇫🇷,tBiZnmnT9T8,Olympics,UCTl3QQTvqHFjurroKxexy2Q,,
Steph Curry&#39;s 4th quarter masterclass in FULL as Team USA win Olympic gold 🇺🇸🐐 | #Paris2024,L8FqQrgx9Zc,Eurosport,UClhp9g6TPiqCTOlcw0ROfNg,"Eurosport, Discovery, Snooker, Tennis, Olympics, Cycling, La Vuelta, Sport, Moto GP, World Super Bikes, Mountain Biking, Roger Federer, Novak Djokovic, Rafael Nadal, Carlos Alcarez, Serena Williams, Sepp Kuss, Remco Evenepoel, Jonas Vingegaard, Ronnie O'Sullivan, Warner Bros., Live Sport, Football, Youtube, Soccer, Álvaro Bautista, Valentino Rossi, Mark Cavendish, UAE, Emirates, Primož Roglič, Filippo Ganna, Ineos Grenadiers, UAE Team Emirates, Jumbo-Visma, Soudal-QuickStep, Nike, Adidas",Stream every moment of the Paris 2024 Olympics only on Max News and coverage from the #1 sports destination and the ...
Ana Barbosu SENSATIONAL Balance Beam routine 🇷🇴 🤩 | Paris 2024 Olympics | #Paris2024,q0WX5Wis3kI,Eurosport,UClhp9g6TPiqCTOlcw0ROfNg,"Adidas, Carlos Alcarez, Cycling, Discovery, Emirates, Eurosport, Filippo Ganna, Football, Ineos Grenadiers, Jonas Vingegaard, Jumbo-Visma, La Vuelta, Live Sport, Mark Cavendish, Moto GP, Mountain Biking, Nike, Novak Djokovic, Olympics, Primož Roglič, Rafael Nadal, Remco Evenepoel, Roger Federer, Ronnie O'Sullivan, Sepp Kuss, Serena Williams, Snooker, Soccer, Soudal-QuickStep, Sport, Tennis, UAE, UAE Team Emirates, Valentino Rossi, Warner Bros., World Super Bikes, Youtube, Álvaro Bautista",Stream every moment of the Paris 2024 Olympics only on Max News and coverage from the #1 sports destination and the ...
Pakistan&#39;s Arshad Nadeem smashes men&#39;s javelin Olympic record to win Gold 🇵🇰 | #Paris2024,lJGvNSEmIhM,Eurosport,UClhp9g6TPiqCTOlcw0ROfNg,"Eurosport, Discovery, Snooker, Tennis, Olympics, Cycling, La Vuelta, Sport, Moto GP, World Super Bikes, Mountain Biking, Roger Federer, Novak Djokovic, Rafael Nadal, Carlos Alcarez, Serena Williams, Sepp Kuss, Remco Evenepoel, Jonas Vingegaard, Ronnie O'Sullivan, Warner Bros., Live Sport, Football, Youtube, Soccer, Álvaro Bautista, Valentino Rossi, Mark Cavendish, UAE, Emirates, Primož Roglič, Filippo Ganna, Ineos Grenadiers, UAE Team Emirates, Jumbo-Visma, Soudal-QuickStep, Nike, Adidas",Stream every moment of the Paris 2024 Olympics only on Max News and coverage from the #1 sports destination and the ...
Pakistan&#39;s Arshad Nadeem smashes men&#39;s javelin Olympic record to win Gold 🇵🇰 | #Paris2024,lJGvNSEmIhM,Eurosport,UClhp9g6TPiqCTOlcw0ROfNg,"Eurosport, Discovery, Snooker, Tennis, Olympics, Cycling, La Vuelta, Sport, Moto GP, World Super Bikes, Mountain Biking, Roger Federer, Novak Djokovic, Rafael Nadal, Carlos Alcarez, Serena Williams, Sepp Kuss, Remco Evenepoel, Jonas Vingegaard, Ronnie O'Sullivan, Warner Bros., Live Sport, Football, Youtube, Soccer, Álvaro Bautista, Valentino Rossi, Mark Cavendish, UAE, Emirates, Primož Roglič, Filippo Ganna, Ineos Grenadiers, UAE Team Emirates, Jumbo-Visma, Soudal-QuickStep, Nike, Adidas",Stream every moment of the Paris 2024 Olympics only on Max News and coverage from the #1 sports destination and the ...
Simone Biles makes history at the Olympics 🤩👏 #paris2024  #olympics  #simonebiles,Bt1BSh6pf4A,Eurosport,UClhp9g6TPiqCTOlcw0ROfNg,"Eurosport, Discovery, Snooker, Tennis, Olympics, Cycling, La Vuelta, Sport, Moto GP, World Super Bikes, Mountain Biking, Roger Federer, Novak Djokovic, Rafael Nadal, Carlos Alcarez, Serena Williams, Sepp Kuss, Remco Evenepoel, Jonas Vingegaard, Ronnie O'Sullivan, Warner Bros., Live Sport, Football, Youtube, Soccer, Álvaro Bautista, Valentino Rossi, Mark Cavendish, UAE, Emirates, Primož Roglič, Filippo Ganna, Ineos Grenadiers, UAE Team Emirates, Jumbo-Visma, Soudal-QuickStep, Nike, Adidas",Stream every moment of the Paris 2024 Olympics only on discovery+ in the UK News and coverage from the #1 sports ...
WHAT AN EFFORT! 👏 | Women&#39;s 10000m Final Highlights | #Paris2024 #Olympics,jRAuM_vHgew,Eurosport,UClhp9g6TPiqCTOlcw0ROfNg,"Eurosport, Discovery, Snooker, Tennis, Olympics, Cycling, La Vuelta, Sport, Moto GP, World Super Bikes, Mountain Biking, Roger Federer, Novak Djokovic, Rafael Nadal, Carlos Alcarez, Serena Williams, Sepp Kuss, Remco Evenepoel, Jonas Vingegaard, Ronnie O'Sullivan, Warner Bros., Live Sport, Football, Youtube, Soccer, Álvaro Bautista, Valentino Rossi, Mark Cavendish, UAE, Emirates, Primož Roglič, Filippo Ganna, Ineos Grenadiers, UAE Team Emirates, Jumbo-Visma, Soudal-QuickStep, Nike, Adidas",Stream every moment of the Paris 2024 Olympics only on Max News and coverage from the #1 sports destination and the ...
400M THRILLER! 🥇 | Athletics Paris 2024 Day 6 Highlights | #Paris2024 #Olympics,SsB3HzoIsKw,Eurosport,UClhp9g6TPiqCTOlcw0ROfNg,"Eurosport, Discovery, Snooker, Tennis, Olympics, Cycling, La Vuelta, Sport, Moto GP, World Super Bikes, Mountain Biking, Roger Federer, Novak Djokovic, Rafael Nadal, Carlos Alcarez, Serena Williams, Sepp Kuss, Remco Evenepoel, Jonas Vingegaard, Ronnie O'Sullivan, Warner Bros., Live Sport, Football, Youtube, Soccer, Álvaro Bautista, Valentino Rossi, Mark Cavendish, UAE, Emirates, Primož Roglič, Filippo Ganna, Ineos Grenadiers, UAE Team Emirates, Jumbo-Visma, Soudal-QuickStep, Nike, Adidas",Stream every moment of the Paris 2024 Olympics only on Max News and coverage from the #1 sports destination and the ...
"Nightcall 😍 Phoenix, Angèle and Kavinsky perform at Paris Olympics Closing Ceremony 🔥 | #paris2024",asL4qxHVS-k,Eurosport,UClhp9g6TPiqCTOlcw0ROfNg,"Eurosport, Discovery, Snooker, Tennis, Olympics, Cycling, La Vuelta, Sport, Moto GP, World Super Bikes, Mountain Biking, Roger Federer, Novak Djokovic, Rafael Nadal, Carlos Alcarez, Serena Williams, Sepp Kuss, Remco Evenepoel, Jonas Vingegaard, Ronnie O'Sullivan, Warner Bros., Live Sport, Football, Youtube, Soccer, Álvaro Bautista, Valentino Rossi, Mark Cavendish, UAE, Emirates, Primož Roglič, Filippo Ganna, Ineos Grenadiers, UAE Team Emirates, Jumbo-Visma, Soudal-QuickStep, Nike, Adidas","Invited by Phoenix and Kavinsky, Belgian singer Angèle performs Nightcall alongside them during the Paris 2024 Closing ..."
USA&#39;S SIMONE BILES FALLS OFF THE BEAM 🤯 | #Paris2024 #Olympics,JTfm5PcpI2c,Eurosport,UClhp9g6TPiqCTOlcw0ROfNg,"Eurosport, Discovery, Snooker, Tennis, Olympics, Cycling, La Vuelta, Sport, Moto GP, World Super Bikes, Mountain Biking, Roger Federer, Novak Djokovic, Rafael Nadal, Carlos Alcarez, Serena Williams, Sepp Kuss, Remco Evenepoel, Jonas Vingegaard, Ronnie O'Sullivan, Warner Bros., Live Sport, Football, Youtube, Soccer, Álvaro Bautista, Valentino Rossi, Mark Cavendish, UAE, Emirates, Primož Roglič, Filippo Ganna, Ineos Grenadiers, UAE Team Emirates, Jumbo-Visma, Soudal-QuickStep, Nike, Adidas",Stream every moment of the Paris 2024 Olympics only on Max News and coverage from the #1 sports destination and the ...
Snoop Dogg Opens First Ever Olympic Breaking Comp 😎  | #Paris2024 #Olympics,Pk8f8RIXq9Y,Eurosport,UClhp9g6TPiqCTOlcw0ROfNg,"Eurosport, Discovery, Snooker, Tennis, Olympics, Cycling, La Vuelta, Sport, Moto GP, World Super Bikes, Mountain Biking, Roger Federer, Novak Djokovic, Rafael Nadal, Carlos Alcarez, Serena Williams, Sepp Kuss, Remco Evenepoel, Jonas Vingegaard, Ronnie O'Sullivan, Warner Bros., Live Sport, Football, Youtube, Soccer, Álvaro Bautista, Valentino Rossi, Mark Cavendish, UAE, Emirates, Primož Roglič, Filippo Ganna, Ineos Grenadiers, UAE Team Emirates, Jumbo-Visma, Soudal-QuickStep, Nike, Adidas",Stream every moment of the Paris 2024 Olympics only on discovery+ in the UK News and coverage from the #1 sports ...
Paris 2024 Olympics Opening Ceremony LIVE | Eurosport | #Paris2024,j-Ou-ggS718,Eurosport,UClhp9g6TPiqCTOlcw0ROfNg,"Eurosport, Discovery, Olympics, Sport, Warner Bros., Live Sport, Youtube, Sports, Paris 2024, Athlete, Motivation, Athletics, Opening Ceremony, Paris, Olympic Games, The Olympics, Olympics 2024, USA, Team GB, Gold Medal, Olympic Torch, China, Medal Ceremony, River Seine, Olympic ceremony live",Join us in Paris for Eurosport's live coverage of the Paris 2024 Olympics Opening Ceremony. Stream every moment of the Paris ...
WHAT A FINISH! 🔥 | Men&#39;s 400m Final Highlights | #Paris2024 #Olympics,iQGvm7ZBf5Y,Eurosport,UClhp9g6TPiqCTOlcw0ROfNg,"Eurosport, Discovery, Snooker, Tennis, Olympics, Cycling, La Vuelta, Sport, Moto GP, World Super Bikes, Mountain Biking, Roger Federer, Novak Djokovic, Rafael Nadal, Carlos Alcarez, Serena Williams, Sepp Kuss, Remco Evenepoel, Jonas Vingegaard, Ronnie O'Sullivan, Warner Bros., Live Sport, Football, Youtube, Soccer, Álvaro Bautista, Valentino Rossi, Mark Cavendish, UAE, Emirates, Primož Roglič, Filippo Ganna, Ineos Grenadiers, UAE Team Emirates, Jumbo-Visma, Soudal-QuickStep, Nike, Adidas",Stream every moment of the Paris 2024 Olympics only on Max News and coverage from the #1 sports destination and the ...
China Gets The Gold! 🥇 Table Tennis Men&#39;s Singles #Paris2024 #Olympics,ambORstoXM4,Eurosport,UClhp9g6TPiqCTOlcw0ROfNg,"Adidas, Carlos Alcarez, Cycling, Discovery, Emirates, Eurosport, Filippo Ganna, Football, Ineos Grenadiers, Jonas Vingegaard, Jumbo-Visma, La Vuelta, Live Sport, Mark Cavendish, Moto GP, Mountain Biking, Nike, Novak Djokovic, Olympics, Primož Roglič, Rafael Nadal, Remco Evenepoel, Roger Federer, Ronnie O'Sullivan, Sepp Kuss, Serena Williams, Snooker, Soccer, Soudal-QuickStep, Sport, Tennis, UAE, UAE Team Emirates, Valentino Rossi, Warner Bros., World Super Bikes, Youtube, Álvaro Bautista",Stream every moment of the Paris 2024 Olympics only on Max News and coverage from the #1 sports destination and the ...
HISTORY MADE! 🥇 | Swimming Paris 2024 Day 4 Highlights | #Paris2024 #Olympics,YI8RNKl8hCk,Eurosport,UClhp9g6TPiqCTOlcw0ROfNg,"Eurosport, Discovery, Snooker, Tennis, Olympics, Cycling, La Vuelta, Sport, Moto GP, World Super Bikes, Mountain Biking, Roger Federer, Novak Djokovic, Rafael Nadal, Carlos Alcarez, Serena Williams, Sepp Kuss, Remco Evenepoel, Jonas Vingegaard, Ronnie O'Sullivan, Warner Bros., Live Sport, Football, Youtube, Soccer, Álvaro Bautista, Valentino Rossi, Mark Cavendish, UAE, Emirates, Primož Roglič, Filippo Ganna, Ineos Grenadiers, UAE Team Emirates, Jumbo-Visma, Soudal-QuickStep, Nike, Adidas",Stream every moment of the Paris 2024 Olympics only on Max News and coverage from the #1 sports destination and the ...
#Paris2024 Opening Ceremony: Olympic Cauldron is lit as Celine Dion returns to the stage,ggwGSzzrAT4,Eurosport,UClhp9g6TPiqCTOlcw0ROfNg,"Eurosport, Discovery, Snooker, Tennis, Olympics, Cycling, La Vuelta, Sport, Moto GP, World Super Bikes, Mountain Biking, Roger Federer, Novak Djokovic, Rafael Nadal, Carlos Alcarez, Serena Williams, Sepp Kuss, Remco Evenepoel, Jonas Vingegaard, Ronnie O'Sullivan, Warner Bros., Live Sport, Football, Youtube, Soccer, Álvaro Bautista, Valentino Rossi, Mark Cavendish, UAE, Emirates, Primož Roglič, Filippo Ganna, Ineos Grenadiers, UAE Team Emirates, Jumbo-Visma, Soudal-QuickStep, Nike, Adidas",Stream every moment of the Paris 2024 Olympics only on Max News and coverage from the #1 sports destination and the ...
Céline Dion returns to the stage to kick off Paris Olympics 😍 #Paris2024,FAMvoNt61ew,Eurosport,UClhp9g6TPiqCTOlcw0ROfNg,"Eurosport, Discovery, Snooker, Tennis, Olympics, Cycling, La Vuelta, Sport, Moto GP, World Super Bikes, Mountain Biking, Roger Federer, Novak Djokovic, Rafael Nadal, Carlos Alcarez, Serena Williams, Sepp Kuss, Remco Evenepoel, Jonas Vingegaard, Ronnie O'Sullivan, Warner Bros., Live Sport, Football, Youtube, Soccer, Álvaro Bautista, Valentino Rossi, Mark Cavendish, UAE, Emirates, Primož Roglič, Filippo Ganna, Ineos Grenadiers, UAE Team Emirates, Jumbo-Visma, Soudal-QuickStep, Nike, Adidas",Stream every moment of the Paris 2024 Olympics only on discovery+ in the UK News and coverage from the #1 sports ...
WORLD RECORD! 🫨 | Women&#39;s 400m Hurdles Final Highlights | #Paris2024 #Olympics,moKNsiW0GUo,Eurosport,UClhp9g6TPiqCTOlcw0ROfNg,"Eurosport, Discovery, Snooker, Tennis, Olympics, Cycling, La Vuelta, Sport, Moto GP, World Super Bikes, Mountain Biking, Roger Federer, Novak Djokovic, Rafael Nadal, Carlos Alcarez, Serena Williams, Sepp Kuss, Remco Evenepoel, Jonas Vingegaard, Ronnie O'Sullivan, Warner Bros., Live Sport, Football, Youtube, Soccer, Álvaro Bautista, Valentino Rossi, Mark Cavendish, UAE, Emirates, Primož Roglič, Filippo Ganna, Ineos Grenadiers, UAE Team Emirates, Jumbo-Visma, Soudal-QuickStep, Nike, Adidas",Stream every moment of the Paris 2024 Olympics only on Max News and coverage from the #1 sports destination and the ...
Simone Biles hits ‘hardest vault in world’ in magnificent Olympic showing 🇺🇸 | #Paris2024 #Olympics,E1iYE0pgAk0,Eurosport,UClhp9g6TPiqCTOlcw0ROfNg,"Eurosport, Discovery, Snooker, Tennis, Olympics, Cycling, La Vuelta, Sport, Moto GP, World Super Bikes, Mountain Biking, Roger Federer, Novak Djokovic, Rafael Nadal, Carlos Alcarez, Serena Williams, Sepp Kuss, Remco Evenepoel, Jonas Vingegaard, Ronnie O'Sullivan, Warner Bros., Live Sport, Football, Youtube, Soccer, Álvaro Bautista, Valentino Rossi, Mark Cavendish, UAE, Emirates, Primož Roglič, Filippo Ganna, Ineos Grenadiers, UAE Team Emirates, Jumbo-Visma, Soudal-QuickStep, Nike, Adidas",Stream every moment of the Paris 2024 Olympics only on discovery+ in the UK News and coverage from the #1 sports ...
How Olympic Shooting Works,dqryqI0XXAE,5th and Goal Sports,UCzcvi5oCVfSUrhWilLpRGvQ,,"I'm explaining how every single summer olympic sports works, today's edition: Shooting #olympics #Paris2024 #sports ..."
Tom Daley wins FIFTH Olympic Medal with Noah Williams 🥈 | #Paris2024 #Olympics,vxr_oYxNByI,Eurosport,UClhp9g6TPiqCTOlcw0ROfNg,"Eurosport, Discovery, Snooker, Tennis, Olympics, Cycling, La Vuelta, Sport, Moto GP, World Super Bikes, Mountain Biking, Roger Federer, Novak Djokovic, Rafael Nadal, Carlos Alcarez, Serena Williams, Sepp Kuss, Remco Evenepoel, Jonas Vingegaard, Ronnie O'Sullivan, Warner Bros., Live Sport, Football, Youtube, Soccer, Álvaro Bautista, Valentino Rossi, Mark Cavendish, UAE, Emirates, Primož Roglič, Filippo Ganna, Ineos Grenadiers, UAE Team Emirates, Jumbo-Visma, Soudal-QuickStep, Nike, Adidas",Stream every moment of the Paris 2024 Olympics only on discovery+ in the UK News and coverage from the #1 sports ...
Simone Biles EXECUTES the Yurchenko Double Pike 🤯 | Paris Olympics 2024 #Paris2024,i_MMVJreu6Y,Eurosport,UClhp9g6TPiqCTOlcw0ROfNg,"Adidas, Carlos Alcarez, Cycling, Discovery, Emirates, Eurosport, Filippo Ganna, Football, Ineos Grenadiers, Jumbo-Visma, La Vuelta, Live Sport, Mark Cavendish, Moto GP, Mountain Biking, Nike, Novak Djokovic, Olympics, Primož Roglič, Rafael Nadal, Remco Evenepoel, Roger Federer, Ronnie O'Sullivan, Sepp Kuss, Serena Williams, Simone biles, Snooker, Soccer, Soudal-QuickStep, Sport, Tennis, UAE, UAE Team Emirates, Valentino Rossi, Warner Bros., World Super Bikes, Youtube, Álvaro Bautista",Stream every moment of the Paris 2024 Olympics only on Max News and coverage from the #1 sports destination and the ...
"Paris is ready, are you? | #Paris2024 💙🤍❤️",NCo4JDKJwgc,Olympics,UCTl3QQTvqHFjurroKxexy2Q,"Olympic Games, Olympic Medal, Olympics, Olympic Sports, Gold, Silver, Beijing2022, Beijing 2022, Olympic Games 2022, Olympics 2022, Winter Olympics, Tokyo 2020, Tokyo 2021, olympic games, olympic games 2022, olympic games 2020, beijing 2022, olympic channel, olympics 2020, Paris 2024, Paris Olympics, Juegos Olimpicos, Jogos Olimpicos, Olympic, Olympic Games 2024, Olympics 2024, Neeraj Chopra, Simone Biles, Sha'Carri Richardson, Noah Lyles, Hanyu, Paris, Mondo Duplantis","Watch all the #Paris2024 action LIVE! ➡️ https://go.olympics.com/watch Paris is almost ready, are you? Who are you excited to ..."
Who’s the GREATEST athlete in your country? 🌍 #paris2024,cynt6WDbkqY,Max Klymenko,UCisy6taOAeLfyaCqcMQDfig,,
I’M COMPETING IN THE OLYMPICS! 😱 #Paris2024,Ibwys2YvgQs,Ian Boggs,UC9yadlAEiyOUNa3y4dnuYFg,"ian, ian boggs, comedy, funny, relatable, olympics",What's your BIGGEST question about the @Olympics? Ask me in the comments and I'll answer them in my next video! Thanks to ...
😆 Les Australiennes ne comprennent pas l&#39;utilité du pédiluve #paris2024 #olympics #olympics2024,SLljIW5Hxq4,L'ÉQUIPE,UCyIV8rkza5Uk_sJIhqilBvQ,"Sport, actualités, actualités sport, L’équipe, La chaîne l’équipe, l ‘équipe en direct, l’équipe du soir, l’équipe 21, l'équipe du soir replay, rmc sport, Eurosport, foot mercato, actu foot, canal+sport",Ne ratez rien de l'actualité sportive http://ow.ly/5etn30qnKgp Abonnez-vous à l'offre numérique http://ow.ly/wjz230qqgaU ...
Sha’carri Richardson DOMINATES 100M Final at 2024 Olympic Trials to advance to Paris #ParisOlympics,uE9NIfyzacg,Coach Doug,UC5WXtyexRbMR-SXOWm-mL3Q,,
Simone Biles wins vault for her third gold of Paris Olympics 🐐🥇 | #Paris2024 #Olympics,hXnVMlOFPxk,Eurosport,UClhp9g6TPiqCTOlcw0ROfNg,"Adidas, Carlos Alcarez, Cycling, Discovery, Emirates, Eurosport, Filippo Ganna, Football, Ineos Grenadiers, Jonas Vingegaard, Jumbo-Visma, La Vuelta, Live Sport, Mark Cavendish, Moto GP, Mountain Biking, Nike, Novak Djokovic, Olympics, Primož Roglič, Rafael Nadal, Remco Evenepoel, Roger Federer, Ronnie O'Sullivan, Sepp Kuss, Serena Williams, Snooker, Soccer, Soudal-QuickStep, Sport, Tennis, UAE, UAE Team Emirates, Valentino Rossi, Warner Bros., World Super Bikes, Youtube, Álvaro Bautista",Stream every moment of the Paris 2024 Olympics only on Max News and coverage from the #1 sports destination and the ...
Sydney McLaughlin-Levrone 👑 - Women&#39;s 400m hurdles Olympic champion! | #Paris2024 Highlights,V3aeiR7plQw,Olympics,UCTl3QQTvqHFjurroKxexy2Q,"Athletics Track Women, Olympic Games, Paris 2024, Sports, World Record",Re-live ALL the incredible #Paris2024 action: ➡️ https://oly.ch/P24Replays Back. To. Back. Sydney McLaughlin-Levrone retains ...
Spain beat France 5-3 after extra time to win Olympic men’s football final 🥇 | #Paris2024 Highlights,VOp2519v274,Eurosport,UClhp9g6TPiqCTOlcw0ROfNg,"Eurosport, Discovery, Snooker, Tennis, Olympics, Cycling, La Vuelta, Sport, Moto GP, World Super Bikes, Mountain Biking, Roger Federer, Novak Djokovic, Rafael Nadal, Carlos Alcarez, Serena Williams, Sepp Kuss, Remco Evenepoel, Jonas Vingegaard, Ronnie O'Sullivan, Warner Bros., Live Sport, Football, Youtube, Soccer, Álvaro Bautista, Valentino Rossi, Mark Cavendish, UAE, Emirates, Primož Roglič, Filippo Ganna, Ineos Grenadiers, UAE Team Emirates, Jumbo-Visma, Soudal-QuickStep, Nike, Adidas",Stream every moment of the Paris 2024 Olympics only on Max News and coverage from the #1 sports destination and the ...
COMEBACK! 🔥 | Spain 2-1 Morocco Men&#39;s Olympic Semi-Final Football Highlights | #Paris2024 #Olympics,X4TJYWgrvoM,Eurosport,UClhp9g6TPiqCTOlcw0ROfNg,"Eurosport, Discovery, Snooker, Tennis, Olympics, Cycling, La Vuelta, Sport, Moto GP, World Super Bikes, Mountain Biking, Roger Federer, Novak Djokovic, Rafael Nadal, Carlos Alcarez, Serena Williams, Sepp Kuss, Remco Evenepoel, Jonas Vingegaard, Ronnie O'Sullivan, Warner Bros., Live Sport, Football, Youtube, Soccer, Álvaro Bautista, Valentino Rossi, Mark Cavendish, UAE, Emirates, Primož Roglič, Filippo Ganna, Ineos Grenadiers, UAE Team Emirates, Jumbo-Visma, Soudal-QuickStep, Nike, Adidas",Stream every moment of the Paris 2024 Olympics only on Max News and coverage from the #1 sports destination and the ...
DURANT DAZZLES! 🏀 | USA vs Serbia | Men&#39;s Basketball | Paris 2024 Olympics | #Paris2024,C-y3nlAyCXA,Eurosport,UClhp9g6TPiqCTOlcw0ROfNg,"Eurosport, Discovery, Snooker, Tennis, Olympics, Cycling, La Vuelta, Sport, Moto GP, World Super Bikes, Mountain Biking, Roger Federer, Novak Djokovic, Rafael Nadal, Carlos Alcarez, Serena Williams, Sepp Kuss, Remco Evenepoel, Jonas Vingegaard, Ronnie O'Sullivan, Warner Bros., Live Sport, Football, Youtube, Soccer, Álvaro Bautista, Valentino Rossi, Mark Cavendish, UAE, Emirates, Primož Roglič, Filippo Ganna, Ineos Grenadiers, UAE Team Emirates, Jumbo-Visma, Soudal-QuickStep, Nike, Adidas",Stream every moment of the Paris 2024 Olympics only on Max News and coverage from the #1 sports destination and the ...
Simone Biles EXTRAORDINARY Vault performance 🤩 | Women&#39;s Vault Final #Paris2024 #Olympics,XKFnBxhygrU,Eurosport,UClhp9g6TPiqCTOlcw0ROfNg,"Adidas, Carlos Alcarez, Cycling, Discovery, Emirates, Eurosport, Filippo Ganna, Football, Ineos Grenadiers, Jonas Vingegaard, Jumbo-Visma, La Vuelta, Live Sport, Mark Cavendish, Moto GP, Mountain Biking, Nike, Novak Djokovic, Olympics, Primož Roglič, Rafael Nadal, Remco Evenepoel, Roger Federer, Ronnie O'Sullivan, Sepp Kuss, Serena Williams, Snooker, Soccer, Soudal-QuickStep, Sport, Tennis, UAE, UAE Team Emirates, Valentino Rossi, Warner Bros., World Super Bikes, Youtube, Álvaro Bautista",Stream every moment of the Paris 2024 Olympics only on Max News and coverage from the #1 sports destination and the ...
#AD Paris 2024 vs. L.A. 2028 #paris2024,_GhEAu4ISls,Loic Suberville,UCywGsTdh_qqZUYmA2Gro2CA,,Who's got the best sports? France vs. U.S.A. Thanks to the ⁠‪@Olympics‬ and to ‪@YouTube‬ for sponsoring this video #AD.
CANADA ELIMINATED! 😳 | France vs Canada Basketball Quarter-Final Highlights | #Paris2024 #Olympics,QqtB6Q7JsWU,Eurosport,UClhp9g6TPiqCTOlcw0ROfNg,"Eurosport, Discovery, Snooker, Tennis, Olympics, Cycling, La Vuelta, Sport, Moto GP, World Super Bikes, Mountain Biking, Roger Federer, Novak Djokovic, Rafael Nadal, Carlos Alcarez, Serena Williams, Sepp Kuss, Remco Evenepoel, Jonas Vingegaard, Ronnie O'Sullivan, Warner Bros., Live Sport, Football, Youtube, Soccer, Álvaro Bautista, Valentino Rossi, Mark Cavendish, UAE, Emirates, Primož Roglič, Filippo Ganna, Ineos Grenadiers, UAE Team Emirates, Jumbo-Visma, Soudal-QuickStep, Nike, Adidas",Stream every moment of the Paris 2024 Olympics only on Max News and coverage from the #1 sports destination and the ...
His celebration is everything 🥹❤️ @Khoi_Young #gymnastics #gymnast #sports #olympics #paris2024,-NxBd71-yO8,Ian Gunther,UCU0dlKN6R16DL5KKWq62wNA,,
Algeria&#39;s Imane Khelif wins Olympic boxing gold in Paris 🇩🇿🥇 | #Paris2024 #Olympics,QcGxllHYySc,Eurosport,UClhp9g6TPiqCTOlcw0ROfNg,"Eurosport, Discovery, Snooker, Tennis, Olympics, Cycling, La Vuelta, Sport, Moto GP, World Super Bikes, Mountain Biking, Roger Federer, Novak Djokovic, Rafael Nadal, Carlos Alcarez, Serena Williams, Sepp Kuss, Remco Evenepoel, Jonas Vingegaard, Ronnie O'Sullivan, Warner Bros., Live Sport, Football, Youtube, Soccer, Álvaro Bautista, Valentino Rossi, Mark Cavendish, UAE, Emirates, Primož Roglič, Filippo Ganna, Ineos Grenadiers, UAE Team Emirates, Jumbo-Visma, Soudal-QuickStep, Nike, Adidas",Stream every moment of the Paris 2024 Olympics only on Max News and coverage from the #1 sports destination and the ...
GREAT GAME! | Turkey vs China Women&#39;s Volleyball Quarter-Final | #Paris2024 Highlights | #Olympics,4idSE6XSWp8,Eurosport,UClhp9g6TPiqCTOlcw0ROfNg,"Eurosport, Discovery, Snooker, Tennis, Olympics, Cycling, La Vuelta, Sport, Moto GP, World Super Bikes, Mountain Biking, Roger Federer, Novak Djokovic, Rafael Nadal, Carlos Alcarez, Serena Williams, Sepp Kuss, Remco Evenepoel, Jonas Vingegaard, Ronnie O'Sullivan, Warner Bros., Live Sport, Football, Youtube, Soccer, Álvaro Bautista, Valentino Rossi, Mark Cavendish, UAE, Emirates, Primož Roglič, Filippo Ganna, Ineos Grenadiers, UAE Team Emirates, Jumbo-Visma, Soudal-QuickStep, Nike, Adidas",Stream every moment of the Paris 2024 Olympics only on Max News and coverage from the #1 sports destination and the ...
Paris 2024 has received the Olympic flame! 🇬🇷🔥🇫🇷,LPq-KyrmVAg,Olympics,UCTl3QQTvqHFjurroKxexy2Q,"Olympic Games, Olympic Medal, Olympics, Olympic Sports, Sport, Gold, Silver, Beijing2022, Beijing 2022, Olympic Games 2022, Olympics 2022, токио 2020, Beijing, Winter Olympics, Tokyo 2020, Tokyo 2021, olympic games, olympic games 2022, olympic games 2020, beijing 2022, olympic channel, olympics 2020",Re-watch the full Handover Ceremony on our website: https://oly.ch/WatchLiveSport #OlympicTorchRelay | #Paris2024 | @ ...
THRILLER! 🔥 | Men&#39;s Swimming 100m Backstroke Highlights | #Paris2024 #Olympics,lIRsNfmP83U,Eurosport,UClhp9g6TPiqCTOlcw0ROfNg,"Eurosport, Discovery, Snooker, Tennis, Olympics, Cycling, La Vuelta, Sport, Moto GP, World Super Bikes, Mountain Biking, Roger Federer, Novak Djokovic, Rafael Nadal, Carlos Alcarez, Serena Williams, Sepp Kuss, Remco Evenepoel, Jonas Vingegaard, Ronnie O'Sullivan, Warner Bros., Live Sport, Football, Youtube, Soccer, Álvaro Bautista, Valentino Rossi, Mark Cavendish, UAE, Emirates, Primož Roglič, Filippo Ganna, Ineos Grenadiers, UAE Team Emirates, Jumbo-Visma, Soudal-QuickStep, Nike, Adidas",Stream every moment of the Paris 2024 Olympics only on Max News and coverage from the #1 sports destination and the ...
Arshad Nadeem makes history with a gold medal at Paris 2024! 🥇🇵🇰#Olympics #Paris2024 #Sports,eWFdK0zX5wI,Olympics,UCTl3QQTvqHFjurroKxexy2Q,"Olympic Games, Olympic Medal, Olympics, Olympic Sports, Gold, Silver, Beijing2022, Beijing 2022, Olympic Games 2022, Olympics 2022, Winter Olympics, Tokyo 2020, Tokyo 2021, olympic games, olympic games 2022, olympic games 2020, beijing 2022, olympic channel, olympics 2020, Paris 2024, Paris Olympics, Juegos Olimpicos, Jogos Olimpicos, Olympic, Olympic Games 2024, Olympics 2024, Neeraj Chopra, Simone Biles, Sha'Carri Richardson, Noah Lyles, Hanyu, Paris, Mondo Duplantis",Re-live ALL the incredible #Paris2024 action: ➡️ https://oly.ch/P24Replays. #Paris2024 replays: ...
"Heart of a champion, strength of a mother. Yaylagul Ramazanova redefined limits at Paris 2024. 🎯✨",_YdTpfFNFAM,Olympics,UCTl3QQTvqHFjurroKxexy2Q,,Olympics #Paris2024.
USA Women’s Gymnastics Team Hilariously Celebrate GOLD At Paris Olympics! #parisolympics2024,gNt9Pc5ziDU,Sussan Mourad,UC2zlRguBzBBIpHE0fzfE0iA,,"Suni Lee, Simone Biles & USAWomen's Gymnastics Team Hilariously Celebrate GOLD At Paris Olympics! #parisolympics2024 ..."
Olympic Flag Handover Ceremony: Paris passes the flag to Los Angeles | Paris 2024 Closing Ceremony,n2-twYfq72s,Olympics,UCTl3QQTvqHFjurroKxexy2Q,,"Tom Cruise rappels from the Stade de France roof to help transport the Olympic flag from Paris to Los Angeles, via the streets of ..."
THRILLER! 🔥 | Brazil vs USA Women&#39;s Volleyball Semi-Final Highlights | #Paris2024 #Olympics,fPROAPx3A-Y,Eurosport,UClhp9g6TPiqCTOlcw0ROfNg,"Eurosport, Discovery, Snooker, Tennis, Olympics, Cycling, La Vuelta, Sport, Moto GP, World Super Bikes, Mountain Biking, Roger Federer, Novak Djokovic, Rafael Nadal, Carlos Alcarez, Serena Williams, Sepp Kuss, Remco Evenepoel, Jonas Vingegaard, Ronnie O'Sullivan, Warner Bros., Live Sport, Football, Youtube, Soccer, Álvaro Bautista, Valentino Rossi, Mark Cavendish, UAE, Emirates, Primož Roglič, Filippo Ganna, Ineos Grenadiers, UAE Team Emirates, Jumbo-Visma, Soudal-QuickStep, Nike, Adidas",Stream every moment of the Paris 2024 Olympics only on Max News and coverage from the #1 sports destination and the ...
South Korea wrongly introduced as North Korea at Paris 2024 Olympics. #Paris2024 #Olympics #BBCNews,wuzrrzKZK2k,BBC News,UC16niRr50-MSBwiO3YDb3RA,"bbc, bbc news, news, world news, breaking news, us news, world, america, usa, usa news, india news",
Noah Lyles made it an unforgettable 100m final.😍🥇 #Olympics #Paris2024,TIaBi6DOyq4,Olympics,UCTl3QQTvqHFjurroKxexy2Q,"Olympic Games, Olympic Medal, Olympics, Olympic Sports, Gold, Silver, Beijing2022, Beijing 2022, Olympic Games 2022, Olympics 2022, Winter Olympics, Tokyo 2020, Tokyo 2021, olympic games, olympic games 2022, olympic games 2020, beijing 2022, olympic channel, olympics 2020, Paris 2024, Paris Olympics, Juegos Olimpicos, Jogos Olimpicos, Olympic, Olympic Games 2024, Olympics 2024, Neeraj Chopra, Simone Biles, Sha'Carri Richardson, Noah Lyles, Hanyu, Paris, Mondo Duplantis",Want to watch live sport and original documentaries for free? Check out our website: https://oly.ch/WatchLiveSport
SPEED KILLS! 🥇💨 | Athletics Paris 2024 Day 8 Highlights | #Paris2024 #Olympics,ENz3cWPQP-A,Eurosport,UClhp9g6TPiqCTOlcw0ROfNg,"Eurosport, Discovery, Snooker, Tennis, Olympics, Cycling, La Vuelta, Sport, Moto GP, World Super Bikes, Mountain Biking, Roger Federer, Novak Djokovic, Rafael Nadal, Carlos Alcarez, Serena Williams, Sepp Kuss, Remco Evenepoel, Jonas Vingegaard, Ronnie O'Sullivan, Warner Bros., Live Sport, Football, Youtube, Soccer, Álvaro Bautista, Valentino Rossi, Mark Cavendish, UAE, Emirates, Primož Roglič, Filippo Ganna, Ineos Grenadiers, UAE Team Emirates, Jumbo-Visma, Soudal-QuickStep, Nike, Adidas",Stream every moment of the Paris 2024 Olympics only on Max News and coverage from the #1 sports destination and the ...
WHAT A GAME! 😮‍💨 | Italy vs Japan - Men&#39;s Olympic Volleyball Quarter-Final | Paris 2024 Olympics,XjxWQho0vn0,Eurosport,UClhp9g6TPiqCTOlcw0ROfNg,"Eurosport, Discovery, Snooker, Tennis, Olympics, Cycling, La Vuelta, Sport, Moto GP, World Super Bikes, Mountain Biking, Roger Federer, Novak Djokovic, Rafael Nadal, Carlos Alcarez, Serena Williams, Sepp Kuss, Remco Evenepoel, Jonas Vingegaard, Ronnie O'Sullivan, Warner Bros., Live Sport, Football, Youtube, Soccer, Álvaro Bautista, Valentino Rossi, Mark Cavendish, UAE, Emirates, Primož Roglič, Filippo Ganna, Ineos Grenadiers, UAE Team Emirates, Jumbo-Visma, Soudal-QuickStep, Nike, Adidas",Stream every moment of the Paris 2024 Olympics only on Max News and coverage from the #1 sports destination and the ...
Italy vs Brazil - Volleyball Preliminary Round Highlights | Paris 2024 Olympics | #Paris2024,orxfe-uLod8,Eurosport,UClhp9g6TPiqCTOlcw0ROfNg,"Eurosport, Discovery, Snooker, Tennis, Olympics, Cycling, La Vuelta, Sport, Moto GP, World Super Bikes, Mountain Biking, Roger Federer, Novak Djokovic, Rafael Nadal, Carlos Alcarez, Serena Williams, Sepp Kuss, Remco Evenepoel, Jonas Vingegaard, Ronnie O'Sullivan, Warner Bros., Live Sport, Football, Youtube, Soccer, Álvaro Bautista, Valentino Rossi, Mark Cavendish, UAE, Emirates, Primož Roglič, Filippo Ganna, Ineos Grenadiers, UAE Team Emirates, Jumbo-Visma, Soudal-QuickStep, Nike, Adidas",Stream every moment of the Paris 2024 Olympics only on Max News and coverage from the #1 sports destination and the ...
Viktor Axelsen defends Olympic men&#39;s badminton singles title 🏸 | Paris 2024 highlights,yzU0WngfJCU,Olympics,UCTl3QQTvqHFjurroKxexy2Q,"Olympics, Olympics 2024, Olympic Games, Olympic Summer Games, Olympic Games Paris, Paris 2024, Olympic Games Paris 2024","Re-live ALL the incredible #Paris2024 action: ➡️ https://oly.ch/P24Replays Denmark's Viktor Axelsen defended his Olympic title, ..."
Olympians’ grip strength test! 💪 #olympics #olympians #strength #sports #paris2024 #gripstrength,H-L3WT6b79A,Ian Gunther,UCU0dlKN6R16DL5KKWq62wNA,,
"Beyonce introduces Team USA, from Simone Biles to Noah Lyles | Paris Olympics | NBC Sports",wa7HpWw7DEk,NBC Sports,UCqZQlzSHbVJrwrn5XvzrzcA,"olympics, nbc olympics, paris 2024, paris olympics, team usa, nbc sports, summer olympics, olympic highlights, olympic highlights today, olympics 2024, paris olympics 2024, 2024 olympics, paris olympics 2024 live, olympics 2024 paris, beyonce, beyonce paris olympics, paris olympics beyonce, opening ceremony, beyonce olympics, beyonce paris olympics 2024, opening ceremony 2024 paris olympics, beyonce team usa, noah lyles, simone biles, katie ledecky, sha'carri richardson",Beyonce presents the athletes of Team USA in “Cowboy Carter” fashion ahead of the 2024 Paris Olympic Games. #NBCSports ...
"🥹 Elle est là, l’image du jour #paris2024 #olympics #olympics2024 #bmx #or",xCCDhMuWUnk,Eurosport France,UCozt5iXNqmhU1I7tcjJ0UFQ,"Eurosport, Jeux Olympiques, JO 2024, JO Paris, Jeux Olympiques Paris, JO paris 2024, Olympic games, Olympic Games 2024, Paris 2024, Olympic Games Paris, cérémonie ouverture paris 2024, jeux olympiques programme, jeux olympiques calendrier, calendrier JO, programme JO, JO diffusion TV, JO Max, JO France TV, JO direct, tableau médailles JO, paris 2024 programme",Abonnez-vous à notre chaîne https://bit.ly/3OetlmT Suivez les meilleurs événements sur Eurosport via la plateforme de ...
Top 5 Olympics Marketing Stunts 🤑 #paris2024,BpWDRoQEG7o,Max Klymenko,UCisy6taOAeLfyaCqcMQDfig,,
AMAZING! 🤩 Carlos Yulo WINS Men&#39;s Vault Final 🇵🇭 #Paris2024 #Olympics,iE8Yh8ovG2E,Eurosport,UClhp9g6TPiqCTOlcw0ROfNg,"Adidas, Carlos Alcarez, Cycling, Discovery, Emirates, Eurosport, Filippo Ganna, Football, Ineos Grenadiers, Jonas Vingegaard, Jumbo-Visma, La Vuelta, Live Sport, Mark Cavendish, Moto GP, Mountain Biking, Nike, Novak Djokovic, Olympics, Primož Roglič, Rafael Nadal, Remco Evenepoel, Roger Federer, Ronnie O'Sullivan, Sepp Kuss, Serena Williams, Snooker, Soccer, Soudal-QuickStep, Sport, Tennis, UAE, UAE Team Emirates, Valentino Rossi, Warner Bros., World Super Bikes, Youtube, Álvaro Bautista",Stream every moment of the Paris 2024 Olympics only on Max News and coverage from the #1 sports destination and the ...
Novak Djokovic&#39;s Journey to Olympic Champion 🥹 #Paris2024,m72sv1Dt4Rc,Olympics,UCTl3QQTvqHFjurroKxexy2Q,,Watch all the #Paris2024 action LIVE! ➡️ https://oly.ch/3LTT8Sg. #Beijing2022: https://oly.ch/B22Replays ...
Chinese player HAMMERS hockey ball RECKLESSLY into Belgian player 🤕 | #Paris2024 #Olympics,zssw8yXON1Y,Eurosport,UClhp9g6TPiqCTOlcw0ROfNg,"Eurosport, Discovery, Snooker, Tennis, Olympics, Cycling, La Vuelta, Sport, Moto GP, World Super Bikes, Mountain Biking, Roger Federer, Novak Djokovic, Rafael Nadal, Carlos Alcarez, Serena Williams, Sepp Kuss, Remco Evenepoel, Jonas Vingegaard, Ronnie O'Sullivan, Warner Bros., Live Sport, Football, Youtube, Soccer, Álvaro Bautista, Valentino Rossi, Mark Cavendish, UAE, Emirates, Primož Roglič, Filippo Ganna, Ineos Grenadiers, UAE Team Emirates, Jumbo-Visma, Soudal-QuickStep, Nike, Adidas",Stream every moment of the Paris 2024 Olympics only on Max News and coverage from the #1 sports destination and the ...
Olympic and World Records Fall! | Swimming Day 5 | #Paris2024 Highlights,Sc7_qr0hWFM,Olympics Aquatics,UCyu7apf_VsBIOOcu53hhgcA,,Re-live ALL the incredible #Paris2024 action: ➡️ https://oly.ch/4fiNXsr The night records fell! Leon Marchand won both the 200m ...
BACK TO BACK Olympic Golds For Tom Pidcock 🇬🇧 🥇 | Men&#39;s Cross-Country | #Paris2024 #Olympics,pAspb90jDZ4,Eurosport Cycling,UCfDfvvMARk4TKcC62ALi6eA,"Eurosport, Discovery, Olympics, Cycling, La Vuelta, Sport, Sepp Kuss, Remco Evenepoel, Jonas Vingegaard, Warner Bros., Live Sport, Youtube, Mark Cavendish, UAE, Emirates, Primož Roglič, Filippo Ganna, Ineos Grenadiers, UAE Team Emirates, Jumbo-Visma, Soudal-QuickStep, Cyclocross, Tour de France, Lance Armstrong, Tadej Pogacar, Wout Van Aert, Mathieu Van Der Poel, Julian Alaphillipe, Tom Pidcock, Egan Bernal, Eurosport Cycling, British Cycling, Olympics 2024, Paris 2024",Stream every moment of the Paris 2024 Olympics only on Max News and coverage from the #1 sports destination and the ...
Italy beat Serbia to go one win away from first Olympic medal 🇮🇹 | Women&#39;s Volleyball | #Paris2024,3n0790E8qTI,Eurosport,UClhp9g6TPiqCTOlcw0ROfNg,"Eurosport, Discovery, Snooker, Tennis, Olympics, Cycling, La Vuelta, Sport, Moto GP, World Super Bikes, Mountain Biking, Roger Federer, Novak Djokovic, Rafael Nadal, Carlos Alcarez, Serena Williams, Sepp Kuss, Remco Evenepoel, Jonas Vingegaard, Ronnie O'Sullivan, Warner Bros., Live Sport, Football, Youtube, Soccer, Álvaro Bautista, Valentino Rossi, Mark Cavendish, UAE, Emirates, Primož Roglič, Filippo Ganna, Ineos Grenadiers, UAE Team Emirates, Jumbo-Visma, Soudal-QuickStep, Nike, Adidas",Stream every moment of the Paris 2024 Olympics only on Max News and coverage from the #1 sports destination and the ...
Breaking has arrived to the Olympics and is delivering the ultimate ✨icon✨ #paris2024,SvGMSrYcsjk,Eurosport,UClhp9g6TPiqCTOlcw0ROfNg,"Eurosport, Discovery, Snooker, Tennis, Olympics, Cycling, La Vuelta, Sport, Moto GP, World Super Bikes, Mountain Biking, Roger Federer, Novak Djokovic, Rafael Nadal, Carlos Alcarez, Serena Williams, Sepp Kuss, Remco Evenepoel, Jonas Vingegaard, Ronnie O'Sullivan, Warner Bros., Live Sport, Football, Youtube, Soccer, Álvaro Bautista, Valentino Rossi, Mark Cavendish, UAE, Emirates, Primož Roglič, Filippo Ganna, Ineos Grenadiers, UAE Team Emirates, Jumbo-Visma, Soudal-QuickStep, Nike, Adidas",Stream every moment of the Paris 2024 Olympics only on Max News and coverage from the #1 sports destination and the ...
He did this at the Olympics. 😮,AwgDhsT-FH0,Olympics Gymnastics,UC_kdjhHnkUbSImMrezjRyDQ,"Tokyo2020, Tokyo 2020, Olympic Games 2020, Olympic Summer Games 2020, Olympics 2020, Olympics 2021, Tokyo 2021, Olympic Games 2021, Olympic Games, Olympic Channel, Olympic Medal, Olympics, IOC, Sport, Champion, Olympic Sports, الجمباز الفني, 竞技体操, Gymnastique, artistique, Turnsport, Kunstturnen, Ginnastica, Artistica, 体操競技, 체조, Спортивная, гимнастика, Gimnasia artística, Gymnastics, Artistic, simone biles, simone biles olympics, simone biles gymnastics","Subscribe to @OlympicsGymnastics: https://oly.ch/SubscribeGym Yes, Danell Leyva gave the audience at Rio 2016 a show at the ..."
"Gymnast Stephen Nedoroscik, aka the Clark Kent of #Paris2024 – very demure, very mindful 😎",0Cz1VuDeTKk,Olympics,UCTl3QQTvqHFjurroKxexy2Q,,
"😠 Comment régler des conflits, à la sauce Jeux Olympiques ? #paris2024 #olympics #olympics2024",r070jOrMm3I,Eurosport France,UCozt5iXNqmhU1I7tcjJ0UFQ,"Eurosport, Jeux Olympiques, JO 2024, JO Paris, Jeux Olympiques Paris, JO paris 2024, Olympic games, Olympic Games 2024, Paris 2024, Olympic Games Paris, cérémonie ouverture paris 2024, jeux olympiques programme, jeux olympiques calendrier, calendrier JO, programme JO, JO diffusion TV, JO Max, JO France TV, JO direct, tableau médailles JO, paris 2024 programme",Abonnez-vous à notre chaîne https://bit.ly/3OetlmT Suivez les meilleurs événements sur Eurosport via la plateforme de ...
Fans Express Disappointment Australian Breakdancer &#39;Raygun&#39; After Tough Olympic Debut #paris2024,n4r6cG-tA4I,Mix News,UCihF12-7bUjFQXjy0ERFPAw,"Fans, Express, Disappointment, Breakdancer, Raygun, Olympic, Debut, Paris2024","Fans weren't quite sure what to expect in the debut of Olympic breaking, but the Internet certainly wasn't expecting the moves that ..."
Simone Biles is incredible 👏 #olympics #olympic #simonebiles #simone #sports #paris2024 #gymnastics,Uj5fyQKcAUY,Ian Gunther,UCU0dlKN6R16DL5KKWq62wNA,,
Painful scenes for Italy’s Angela Carini 🇮🇹 #Paris2024 #olympics,DLPRpsDKvnc,Eurosport,UClhp9g6TPiqCTOlcw0ROfNg,"Eurosport, Discovery, Snooker, Tennis, Olympics, Cycling, La Vuelta, Sport, Moto GP, World Super Bikes, Mountain Biking, Roger Federer, Novak Djokovic, Rafael Nadal, Carlos Alcarez, Serena Williams, Sepp Kuss, Remco Evenepoel, Jonas Vingegaard, Ronnie O'Sullivan, Warner Bros., Live Sport, Football, Youtube, Soccer, Álvaro Bautista, Valentino Rossi, Mark Cavendish, UAE, Emirates, Primož Roglič, Filippo Ganna, Ineos Grenadiers, UAE Team Emirates, Jumbo-Visma, Soudal-QuickStep, Nike, Adidas",Stream every moment of the Paris 2024 Olympics only on discovery+ in the UK News and coverage from the #1 sports ...
Olympics Paris 2024 iconic moments,pklgxK92l7U,Betches,UCAHfwjxUQsxPuWLNH0GX6xw,betches,olympics #olympic #paris #parisolympics2024 #paris #paris2024 #athlete #athletes #athletics #athletics #sports #sport #iconic ...
Simone Biles Hilariously Celebrates Winning GOLD At Paris Olympics! #parisolympics2024,zET5u1S1pWM,Sussan Mourad,UC2zlRguBzBBIpHE0fzfE0iA,,Simone Biles Hilariously Celebrates Winning GOLD At Paris Olympics Women's Gymnastics Final in new TikTok!
It’s magic when the world comes together at the Olympic Games. 🇪🇸🇨🇳  #CocaColaParis2024 @Coca-Cola,yVP4YgaBsT4,Olympics,UCTl3QQTvqHFjurroKxexy2Q,,Reigning Olympic champion Carolina Marin suffered a serious knee injury in her women's Badminton semi final match against He ...
Rhys McClenaghan claims gold on the pommel horse at #Paris2024 Olympics! 🥇,XJK6YDTcAjE,Olympics,UCTl3QQTvqHFjurroKxexy2Q,"Olympic Games, Olympic Medal, Olympics, Olympic Sports, Gold, Silver, Beijing2022, Beijing 2022, Olympic Games 2022, Olympics 2022, Winter Olympics, Tokyo 2020, Tokyo 2021, olympic games, olympic games 2022, olympic games 2020, beijing 2022, olympic channel, olympics 2020, Paris 2024, Paris Olympics, Juegos Olimpicos, Jogos Olimpicos, Olympic, Olympic Games 2024, Olympics 2024, Neeraj Chopra, Simone Biles, Sha'Carri Richardson, Noah Lyles, Hanyu, Paris, Mondo Duplantis",Re-live ALL the incredible #Paris2024 action: ➡️ https://oly.ch/P24Replays. #Paris2024 replays: ...
Olympic Record for Marileidy Paulino! 🇩🇴 #Paris2024,obWcfHYfKeA,Olympics,UCTl3QQTvqHFjurroKxexy2Q,,Watch all the #Paris2024 action LIVE! ➡️ https://oly.ch/3yFZpOg #Olympics #Paris2024 #Olympics2024. Latest #Paris2024 ...
Vinesh Phogat mam Thanks for making india proud #paris2024 #olympics #wrestling #gold #vineshphogat,HR7-K0nG3x4,Sfailure Editz,UC1Yny3o49-_IEFgYXAXXq0w,,
"✨ La star des JO, c&#39;est lui ! #paris2024 #olympics #olympics2024",0tlF_hENnho,Eurosport France,UCozt5iXNqmhU1I7tcjJ0UFQ,"Eurosport, Jeux Olympiques, JO 2024, JO Paris, Jeux Olympiques Paris, JO paris 2024, Olympic games, Olympic Games 2024, Paris 2024, Olympic Games Paris, cérémonie ouverture paris 2024, jeux olympiques programme, jeux olympiques calendrier, calendrier JO, programme JO, JO diffusion TV, JO Max, JO France TV, JO direct, tableau médailles JO, paris 2024 programme",Abonnez-vous à notre chaîne https://bit.ly/3OetlmT Suivez les meilleurs événements sur Eurosport via la plateforme de ...
‘𝑻𝒉𝒆 𝑫𝒊𝒌𝒆𝒄’ 😎 Best Celebration Ever? 👀 #olympics #paris2024,dVayGhKRssA,Eurosport,UClhp9g6TPiqCTOlcw0ROfNg,"Eurosport, Discovery, Snooker, Tennis, Olympics, Cycling, La Vuelta, Sport, Moto GP, World Super Bikes, Mountain Biking, Roger Federer, Novak Djokovic, Rafael Nadal, Carlos Alcarez, Serena Williams, Sepp Kuss, Remco Evenepoel, Jonas Vingegaard, Ronnie O'Sullivan, Warner Bros., Live Sport, Football, Youtube, Soccer, Álvaro Bautista, Valentino Rossi, Mark Cavendish, UAE, Emirates, Primož Roglič, Filippo Ganna, Ineos Grenadiers, UAE Team Emirates, Jumbo-Visma, Soudal-QuickStep, Nike, Adidas","News and coverage from the #1 sports destination and the #HomeofOlympics in Europe. Watch Eurosport anytime, anywhere via: ..."
MADISON MADNESS | Thrilling Finale To Women&#39;s Madison | #Paris2024 #Olympics,PShoJ76n8P4,Eurosport Cycling,UCfDfvvMARk4TKcC62ALi6eA,"Eurosport, Discovery, Olympics, Cycling, La Vuelta, Sport, Sepp Kuss, Remco Evenepoel, Jonas Vingegaard, Warner Bros., Live Sport, Youtube, Mark Cavendish, UAE, Emirates, Primož Roglič, Filippo Ganna, Ineos Grenadiers, UAE Team Emirates, Jumbo-Visma, Soudal-QuickStep, Cyclocross, Tour de France, Lance Armstrong, Tadej Pogacar, Wout Van Aert, Mathieu Van Der Poel, Julian Alaphillipe, Tom Pidcock, Egan Bernal, Eurosport Cycling, British Cycling, Olympics 2024, Paris 2024",Stream every moment of the Paris 2024 Olympics only on Max News and coverage from the #1 sports destination and the ...
Tiny dreamers turned Olympians.❤️🥹 #Olympics #Paris2024,0LyXC7iOKE0,Olympics,UCTl3QQTvqHFjurroKxexy2Q,"Olympic Games, Olympic Medal, Olympics, Olympic Sports, Gold, Silver, Beijing2022, Beijing 2022, Olympic Games 2022, Olympics 2022, Winter Olympics, Tokyo 2020, Tokyo 2021, olympic games, olympic games 2022, olympic games 2020, beijing 2022, olympic channel, olympics 2020, Paris 2024, Paris Olympics, Juegos Olimpicos, Jogos Olimpicos, Olympic, Olympic Games 2024, Olympics 2024, Neeraj Chopra, Simone Biles, Sha'Carri Richardson, Noah Lyles, Hanyu, Paris, Mondo Duplantis",Want to watch live sport and original documentaries for free? Check out our website: https://oly.ch/WatchLiveSport
THRILLER! 🔥 | Brazil vs USA Women&#39;s Volleyball Semi-Final Highlights | #Paris2024 #Olympics,fPROAPx3A-Y,Eurosport,UClhp9g6TPiqCTOlcw0ROfNg,"Eurosport, Discovery, Snooker, Tennis, Olympics, Cycling, La Vuelta, Sport, Moto GP, World Super Bikes, Mountain Biking, Roger Federer, Novak Djokovic, Rafael Nadal, Carlos Alcarez, Serena Williams, Sepp Kuss, Remco Evenepoel, Jonas Vingegaard, Ronnie O'Sullivan, Warner Bros., Live Sport, Football, Youtube, Soccer, Álvaro Bautista, Valentino Rossi, Mark Cavendish, UAE, Emirates, Primož Roglič, Filippo Ganna, Ineos Grenadiers, UAE Team Emirates, Jumbo-Visma, Soudal-QuickStep, Nike, Adidas",Stream every moment of the Paris 2024 Olympics only on Max News and coverage from the #1 sports destination and the ...
Paris 2024 Opening Ceremony #paris2024 #olympics #openingceremony,n3laasPlnps,TFC Stadiums,UCHRPio4-pHW3HtjQYpzS40w,"olympic games, paris olympics, paris 2024, Paris 2024 Olympics Stadiums, paris 2024 stadiums, paris 2024 venues, paris, stadium, stadiums, stade, soccer, paris 2024 stadium, olympics 2024 stadiums, olympics 2024 football, olympic stadium, olympic stadiums, stadia, france, olympic stadium paris 2024, 2024 olympics venue, olympics, paris 2024 shorts, olympics shorts, paris 2024 opening, paris 2024 opening ceremony, opening ceremony, olympics 2024 opening ceremony, olympic ceremony, tfc",https://youtu.be/dtJSmBflvLk ➡️ Order you jersey here and get 5$ coupon https://www.socceratoz.co/?tracking=TFC and when at ...
🇫🇷 Les larmes d&#39;Alexis Lebrun après son élimination #paris2024 #olympics #olympics2024 #sports,EN4CW1ggLsc,Eurosport France,UCozt5iXNqmhU1I7tcjJ0UFQ,"Eurosport, Jeux Olympiques, JO 2024, JO Paris, Jeux Olympiques Paris, JO paris 2024, Olympic games, Olympic Games 2024, Paris 2024, Olympic Games Paris, cérémonie ouverture paris 2024, jeux olympiques programme, jeux olympiques calendrier, calendrier JO, programme JO, JO diffusion TV, JO Max, JO France TV, JO direct, tableau médailles JO, paris 2024 programme",Abonnez-vous à notre chaîne https://bit.ly/3OetlmT Suivez les meilleurs événements sur Eurosport via la plateforme de ...
200m MEN OLYMPIC FINAL 🚀🔥 WHAT A RACE 😱 #olympics #paris2024 #trackandfield,emZDytzNtdo,The Fashion Jogger,UC6khvHxqs_5VySwJ6amtG8Q,,
Unique celebration for an Olympic medal! 🕺😆 #Paris2024,vsA6CCOUZ7o,Eurosport,UClhp9g6TPiqCTOlcw0ROfNg,"Eurosport, Discovery, Snooker, Tennis, Olympics, Cycling, La Vuelta, Sport, Moto GP, World Super Bikes, Mountain Biking, Roger Federer, Novak Djokovic, Rafael Nadal, Carlos Alcarez, Serena Williams, Sepp Kuss, Remco Evenepoel, Jonas Vingegaard, Ronnie O'Sullivan, Warner Bros., Live Sport, Football, Youtube, Soccer, Álvaro Bautista, Valentino Rossi, Mark Cavendish, UAE, Emirates, Primož Roglič, Filippo Ganna, Ineos Grenadiers, UAE Team Emirates, Jumbo-Visma, Soudal-QuickStep, Nike, Adidas",Stream every moment of the Paris 2024 Olympics only on Max News and coverage from the #1 sports destination and the ...
Sha&#39;Carri Richardson&#39;s Olympic Debut! #Paris2024,35vSVEK6CfE,Olympics,UCTl3QQTvqHFjurroKxexy2Q,,
The moment Sifan Hassan capped off a remarkable Olympics to take gold in the women’s marathon 😲👏,ga7J87VSW6k,Eurosport,UClhp9g6TPiqCTOlcw0ROfNg,"Eurosport, Discovery, Snooker, Tennis, Olympics, Cycling, La Vuelta, Sport, Moto GP, World Super Bikes, Mountain Biking, Roger Federer, Novak Djokovic, Rafael Nadal, Carlos Alcarez, Serena Williams, Sepp Kuss, Remco Evenepoel, Jonas Vingegaard, Ronnie O'Sullivan, Warner Bros., Live Sport, Football, Youtube, Soccer, Álvaro Bautista, Valentino Rossi, Mark Cavendish, UAE, Emirates, Primož Roglič, Filippo Ganna, Ineos Grenadiers, UAE Team Emirates, Jumbo-Visma, Soudal-QuickStep, Nike, Adidas",Stream every moment of the Paris 2024 Olympics only on Max News and coverage from the #1 sports destination and the ...
BIG WIN! 🔥 | Italy vs Poland - Volleyball Preliminary Round Highlights | #Paris2024 #Olympics,rYhJe6VpwFg,Eurosport,UClhp9g6TPiqCTOlcw0ROfNg,"Eurosport, Discovery, Snooker, Tennis, Olympics, Cycling, La Vuelta, Sport, Moto GP, World Super Bikes, Mountain Biking, Roger Federer, Novak Djokovic, Rafael Nadal, Carlos Alcarez, Serena Williams, Sepp Kuss, Remco Evenepoel, Jonas Vingegaard, Ronnie O'Sullivan, Warner Bros., Live Sport, Football, Youtube, Soccer, Álvaro Bautista, Valentino Rossi, Mark Cavendish, UAE, Emirates, Primož Roglič, Filippo Ganna, Ineos Grenadiers, UAE Team Emirates, Jumbo-Visma, Soudal-QuickStep, Nike, Adidas",Stream every moment of the Paris 2024 Olympics only on Max News and coverage from the #1 sports destination and the ...
"6.5 months pregnant. Yaylagul Ramazanova, you are inspirational ❤️👏  #olympics #paris2024",UHPAPkcAlqM,Eurosport,UClhp9g6TPiqCTOlcw0ROfNg,"Eurosport, Discovery, Snooker, Tennis, Olympics, Cycling, La Vuelta, Sport, Moto GP, World Super Bikes, Mountain Biking, Roger Federer, Novak Djokovic, Rafael Nadal, Carlos Alcarez, Serena Williams, Sepp Kuss, Remco Evenepoel, Jonas Vingegaard, Ronnie O'Sullivan, Warner Bros., Live Sport, Football, Youtube, Soccer, Álvaro Bautista, Valentino Rossi, Mark Cavendish, UAE, Emirates, Primož Roglič, Filippo Ganna, Ineos Grenadiers, UAE Team Emirates, Jumbo-Visma, Soudal-QuickStep, Nike, Adidas",Stream every moment of the Paris 2024 Olympics only on Max News and coverage from the #1 sports destination and the ...
Saving the Olympics one cap at a time! 🥹 #Olympics #Paris2024 #Sports,P_HNGzBnJU4,Olympics,UCTl3QQTvqHFjurroKxexy2Q,"Olympic Games, Olympic Medal, Olympics, Olympic Sports, Gold, Silver, Beijing2022, Beijing 2022, Olympic Games 2022, Olympics 2022, Winter Olympics, Tokyo 2020, Tokyo 2021, olympic games, olympic games 2022, olympic games 2020, beijing 2022, olympic channel, olympics 2020, Paris 2024, Paris Olympics, Juegos Olimpicos, Jogos Olimpicos, Olympic, Olympic Games 2024, Olympics 2024, Neeraj Chopra, Simone Biles, Sha'Carri Richardson, Noah Lyles, Hanyu, Paris, Mondo Duplantis",Re-live ALL the incredible #Paris2024 action: ➡️ https://oly.ch/P24Replays. #Paris2024 replays: ...
It’s magic when the world comes together at the Olympic Games.#CocaColaParis2024 #Paris2024,TCcBdLIuU7k,Olympics,UCTl3QQTvqHFjurroKxexy2Q,"Olympic Games, Olympic Medal, Olympics, Olympic Sports, Gold, Silver, Beijing2022, Beijing 2022, Olympic Games 2022, Olympics 2022, Winter Olympics, Tokyo 2020, Tokyo 2021, olympic games, olympic games 2022, olympic games 2020, beijing 2022, olympic channel, olympics 2020, Paris 2024, Paris Olympics, Juegos Olimpicos, Jogos Olimpicos, Olympic, Olympic Games 2024, Olympics 2024, Neeraj Chopra, Simone Biles, Sha'Carri Richardson, Noah Lyles, Hanyu, Paris, Mondo Duplantis",Re-live ALL the incredible #Paris2024 action: ➡️ https://oly.ch/P24Replays. #Paris2024 replays: ...
INCREDIBLE MATCH! 🙌 USA vs Poland - Women&#39;s Olympic Volleyball Quarter-Final | #Paris2024 #Olympics,CO4sKL3uFMA,Eurosport,UClhp9g6TPiqCTOlcw0ROfNg,"Eurosport, Discovery, Snooker, Tennis, Olympics, Cycling, La Vuelta, Sport, Moto GP, World Super Bikes, Mountain Biking, Roger Federer, Novak Djokovic, Rafael Nadal, Carlos Alcarez, Serena Williams, Sepp Kuss, Remco Evenepoel, Jonas Vingegaard, Ronnie O'Sullivan, Warner Bros., Live Sport, Football, Youtube, Soccer, Álvaro Bautista, Valentino Rossi, Mark Cavendish, UAE, Emirates, Primož Roglič, Filippo Ganna, Ineos Grenadiers, UAE Team Emirates, Jumbo-Visma, Soudal-QuickStep, Nike, Adidas",Stream every moment of the Paris 2024 Olympics only on Max News and coverage from the #1 sports destination and the ...
How to Win the Olympics 💅🥇 #shorts,-Pb8vOxYL0U,The Style Theorists,UCd4t3EEUy0LUOM4MTdjpNHA,"Olympics, olympics 2024, 2024 olympics, summer olympics, track, track and field, field, swimming, shacarri richardson, michael phelps, olympic sports, paris, paris 2024, paris olympics, 2024 summer olympics, nail, nails, nail art, nail design, acrylic nails, butterfly swimming, freestyle swimming, gold medal, silver medal, shacarri richardson silver, shacarri richardson gold medal, style theory, style theorists, olympics usa, usa olympics, usa gold medals, shacarri olympics","USA's Sha'Carri Richardson is an icon for her speed AND her fabulous nails, but could those nails actually have helped carry her ..."
🥲 Malgré sa défaite il nous a fait rêver !! #paris2024 #olympics #olympics2024,GjiNiMDNE5U,Eurosport France,UCozt5iXNqmhU1I7tcjJ0UFQ,"Eurosport, Jeux Olympiques, JO 2024, JO Paris, Jeux Olympiques Paris, JO paris 2024, Olympic games, Olympic Games 2024, Paris 2024, Olympic Games Paris, cérémonie ouverture paris 2024, jeux olympiques programme, jeux olympiques calendrier, calendrier JO, programme JO, JO diffusion TV, JO Max, JO France TV, JO direct, tableau médailles JO, paris 2024 programme",Abonnez-vous à notre chaîne https://bit.ly/3OetlmT Suivez les meilleurs événements sur Eurosport via la plateforme de ...
Suni Lee &amp; Jordan Chiles CELEBRATE Paris Olympics Wins! 🏆 #parisolympics2024,onCbNKC5jqI,Sussan Mourad,UC2zlRguBzBBIpHE0fzfE0iA,,Suni Lee and Jordan Chiles celebrate Paris Olympics wins dancing to Megan Thee Stallion in new TikTok #parisolympics2024 ...
400M THRILLER! 🥇 | Athletics Paris 2024 Day 6 Highlights | #Paris2024 #Olympics,SsB3HzoIsKw,Eurosport,UClhp9g6TPiqCTOlcw0ROfNg,"Eurosport, Discovery, Snooker, Tennis, Olympics, Cycling, La Vuelta, Sport, Moto GP, World Super Bikes, Mountain Biking, Roger Federer, Novak Djokovic, Rafael Nadal, Carlos Alcarez, Serena Williams, Sepp Kuss, Remco Evenepoel, Jonas Vingegaard, Ronnie O'Sullivan, Warner Bros., Live Sport, Football, Youtube, Soccer, Álvaro Bautista, Valentino Rossi, Mark Cavendish, UAE, Emirates, Primož Roglič, Filippo Ganna, Ineos Grenadiers, UAE Team Emirates, Jumbo-Visma, Soudal-QuickStep, Nike, Adidas",Stream every moment of the Paris 2024 Olympics only on Max News and coverage from the #1 sports destination and the ...
Le grand jeu bien cool des athlètes pendant les JO #paris2024 #olympics #olympics2024,TLKKRsPR94U,L'ÉQUIPE,UCyIV8rkza5Uk_sJIhqilBvQ,"Sport, actualités, actualités sport, L’équipe, La chaîne l’équipe, l ‘équipe en direct, l’équipe du soir, l’équipe 21, l'équipe du soir replay, rmc sport, Eurosport, foot mercato, actu foot, canal+sport",Ne ratez rien de l'actualité sportive http://ow.ly/5etn30qnKgp Abonnez-vous à l'offre numérique http://ow.ly/wjz230qqgaU ...
Why are Indian athletes switching to rajma chawal in the #Olympics village… #Paris2024,OBt34myQWZE,Brut India,UCCgQaXjsJ6EdFPZeTFQoSyw,,
#SerenaWilliams raves over GOAT Simone Biles! #olympics,AppCB2EFiD0,Access Hollywood,UCiKGMZZmZXK-RpbKJGXgH3Q,"serena williams, olympics 2024, olympics, 2024 paris olympics, paris olympics, serena williams vogue, venus williams, 2024 olympics, serena williams 2022, serena williams tennis, olympic games 2022, serena williams (tennis player), olympic games, serena williams 2024, serena williams interview, serena williams vogue world, team usa paris olympics 2024, serena williams and olympia, serena and olympia williams, caitlin clark olympics paris 2024",SerenaWilliams #olympics #paris2024.
What. A. Race. 🤯 Noah Lyles is the new 100m Olympic Champion!,B0BX7SOTivY,Olympics,UCTl3QQTvqHFjurroKxexy2Q,,Want to watch live sport and original documentaries for free? Check out our website: https://oly.ch/WatchLiveSport #Paris2024 # ...
ELECTRIC ENDING! 🔥 | Men&#39;s 4x100m Final Highlights | #Paris2024 #Olympics,R8ytlI2ohS4,Eurosport,UClhp9g6TPiqCTOlcw0ROfNg,"Eurosport, Discovery, Snooker, Tennis, Olympics, Cycling, La Vuelta, Sport, Moto GP, World Super Bikes, Mountain Biking, Roger Federer, Novak Djokovic, Rafael Nadal, Carlos Alcarez, Serena Williams, Sepp Kuss, Remco Evenepoel, Jonas Vingegaard, Ronnie O'Sullivan, Warner Bros., Live Sport, Football, Youtube, Soccer, Álvaro Bautista, Valentino Rossi, Mark Cavendish, UAE, Emirates, Primož Roglič, Filippo Ganna, Ineos Grenadiers, UAE Team Emirates, Jumbo-Visma, Soudal-QuickStep, Nike, Adidas",Stream every moment of the Paris 2024 Olympics only on Max News and coverage from the #1 sports destination and the ...
BATTLING WIN! 💪 | Belgium vs USA | Women&#39;s Basketball | Paris 2024 Olympics | #Paris2024,H3de-HXouDQ,Eurosport,UClhp9g6TPiqCTOlcw0ROfNg,"Eurosport, Discovery, Snooker, Tennis, Olympics, Cycling, La Vuelta, Sport, Moto GP, World Super Bikes, Mountain Biking, Roger Federer, Novak Djokovic, Rafael Nadal, Carlos Alcarez, Serena Williams, Sepp Kuss, Remco Evenepoel, Jonas Vingegaard, Ronnie O'Sullivan, Warner Bros., Live Sport, Football, Youtube, Soccer, Álvaro Bautista, Valentino Rossi, Mark Cavendish, UAE, Emirates, Primož Roglič, Filippo Ganna, Ineos Grenadiers, UAE Team Emirates, Jumbo-Visma, Soudal-QuickStep, Nike, Adidas",Stream every moment of the Paris 2024 Olympics only on Max News and coverage from the #1 sports destination and the ...
Dropped in the worst possible spot 😭 #olympics #sports #fail #fails #gymnastics #olympic #paris2024,os2Jxr-W_uc,Ian Gunther,UCU0dlKN6R16DL5KKWq62wNA,,Featuring @GraceCharisxo.
"Léon Marchand, you made Paris 2024 Olympic history with your phenomenal performance. 🥇",2c-s0kbep7I,LVMH,UCGMgos3cyboHsWOlU6zVvZw,,
John Lennon&#39;s &#39;Imagine&#39; receives star-studded Olympics tribute at Paris 2024 | #Paris2024,S7cbmWXKan8,Eurosport,UClhp9g6TPiqCTOlcw0ROfNg,"Eurosport, Discovery, Snooker, Tennis, Olympics, Cycling, La Vuelta, Sport, Moto GP, World Super Bikes, Mountain Biking, Roger Federer, Novak Djokovic, Rafael Nadal, Carlos Alcarez, Serena Williams, Sepp Kuss, Remco Evenepoel, Jonas Vingegaard, Ronnie O'Sullivan, Warner Bros., Live Sport, Football, Youtube, Soccer, Álvaro Bautista, Valentino Rossi, Mark Cavendish, UAE, Emirates, Primož Roglič, Filippo Ganna, Ineos Grenadiers, UAE Team Emirates, Jumbo-Visma, Soudal-QuickStep, Nike, Adidas",Stream every moment of the Paris 2024 Olympics only on Max News and coverage from the #1 sports destination and the ...
What. A. Race. 🇺🇸 Noah Lyles is the new 100m Olympic Champion!,xcV6317emqg,Olympics,UCTl3QQTvqHFjurroKxexy2Q,,Want to watch live sport and original documentaries for free? Check out our website: https://oly.ch/WatchLiveSport #Paris2024 # ...
MADISON MADNESS | Thrilling Finale To Women&#39;s Madison | #Paris2024 #Olympics,PShoJ76n8P4,Eurosport Cycling,UCfDfvvMARk4TKcC62ALi6eA,"Eurosport, Discovery, Olympics, Cycling, La Vuelta, Sport, Sepp Kuss, Remco Evenepoel, Jonas Vingegaard, Warner Bros., Live Sport, Youtube, Mark Cavendish, UAE, Emirates, Primož Roglič, Filippo Ganna, Ineos Grenadiers, UAE Team Emirates, Jumbo-Visma, Soudal-QuickStep, Cyclocross, Tour de France, Lance Armstrong, Tadej Pogacar, Wout Van Aert, Mathieu Van Der Poel, Julian Alaphillipe, Tom Pidcock, Egan Bernal, Eurosport Cycling, British Cycling, Olympics 2024, Paris 2024",Stream every moment of the Paris 2024 Olympics only on Max News and coverage from the #1 sports destination and the ...
Simone Biles Hilariously Celebrates Winning GOLD At Paris Olympics! #parisolympics2024,zET5u1S1pWM,Sussan Mourad,UC2zlRguBzBBIpHE0fzfE0iA,,Simone Biles Hilariously Celebrates Winning GOLD At Paris Olympics Women's Gymnastics Final in new TikTok!
Olympic Record for Marileidy Paulino! 🇩🇴 #Paris2024,obWcfHYfKeA,Olympics,UCTl3QQTvqHFjurroKxexy2Q,,Watch all the #Paris2024 action LIVE! ➡️ https://oly.ch/3yFZpOg #Olympics #Paris2024 #Olympics2024. Latest #Paris2024 ...
It’s magic when the world comes together at the Olympic Games. 🇪🇸🇨🇳  #CocaColaParis2024 @Coca-Cola,yVP4YgaBsT4,Olympics,UCTl3QQTvqHFjurroKxexy2Q,,Reigning Olympic champion Carolina Marin suffered a serious knee injury in her women's Badminton semi final match against He ...
🇫🇷 Les larmes d&#39;Alexis Lebrun après son élimination #paris2024 #olympics #olympics2024 #sports,EN4CW1ggLsc,Eurosport France,UCozt5iXNqmhU1I7tcjJ0UFQ,"Eurosport, Jeux Olympiques, JO 2024, JO Paris, Jeux Olympiques Paris, JO paris 2024, Olympic games, Olympic Games 2024, Paris 2024, Olympic Games Paris, cérémonie ouverture paris 2024, jeux olympiques programme, jeux olympiques calendrier, calendrier JO, programme JO, JO diffusion TV, JO Max, JO France TV, JO direct, tableau médailles JO, paris 2024 programme",Abonnez-vous à notre chaîne https://bit.ly/3OetlmT Suivez les meilleurs événements sur Eurosport via la plateforme de ...
Tiny dreamers turned Olympians.❤️🥹 #Olympics #Paris2024,0LyXC7iOKE0,Olympics,UCTl3QQTvqHFjurroKxexy2Q,"Olympic Games, Olympic Medal, Olympics, Olympic Sports, Gold, Silver, Beijing2022, Beijing 2022, Olympic Games 2022, Olympics 2022, Winter Olympics, Tokyo 2020, Tokyo 2021, olympic games, olympic games 2022, olympic games 2020, beijing 2022, olympic channel, olympics 2020, Paris 2024, Paris Olympics, Juegos Olimpicos, Jogos Olimpicos, Olympic, Olympic Games 2024, Olympics 2024, Neeraj Chopra, Simone Biles, Sha'Carri Richardson, Noah Lyles, Hanyu, Paris, Mondo Duplantis",Want to watch live sport and original documentaries for free? Check out our website: https://oly.ch/WatchLiveSport
Le grand jeu bien cool des athlètes pendant les JO #paris2024 #olympics #olympics2024,TLKKRsPR94U,L'ÉQUIPE,UCyIV8rkza5Uk_sJIhqilBvQ,"Sport, actualités, actualités sport, L’équipe, La chaîne l’équipe, l ‘équipe en direct, l’équipe du soir, l’équipe 21, l'équipe du soir replay, rmc sport, Eurosport, foot mercato, actu foot, canal+sport",Ne ratez rien de l'actualité sportive http://ow.ly/5etn30qnKgp Abonnez-vous à l'offre numérique http://ow.ly/wjz230qqgaU ...
Sha&#39;Carri Richardson&#39;s Olympic Debut! #Paris2024,35vSVEK6CfE,Olympics,UCTl3QQTvqHFjurroKxexy2Q,,
BTS of the #Paris2024 Closing Ceremony ✨ 📹: Kuzya #Olympics #ClosingCeremony #Sport #Breaking,uZLn0NaeWO4,Olympics,UCTl3QQTvqHFjurroKxexy2Q,"Olympic Games, Olympic Medal, Olympics, Olympic Sports, Gold, Silver, Beijing2022, Beijing 2022, Olympic Games 2022, Olympics 2022, Winter Olympics, Tokyo 2020, Tokyo 2021, olympic games, olympic games 2022, olympic games 2020, beijing 2022, olympic channel, olympics 2020, Paris 2024, Paris Olympics, Juegos Olimpicos, Jogos Olimpicos, Olympic, Olympic Games 2024, Olympics 2024, Neeraj Chopra, Simone Biles, Sha'Carri Richardson, Noah Lyles, Hanyu, Paris, Mondo Duplantis",Re-live ALL the incredible #Paris2024 action: ➡️ https://oly.ch/P24Replays. #Paris2024 replays: ...
Paris Olympics Diving champion Quan Hongchan&#39;s water splash disappearance get all 10 points,V9DyJPGAN6k,สโน ไวท์,UClRpUncNEmW6wA-XbXjFAcA,,
Noah Lyles WINS Men’s 100m FINAL at 2024 US Olympic Trials,h8p8UOwHfO8,"Noah Lyles, Olympian ",UCFVi7bsURHvGmOJhRYF741w,"Noah Lyles, Lyles, Lyles Foundation, Team USA, Olympics, Olympian, Paris 2024, World Champ, World Champion, Adidas, sprinter, sprints, 100m, 200m, 100m race, 200m race, road to Paris, Sprint Talks, Sprinting tips, sprinting advice, sprint training, running, fastest American, p24, Paris Olympics, Paris 100m, Paris 200m, Paris relay, Paris Team USA, training, behind the scenes track, track and field, Team USA track, USATF, World Athletics, how to watch track, how to watch Olympics",Subscribe to the Noah Lyles YouTube channel: https://www.youtube.com/@noahlyles18 --------------- Follow Noah Lyles on ...
Why are Indian athletes switching to rajma chawal in the #Olympics village… #Paris2024,OBt34myQWZE,Brut India,UCCgQaXjsJ6EdFPZeTFQoSyw,,
The moment Sifan Hassan capped off a remarkable Olympics to take gold in the women’s marathon 😲👏,ga7J87VSW6k,Eurosport,UClhp9g6TPiqCTOlcw0ROfNg,"Eurosport, Discovery, Snooker, Tennis, Olympics, Cycling, La Vuelta, Sport, Moto GP, World Super Bikes, Mountain Biking, Roger Federer, Novak Djokovic, Rafael Nadal, Carlos Alcarez, Serena Williams, Sepp Kuss, Remco Evenepoel, Jonas Vingegaard, Ronnie O'Sullivan, Warner Bros., Live Sport, Football, Youtube, Soccer, Álvaro Bautista, Valentino Rossi, Mark Cavendish, UAE, Emirates, Primož Roglič, Filippo Ganna, Ineos Grenadiers, UAE Team Emirates, Jumbo-Visma, Soudal-QuickStep, Nike, Adidas",Stream every moment of the Paris 2024 Olympics only on Max News and coverage from the #1 sports destination and the ...
It’s magic when the world comes together at the Olympic Games.#CocaColaParis2024 #Paris2024,TCcBdLIuU7k,Olympics,UCTl3QQTvqHFjurroKxexy2Q,"Olympic Games, Olympic Medal, Olympics, Olympic Sports, Gold, Silver, Beijing2022, Beijing 2022, Olympic Games 2022, Olympics 2022, Winter Olympics, Tokyo 2020, Tokyo 2021, olympic games, olympic games 2022, olympic games 2020, beijing 2022, olympic channel, olympics 2020, Paris 2024, Paris Olympics, Juegos Olimpicos, Jogos Olimpicos, Olympic, Olympic Games 2024, Olympics 2024, Neeraj Chopra, Simone Biles, Sha'Carri Richardson, Noah Lyles, Hanyu, Paris, Mondo Duplantis",Re-live ALL the incredible #Paris2024 action: ➡️ https://oly.ch/P24Replays. #Paris2024 replays: ...
Stephen Curry comes CLUTCH as USA win Olympic Gold again 🥇 | FULL fourth-quarter | #Paris2024,Xci7dzk-bFk,Eurosport,UClhp9g6TPiqCTOlcw0ROfNg,"Eurosport, Discovery, Snooker, Tennis, Olympics, Cycling, La Vuelta, Sport, Moto GP, World Super Bikes, Mountain Biking, Roger Federer, Novak Djokovic, Rafael Nadal, Carlos Alcarez, Serena Williams, Sepp Kuss, Remco Evenepoel, Jonas Vingegaard, Ronnie O'Sullivan, Warner Bros., Live Sport, Football, Youtube, Soccer, Álvaro Bautista, Valentino Rossi, Mark Cavendish, UAE, Emirates, Primož Roglič, Filippo Ganna, Ineos Grenadiers, UAE Team Emirates, Jumbo-Visma, Soudal-QuickStep, Nike, Adidas",Stream every moment of the Paris 2024 Olympics only on Max News and coverage from the #1 sports destination and the ...
"6.5 months pregnant. Yaylagul Ramazanova, you are inspirational ❤️👏  #olympics #paris2024",UHPAPkcAlqM,Eurosport,UClhp9g6TPiqCTOlcw0ROfNg,"Eurosport, Discovery, Snooker, Tennis, Olympics, Cycling, La Vuelta, Sport, Moto GP, World Super Bikes, Mountain Biking, Roger Federer, Novak Djokovic, Rafael Nadal, Carlos Alcarez, Serena Williams, Sepp Kuss, Remco Evenepoel, Jonas Vingegaard, Ronnie O'Sullivan, Warner Bros., Live Sport, Football, Youtube, Soccer, Álvaro Bautista, Valentino Rossi, Mark Cavendish, UAE, Emirates, Primož Roglič, Filippo Ganna, Ineos Grenadiers, UAE Team Emirates, Jumbo-Visma, Soudal-QuickStep, Nike, Adidas",Stream every moment of the Paris 2024 Olympics only on Max News and coverage from the #1 sports destination and the ...
Team USA&#39;s Simone Biles NAILS the double Yurchenko Pike 🤩 | #Paris2024 #Olympics,D_I71v3laAE,Eurosport,UClhp9g6TPiqCTOlcw0ROfNg,"Eurosport, Discovery, Snooker, Tennis, Olympics, Cycling, La Vuelta, Sport, Moto GP, World Super Bikes, Mountain Biking, Roger Federer, Novak Djokovic, Rafael Nadal, Carlos Alcarez, Serena Williams, Sepp Kuss, Remco Evenepoel, Jonas Vingegaard, Ronnie O'Sullivan, Warner Bros., Live Sport, Football, Youtube, Soccer, Álvaro Bautista, Valentino Rossi, Mark Cavendish, UAE, Emirates, Primož Roglič, Filippo Ganna, Ineos Grenadiers, UAE Team Emirates, Jumbo-Visma, Soudal-QuickStep, Nike, Adidas",Stream every moment of the Paris 2024 Olympics only on Max News and coverage from the #1 sports destination and the ...
INCREDIBLE MATCH! 🙌 USA vs Poland - Women&#39;s Olympic Volleyball Quarter-Final | #Paris2024 #Olympics,CO4sKL3uFMA,Eurosport,UClhp9g6TPiqCTOlcw0ROfNg,"Eurosport, Discovery, Snooker, Tennis, Olympics, Cycling, La Vuelta, Sport, Moto GP, World Super Bikes, Mountain Biking, Roger Federer, Novak Djokovic, Rafael Nadal, Carlos Alcarez, Serena Williams, Sepp Kuss, Remco Evenepoel, Jonas Vingegaard, Ronnie O'Sullivan, Warner Bros., Live Sport, Football, Youtube, Soccer, Álvaro Bautista, Valentino Rossi, Mark Cavendish, UAE, Emirates, Primož Roglič, Filippo Ganna, Ineos Grenadiers, UAE Team Emirates, Jumbo-Visma, Soudal-QuickStep, Nike, Adidas",Stream every moment of the Paris 2024 Olympics only on Max News and coverage from the #1 sports destination and the ...
BATTLING WIN! 💪 | Belgium vs USA | Women&#39;s Basketball | Paris 2024 Olympics | #Paris2024,H3de-HXouDQ,Eurosport,UClhp9g6TPiqCTOlcw0ROfNg,"Eurosport, Discovery, Snooker, Tennis, Olympics, Cycling, La Vuelta, Sport, Moto GP, World Super Bikes, Mountain Biking, Roger Federer, Novak Djokovic, Rafael Nadal, Carlos Alcarez, Serena Williams, Sepp Kuss, Remco Evenepoel, Jonas Vingegaard, Ronnie O'Sullivan, Warner Bros., Live Sport, Football, Youtube, Soccer, Álvaro Bautista, Valentino Rossi, Mark Cavendish, UAE, Emirates, Primož Roglič, Filippo Ganna, Ineos Grenadiers, UAE Team Emirates, Jumbo-Visma, Soudal-QuickStep, Nike, Adidas",Stream every moment of the Paris 2024 Olympics only on Max News and coverage from the #1 sports destination and the ...
Unique celebration for an Olympic medal! 🕺😆 #Paris2024,vsA6CCOUZ7o,Eurosport,UClhp9g6TPiqCTOlcw0ROfNg,"Eurosport, Discovery, Snooker, Tennis, Olympics, Cycling, La Vuelta, Sport, Moto GP, World Super Bikes, Mountain Biking, Roger Federer, Novak Djokovic, Rafael Nadal, Carlos Alcarez, Serena Williams, Sepp Kuss, Remco Evenepoel, Jonas Vingegaard, Ronnie O'Sullivan, Warner Bros., Live Sport, Football, Youtube, Soccer, Álvaro Bautista, Valentino Rossi, Mark Cavendish, UAE, Emirates, Primož Roglič, Filippo Ganna, Ineos Grenadiers, UAE Team Emirates, Jumbo-Visma, Soudal-QuickStep, Nike, Adidas",Stream every moment of the Paris 2024 Olympics only on Max News and coverage from the #1 sports destination and the ...
Armand Duplantis breaks pole vault world record again to win Olympic gold 🐐 | #Paris2024,H3N8uPSVDoI,Eurosport,UClhp9g6TPiqCTOlcw0ROfNg,"Eurosport, Discovery, Snooker, Tennis, Olympics, Cycling, La Vuelta, Sport, Moto GP, World Super Bikes, Mountain Biking, Roger Federer, Novak Djokovic, Rafael Nadal, Carlos Alcarez, Serena Williams, Sepp Kuss, Remco Evenepoel, Jonas Vingegaard, Ronnie O'Sullivan, Warner Bros., Live Sport, Football, Youtube, Soccer, Álvaro Bautista, Valentino Rossi, Mark Cavendish, UAE, Emirates, Primož Roglič, Filippo Ganna, Ineos Grenadiers, UAE Team Emirates, Jumbo-Visma, Soudal-QuickStep, Nike, Adidas",Stream every moment of the Paris 2024 Olympics only on discovery+ in the UK News and coverage from the #1 sports ...
Snoop Dogg &amp; Dr.Dre perform TOGETHER at the Paris Olympics Closing Ceremony 🤩 | #Paris2024,KP2uBEGo_lc,Eurosport,UClhp9g6TPiqCTOlcw0ROfNg,"Eurosport, Discovery, Snooker, Tennis, Olympics, Cycling, La Vuelta, Sport, Moto GP, World Super Bikes, Mountain Biking, Roger Federer, Novak Djokovic, Rafael Nadal, Carlos Alcarez, Serena Williams, Sepp Kuss, Remco Evenepoel, Jonas Vingegaard, Ronnie O'Sullivan, Warner Bros., Live Sport, Football, Youtube, Soccer, Álvaro Bautista, Valentino Rossi, Mark Cavendish, UAE, Emirates, Primož Roglič, Filippo Ganna, Ineos Grenadiers, UAE Team Emirates, Jumbo-Visma, Soudal-QuickStep, Nike, Adidas",Stream every moment of the Paris 2024 Olympics only on Max News and coverage from the #1 sports destination and the ...
What. A. Race. 🤯 Noah Lyles is the new 100m Olympic Champion!,B0BX7SOTivY,Olympics,UCTl3QQTvqHFjurroKxexy2Q,,Want to watch live sport and original documentaries for free? Check out our website: https://oly.ch/WatchLiveSport #Paris2024 # ...
😱😱😱 Le point MONSTRUEUX signé Alexis Lebrun #Olympics #Paris2024 #Olympics2024 #pingpong,9PUBIxoTyqw,Eurosport France,UCozt5iXNqmhU1I7tcjJ0UFQ,"Eurosport, Jeux Olympiques, JO 2024, JO Paris, Jeux Olympiques Paris, JO paris 2024, Olympic games, Olympic Games 2024, Paris 2024, Olympic Games Paris, cérémonie ouverture paris 2024, jeux olympiques programme, jeux olympiques calendrier, calendrier JO, programme JO, JO diffusion TV, JO Max, JO France TV, JO direct, tableau médailles JO, paris 2024 programme",Abonnez-vous à notre chaîne https://bit.ly/3OetlmT Suivez les meilleurs événements sur Eurosport via la plateforme de ...
When you realise the Paralympics begin In 2 days 😱🎉  #Paris2024,BQJ1pzOYIQI,Paralympic Games,UCi8n36NkW2uCQSFZNiYtuMQ,"Paralympics, olympics, olympic games, disability sports, disability, paralympic games, yt:cc=on",The International Paralympic Committee's vision is to make for an inclusive world through Para sport. Our mission is to lead the ...
"Léon Marchand, you made Paris 2024 Olympic history with your phenomenal performance. 🥇",2c-s0kbep7I,LVMH,UCGMgos3cyboHsWOlU6zVvZw,,
Hezly Rivera’s beam is phenomenal!! 🤯 #olympics #gymnastics #paris2024 #gymnast #sports #sport #gym,sK3ywCwKbMw,Ian Gunther,UCU0dlKN6R16DL5KKWq62wNA,,
Dropped in the worst possible spot 😭 #olympics #sports #fail #fails #gymnastics #olympic #paris2024,os2Jxr-W_uc,Ian Gunther,UCU0dlKN6R16DL5KKWq62wNA,,Featuring @GraceCharisxo.
What. A. Race. 🇺🇸 Noah Lyles is the new 100m Olympic Champion!,xcV6317emqg,Olympics,UCTl3QQTvqHFjurroKxexy2Q,,Want to watch live sport and original documentaries for free? Check out our website: https://oly.ch/WatchLiveSport #Paris2024 # ...
ITALY DOMINATE 🔥 | Italy vs Turkey - Volleyball Preliminary Round Highlights | #Paris2024 #Olympics,nSO1T1r4mFI,Eurosport,UClhp9g6TPiqCTOlcw0ROfNg,"Eurosport, Discovery, Snooker, Tennis, Olympics, Cycling, La Vuelta, Sport, Moto GP, World Super Bikes, Mountain Biking, Roger Federer, Novak Djokovic, Rafael Nadal, Carlos Alcarez, Serena Williams, Sepp Kuss, Remco Evenepoel, Jonas Vingegaard, Ronnie O'Sullivan, Warner Bros., Live Sport, Football, Youtube, Soccer, Álvaro Bautista, Valentino Rossi, Mark Cavendish, UAE, Emirates, Primož Roglič, Filippo Ganna, Ineos Grenadiers, UAE Team Emirates, Jumbo-Visma, Soudal-QuickStep, Nike, Adidas",Stream every moment of the Paris 2024 Olympics only on Max News and coverage from the #1 sports destination and the ...
200m MEN OLYMPIC FINAL 🚀🔥 WHAT A RACE 😱 #olympics #paris2024 #trackandfield,emZDytzNtdo,The Fashion Jogger,UC6khvHxqs_5VySwJ6amtG8Q,,
I BROKE AN OLYMPIC WORLD RECORD! 😱 #paris2024,m9x9PyPsMu0,Ian Boggs,UC9yadlAEiyOUNa3y4dnuYFg,"ian, ian boggs, comedy, funny, relatable, olympics",WHAT ELSE DO YOU WANNA KNOW ABOUT THE OLYMPICS!? Ask me in the comments below and I'll try to answer as many as ...
Adele Stopped Her Munich Show To Watch 100m Women’s Final Paris Olympics! #parisolympics2024,ge_B4hlkGa0,Sussan Mourad,UC2zlRguBzBBIpHE0fzfE0iA,,Adele paused her show in Munich to play the women's 100m final at Paris Olympics #parisolympics2024 #adele #paris2024 ...
🥲 Malgré sa défaite il nous a fait rêver !! #paris2024 #olympics #olympics2024,GjiNiMDNE5U,Eurosport France,UCozt5iXNqmhU1I7tcjJ0UFQ,"Eurosport, Jeux Olympiques, JO 2024, JO Paris, Jeux Olympiques Paris, JO paris 2024, Olympic games, Olympic Games 2024, Paris 2024, Olympic Games Paris, cérémonie ouverture paris 2024, jeux olympiques programme, jeux olympiques calendrier, calendrier JO, programme JO, JO diffusion TV, JO Max, JO France TV, JO direct, tableau médailles JO, paris 2024 programme",Abonnez-vous à notre chaîne https://bit.ly/3OetlmT Suivez les meilleurs événements sur Eurosport via la plateforme de ...
"So, how does Artistic Swimming work at the Olympics? | #Paris2024",rHVI3wOqqrA,Olympics Aquatics,UCyu7apf_VsBIOOcu53hhgcA,"Olympic Games, Olympic Channel, Olympic Medal, Olympics, IOC, Olympic Sports, Champion, Sport, Gold, Silver, Bronze, Tokyo2020, Tokyo 2020, Olympic Games 2020, Olympic Summer Games 2020, Olympics 2020, Olympics 2021, Tokyo 2021, Olympic Games 2021",Now you know the rules... it's time to watch! #Paris2024 is live: https://go.olympics.com/watch Dive into the exciting world of ...
🔥 Paris 2024 opening ceremony best moments #Olympics #Paris2024 #Olympics2024,FHdsCeB2g6w,Eurosport France,UCozt5iXNqmhU1I7tcjJ0UFQ,"Eurosport, Jeux Olympiques, JO 2024, JO Paris, Jeux Olympiques Paris, JO paris 2024, Olympic games, Olympic Games 2024, Paris 2024, Olympic Games Paris, cérémonie ouverture paris 2024, jeux olympiques programme, jeux olympiques calendrier, calendrier JO, programme JO, JO diffusion TV, JO Max, JO France TV, JO direct, tableau médailles JO, paris 2024 programme",Abonnez-vous à notre chaîne https://bit.ly/3OetlmT Suivez les meilleurs événements sur Eurosport via la plateforme de ...
Sha’Carri Richardson was in tears after winning her first ever Olympic gold ❤️ #Paris2024,dvs2xFatVxo,Eurosport,UClhp9g6TPiqCTOlcw0ROfNg,"Eurosport, Discovery, Snooker, Tennis, Olympics, Cycling, La Vuelta, Sport, Moto GP, World Super Bikes, Mountain Biking, Roger Federer, Novak Djokovic, Rafael Nadal, Carlos Alcarez, Serena Williams, Sepp Kuss, Remco Evenepoel, Jonas Vingegaard, Ronnie O'Sullivan, Warner Bros., Live Sport, Football, Youtube, Soccer, Álvaro Bautista, Valentino Rossi, Mark Cavendish, UAE, Emirates, Primož Roglič, Filippo Ganna, Ineos Grenadiers, UAE Team Emirates, Jumbo-Visma, Soudal-QuickStep, Nike, Adidas",Stream every moment of the Paris 2024 Olympics only on discovery+ in the UK News and coverage from the #1 sports ...
Just a few pre-competition high fives at #Paris2024.👏 #Olympics,zzn5LcOhbZs,Olympics,UCTl3QQTvqHFjurroKxexy2Q,,
I CAN RUN FASTER BECAUSE OF OLYMPIC GOLD MEDALIST GABBY THOMAS #paris2024,eOSxn-j3fRU,Crissa Jackson,UCQy81Ldzzne0JoDzdo9FaGg,,
Have we seen this before somewhere?? 👀 #Paris2024 #Olympics,M5LugwmAo3Q,Eurosport,UClhp9g6TPiqCTOlcw0ROfNg,"Eurosport, Discovery, Snooker, Tennis, Olympics, Cycling, La Vuelta, Sport, Moto GP, World Super Bikes, Mountain Biking, Roger Federer, Novak Djokovic, Rafael Nadal, Carlos Alcarez, Serena Williams, Sepp Kuss, Remco Evenepoel, Jonas Vingegaard, Ronnie O'Sullivan, Warner Bros., Live Sport, Football, Youtube, Soccer, Álvaro Bautista, Valentino Rossi, Mark Cavendish, UAE, Emirates, Primož Roglič, Filippo Ganna, Ineos Grenadiers, UAE Team Emirates, Jumbo-Visma, Soudal-QuickStep, Nike, Adidas",Stream every moment of the Paris 2024 Olympics only on discovery+ in the UK News and coverage from the #1 sports ...
Nadal hits volley whilst lying down 🤯 #Paris2024 #Olympics,ARKV196oy_g,Eurosport Tennis,UCxyDulPLBU9WiiN43xTs5FQ,"Tennis, Olympics, Eurosport, Sport, Roger Federer, Novak Djokovic, Carlos Alcarez, Rafael Nadal, Andy Murray, Serena Williams, Venus Williams, Adidas, Nike, Australian Open, Roland Garros, French Open, Wimbledon, US Open, New Balance, Head, WTA, LTA, Davis Cup, Rod Laver, Billie Jean King, Andre Agassi, Pete Sampras, Ivan Lendl, Coco Gauff, Emma Raducanu, Maria Sharapova, Simona Halep, Casper Ruud, Cameron Norrie, Daniil Medvedev, Taylor Fritz, Dan Evans, Dominic Thiem",Stream every moment of the Paris 2024 Olympics only on discovery+ in the UK News and coverage from the #1 sports ...
DOMINATION! 😮‍💨 | Men&#39;s 110m Hurdles Final Highlights | #Paris2024 #Olympics,XbfraKkipS8,Eurosport,UClhp9g6TPiqCTOlcw0ROfNg,"Eurosport, Discovery, Snooker, Tennis, Olympics, Cycling, La Vuelta, Sport, Moto GP, World Super Bikes, Mountain Biking, Roger Federer, Novak Djokovic, Rafael Nadal, Carlos Alcarez, Serena Williams, Sepp Kuss, Remco Evenepoel, Jonas Vingegaard, Ronnie O'Sullivan, Warner Bros., Live Sport, Football, Youtube, Soccer, Álvaro Bautista, Valentino Rossi, Mark Cavendish, UAE, Emirates, Primož Roglič, Filippo Ganna, Ineos Grenadiers, UAE Team Emirates, Jumbo-Visma, Soudal-QuickStep, Nike, Adidas",Stream every moment of the Paris 2024 Olympics only on Max News and coverage from the #1 sports destination and the ...
Algeria&#39;s Imane Khelif through to Olympic semi-finals 🥊 | #Paris2024 #Olympics,ArDWh7oO0EM,Eurosport,UClhp9g6TPiqCTOlcw0ROfNg,"Eurosport, Discovery, Snooker, Tennis, Olympics, Cycling, La Vuelta, Sport, Moto GP, World Super Bikes, Mountain Biking, Roger Federer, Novak Djokovic, Rafael Nadal, Carlos Alcarez, Serena Williams, Sepp Kuss, Remco Evenepoel, Jonas Vingegaard, Ronnie O'Sullivan, Warner Bros., Live Sport, Football, Youtube, Soccer, Álvaro Bautista, Valentino Rossi, Mark Cavendish, UAE, Emirates, Primož Roglič, Filippo Ganna, Ineos Grenadiers, UAE Team Emirates, Jumbo-Visma, Soudal-QuickStep, Nike, Adidas",Stream every moment of the Paris 2024 Olympics only on Max News and coverage from the #1 sports destination and the ...
The 🐐 of gymnastics celebrates her 6th Olympic 🥇 #Paris2024,_Z8vIJ8uvX0,Eurosport,UClhp9g6TPiqCTOlcw0ROfNg,"Eurosport, Discovery, Snooker, Tennis, Olympics, Cycling, La Vuelta, Sport, Moto GP, World Super Bikes, Mountain Biking, Roger Federer, Novak Djokovic, Rafael Nadal, Carlos Alcarez, Serena Williams, Sepp Kuss, Remco Evenepoel, Jonas Vingegaard, Ronnie O'Sullivan, Warner Bros., Live Sport, Football, Youtube, Soccer, Álvaro Bautista, Valentino Rossi, Mark Cavendish, UAE, Emirates, Primož Roglič, Filippo Ganna, Ineos Grenadiers, UAE Team Emirates, Jumbo-Visma, Soudal-QuickStep, Nike, Adidas",Stream every moment of the Paris 2024 Olympics only on discovery+ in the UK News and coverage from the #1 sports ...
Les frissons #paris2024 #olympics #olympics2024,RPZASr1LiFA,Eurosport France,UCozt5iXNqmhU1I7tcjJ0UFQ,"Eurosport, Jeux Olympiques, JO 2024, JO Paris, Jeux Olympiques Paris, JO paris 2024, Olympic games, Olympic Games 2024, Paris 2024, Olympic Games Paris, cérémonie ouverture paris 2024, jeux olympiques programme, jeux olympiques calendrier, calendrier JO, programme JO, JO diffusion TV, JO Max, JO France TV, JO direct, tableau médailles JO, paris 2024 programme",Abonnez-vous à notre chaîne https://bit.ly/3OetlmT Suivez les meilleurs événements sur Eurosport via la plateforme de ...
Faith Kipyegon breaks her own Olympic Record! 🇰🇪 #Paris2024,mSuCwvjRzsE,Olympics,UCTl3QQTvqHFjurroKxexy2Q,,Re-live ALL the incredible #Paris2024 action: ➡️ https://oly.ch/3yFZpOg Faith Kipyegon makes breaks her own Olympic Record ...
Victor Le Masne - Higher (Club Mix) (Paris 2024 Olympics Opening / Closing Ceremony),2-0W4qsc3Vw,Rodrigo Bravo,UCmzC5UXczR1VCdv7ywT9f1g,,"In a beautiful retrospect of Olympic moments, Victor Le Masne's ""Higher"" provided a stunning soundtrack to a collection of ..."
We won Gold at the Olympics🥇😍 #shorts #paris2024,BgsuwbKP52Y,The Kurta Guy,UCb2v4UGL7V3QprbxrkXZkuQ,"Reels, Instagram, Instagram reels, Shorts, YouTube, Funny video, the kurta guy, vividh the kurta guy, olympics, olympics 2024, paris 2024, paris olympics, mom, mom and son, indian mom, gold medal, neeraj chopra, olympics india",What other sports should we compete in? Go follow me on Instagram for more daily updates ...
DUPLANTIS SHATTERS RECORD! 🤩 | Athletics Paris 2024 Day 4 Highlights | #Paris2024 #Olympics,taw7ZTqVUng,Eurosport,UClhp9g6TPiqCTOlcw0ROfNg,"Eurosport, Discovery, Snooker, Tennis, Olympics, Cycling, La Vuelta, Sport, Moto GP, World Super Bikes, Mountain Biking, Roger Federer, Novak Djokovic, Rafael Nadal, Carlos Alcarez, Serena Williams, Sepp Kuss, Remco Evenepoel, Jonas Vingegaard, Ronnie O'Sullivan, Warner Bros., Live Sport, Football, Youtube, Soccer, Álvaro Bautista, Valentino Rossi, Mark Cavendish, UAE, Emirates, Primož Roglič, Filippo Ganna, Ineos Grenadiers, UAE Team Emirates, Jumbo-Visma, Soudal-QuickStep, Nike, Adidas",Stream every moment of the Paris 2024 Olympics only on Max News and coverage from the #1 sports destination and the ...
SUPER FINISH! 🔥 | Men&#39;s 3000m Steeplechase Final Highlights | #Paris2024 #Olympics,ufvcbMNixec,Eurosport,UClhp9g6TPiqCTOlcw0ROfNg,"Eurosport, Discovery, Snooker, Tennis, Olympics, Cycling, La Vuelta, Sport, Moto GP, World Super Bikes, Mountain Biking, Roger Federer, Novak Djokovic, Rafael Nadal, Carlos Alcarez, Serena Williams, Sepp Kuss, Remco Evenepoel, Jonas Vingegaard, Ronnie O'Sullivan, Warner Bros., Live Sport, Football, Youtube, Soccer, Álvaro Bautista, Valentino Rossi, Mark Cavendish, UAE, Emirates, Primož Roglič, Filippo Ganna, Ineos Grenadiers, UAE Team Emirates, Jumbo-Visma, Soudal-QuickStep, Nike, Adidas",Stream every moment of the Paris 2024 Olympics only on Max News and coverage from the #1 sports destination and the ...
Leon Marchand’s epic #Paris2024 gold medal run will go down in Olympic and French history!🤯🇫🇷🥇,NPnZHrunaFI,Olympics,UCTl3QQTvqHFjurroKxexy2Q,,Olympics.
Noah Lyles made it an unforgettable 100m final.😍🥇 #Olympics #Paris2024,TIaBi6DOyq4,Olympics,UCTl3QQTvqHFjurroKxexy2Q,"Olympic Games, Olympic Medal, Olympics, Olympic Sports, Gold, Silver, Beijing2022, Beijing 2022, Olympic Games 2022, Olympics 2022, Winter Olympics, Tokyo 2020, Tokyo 2021, olympic games, olympic games 2022, olympic games 2020, beijing 2022, olympic channel, olympics 2020, Paris 2024, Paris Olympics, Juegos Olimpicos, Jogos Olimpicos, Olympic, Olympic Games 2024, Olympics 2024, Neeraj Chopra, Simone Biles, Sha'Carri Richardson, Noah Lyles, Hanyu, Paris, Mondo Duplantis",Want to watch live sport and original documentaries for free? Check out our website: https://oly.ch/WatchLiveSport
Olympic Equestrian Explained #Paris2024 #Olympics,FF6CtDWvEZg,5th and Goal Sports,UCzcvi5oCVfSUrhWilLpRGvQ,,"I'm explaining how every single summer olympic sports works, today's edition: Equestrian #olympics #Paris2024 #sports ..."
#Paris2024 double medallist Julien Alfred excelled with her performances in the 100m 🥇 and 200m 🥈,uOwV5XL9_jM,Olympics,UCTl3QQTvqHFjurroKxexy2Q,,
Paris 2024! Are. You. Ready?! 🔥 #olympics #paris2024 #cats  #cattricks #catshorts,S1zbI-d-WMc,Cat Named Calvin,UCrBSRVPi0lMLd9HsbgFgpBw,,
🔥 ÉNORME RINER ! On continue ! #paris2024 #olympics #olympics2024 #teddyriner,3ldp-gAyP_Y,Eurosport France,UCozt5iXNqmhU1I7tcjJ0UFQ,"Eurosport, Jeux Olympiques, JO 2024, JO Paris, Jeux Olympiques Paris, JO paris 2024, Olympic games, Olympic Games 2024, Paris 2024, Olympic Games Paris, cérémonie ouverture paris 2024, jeux olympiques programme, jeux olympiques calendrier, calendrier JO, programme JO, JO diffusion TV, JO Max, JO France TV, JO direct, tableau médailles JO, paris 2024 programme",Abonnez-vous à notre chaîne https://bit.ly/3OetlmT Suivez les meilleurs événements sur Eurosport via la plateforme de ...
Sha&#39;Carri Richardson&#39;s Olympic Debut! #Paris2024,35vSVEK6CfE,Olympics,UCTl3QQTvqHFjurroKxexy2Q,,
Keegan Palmer and his #Paris2024 gold-winning run! 🛹🔥🥇 #Olympics,M2qToZXIULU,Olympics,UCTl3QQTvqHFjurroKxexy2Q,"Olympic Games, Olympic Medal, Olympics, Olympic Sports, Gold, Silver, Beijing2022, Beijing 2022, Olympic Games 2022, Olympics 2022, Winter Olympics, Tokyo 2020, Tokyo 2021, olympic games, olympic games 2022, olympic games 2020, beijing 2022, olympic channel, olympics 2020, Paris 2024, Paris Olympics, Juegos Olimpicos, Jogos Olimpicos, Olympic, Olympic Games 2024, Olympics 2024, Neeraj Chopra, Simone Biles, Sha'Carri Richardson, Noah Lyles, Hanyu, Paris, Mondo Duplantis",Re-live ALL the incredible #Paris2024 action: ➡️ https://oly.ch/P24Replays. #Paris2024 replays: ...
How Olympic Volleyball Works 🏐 #Paris2024 #olympics #summergames #sports #volleyball #teamusa,Soz5A_RqlC8,5th and Goal Sports,UCzcvi5oCVfSUrhWilLpRGvQ,,
The sweetest reaction you’ll see at the Olympics today 🥹 #Paris2024,oOUj8WmVHYY,Eurosport,UClhp9g6TPiqCTOlcw0ROfNg,"Eurosport, Discovery, Snooker, Tennis, Olympics, Cycling, La Vuelta, Sport, Moto GP, World Super Bikes, Mountain Biking, Roger Federer, Novak Djokovic, Rafael Nadal, Carlos Alcarez, Serena Williams, Sepp Kuss, Remco Evenepoel, Jonas Vingegaard, Ronnie O'Sullivan, Warner Bros., Live Sport, Football, Youtube, Soccer, Álvaro Bautista, Valentino Rossi, Mark Cavendish, UAE, Emirates, Primož Roglič, Filippo Ganna, Ineos Grenadiers, UAE Team Emirates, Jumbo-Visma, Soudal-QuickStep, Nike, Adidas",Stream every moment of the Paris 2024 Olympics only on discovery+ in the UK News and coverage from the #1 sports ...
Just a few pre-competition high fives at #Paris2024.👏 #Olympics,zzn5LcOhbZs,Olympics,UCTl3QQTvqHFjurroKxexy2Q,,
Paris 2024 Olympic and Paralympic Games Official Anthem [ Woodkid - Prologue ],KceuB0qVAZw,Rewind Records,UCjrGajWgplvnVLywDcuMzDw,"edm, rewind, records, music, pop, kpop, justinbieber, bts, trap, trapnation, lyrics, musicvideo, vevo",Paris2024 #JeuxOlympiques #Olympics.
😆 Les Australiennes ne comprennent pas l&#39;utilité du pédiluve #paris2024 #olympics #olympics2024,SLljIW5Hxq4,L'ÉQUIPE,UCyIV8rkza5Uk_sJIhqilBvQ,"Sport, actualités, actualités sport, L’équipe, La chaîne l’équipe, l ‘équipe en direct, l’équipe du soir, l’équipe 21, l'équipe du soir replay, rmc sport, Eurosport, foot mercato, actu foot, canal+sport",Ne ratez rien de l'actualité sportive http://ow.ly/5etn30qnKgp Abonnez-vous à l'offre numérique http://ow.ly/wjz230qqgaU ...
Have we seen this before somewhere?? 👀 #Paris2024 #Olympics,M5LugwmAo3Q,Eurosport,UClhp9g6TPiqCTOlcw0ROfNg,"Eurosport, Discovery, Snooker, Tennis, Olympics, Cycling, La Vuelta, Sport, Moto GP, World Super Bikes, Mountain Biking, Roger Federer, Novak Djokovic, Rafael Nadal, Carlos Alcarez, Serena Williams, Sepp Kuss, Remco Evenepoel, Jonas Vingegaard, Ronnie O'Sullivan, Warner Bros., Live Sport, Football, Youtube, Soccer, Álvaro Bautista, Valentino Rossi, Mark Cavendish, UAE, Emirates, Primož Roglič, Filippo Ganna, Ineos Grenadiers, UAE Team Emirates, Jumbo-Visma, Soudal-QuickStep, Nike, Adidas",Stream every moment of the Paris 2024 Olympics only on discovery+ in the UK News and coverage from the #1 sports ...
Jagger couldn&#39;t believe it! #Paris2024,S24pTFT7uVw,Olympics,UCTl3QQTvqHFjurroKxexy2Q,,Want to watch live sport and original documentaries for free? Check out our website: https://oly.ch/WatchLiveSport #Paris2024 # ...
🇫🇷 Les larmes d&#39;Alexis Lebrun après son élimination #paris2024 #olympics #olympics2024 #sports,EN4CW1ggLsc,Eurosport France,UCozt5iXNqmhU1I7tcjJ0UFQ,"Eurosport, Jeux Olympiques, JO 2024, JO Paris, Jeux Olympiques Paris, JO paris 2024, Olympic games, Olympic Games 2024, Paris 2024, Olympic Games Paris, cérémonie ouverture paris 2024, jeux olympiques programme, jeux olympiques calendrier, calendrier JO, programme JO, JO diffusion TV, JO Max, JO France TV, JO direct, tableau médailles JO, paris 2024 programme",Abonnez-vous à notre chaîne https://bit.ly/3OetlmT Suivez les meilleurs événements sur Eurosport via la plateforme de ...
🇺🇸 USA vs 🇵🇱 POL - Paris 2024 Olympic Qualification Tournament | Full Match - Volleyball,hBgQX24EuwE,Volleyball World,UCNMg6XDhRZI2QzL4pWOvP_w,"FIVB, FIVB International Volleyball FederationVolleyball Match, volleyball, indoor volleyball, Volleyball World, Live Volleyball, Volleyball full match, men’s volleyball, women’s volleyball, كرة الطائرة, 排球, Volleyball, Volley, バレーボール, 배구, Voleibol, Волейбол",Sync your calendar to the Olympic Games match schedule to not miss a single game of your favorite team: https://ql.
Painful scenes for Italy’s Angela Carini 🇮🇹 #Paris2024 #olympics,DLPRpsDKvnc,Eurosport,UClhp9g6TPiqCTOlcw0ROfNg,"Eurosport, Discovery, Snooker, Tennis, Olympics, Cycling, La Vuelta, Sport, Moto GP, World Super Bikes, Mountain Biking, Roger Federer, Novak Djokovic, Rafael Nadal, Carlos Alcarez, Serena Williams, Sepp Kuss, Remco Evenepoel, Jonas Vingegaard, Ronnie O'Sullivan, Warner Bros., Live Sport, Football, Youtube, Soccer, Álvaro Bautista, Valentino Rossi, Mark Cavendish, UAE, Emirates, Primož Roglič, Filippo Ganna, Ineos Grenadiers, UAE Team Emirates, Jumbo-Visma, Soudal-QuickStep, Nike, Adidas",Stream every moment of the Paris 2024 Olympics only on discovery+ in the UK News and coverage from the #1 sports ...
Why are Indian athletes switching to rajma chawal in the #Olympics village… #Paris2024,OBt34myQWZE,Brut India,UCCgQaXjsJ6EdFPZeTFQoSyw,,
"✨ La star des JO, c&#39;est lui ! #paris2024 #olympics #olympics2024",0tlF_hENnho,Eurosport France,UCozt5iXNqmhU1I7tcjJ0UFQ,"Eurosport, Jeux Olympiques, JO 2024, JO Paris, Jeux Olympiques Paris, JO paris 2024, Olympic games, Olympic Games 2024, Paris 2024, Olympic Games Paris, cérémonie ouverture paris 2024, jeux olympiques programme, jeux olympiques calendrier, calendrier JO, programme JO, JO diffusion TV, JO Max, JO France TV, JO direct, tableau médailles JO, paris 2024 programme",Abonnez-vous à notre chaîne https://bit.ly/3OetlmT Suivez les meilleurs événements sur Eurosport via la plateforme de ...
Hezly Rivera’s beam is phenomenal!! 🤯 #olympics #gymnastics #paris2024 #gymnast #sports #sport #gym,sK3ywCwKbMw,Ian Gunther,UCU0dlKN6R16DL5KKWq62wNA,,
Paris 2024: Epic Olympic Moments! #paris2024 #olympics #facts,8oxmJl5Uu20,Feri Facts,UCR_3DuHlvy4wty91yRIjf7w,"Olympics, Sports, Viral Moments, Simone Biles, Gabriel Medina, Angela Carini, Yusuf Dikec, Unity in Sports, Olympic Controversy, Epic Comebacks, paris olympics, olympic sports, simone biles olympics, team usa, olympics, summer olympics, olympic highlights today, yusuf dikec, son dakika, shooting sport, yusuf dikeç, angela carini, angela carini pugilato, italian boxer olympics, angela carini imane khelif, olympic highlights, olympic games, gabriel medina surfing",Epic Olympic Moments! Controversial match ends in seconds. Viral selfies bridge political divides. Memes erupt over a ...
Dropped in the worst possible spot 😭 #olympics #sports #fail #fails #gymnastics #olympic #paris2024,os2Jxr-W_uc,Ian Gunther,UCU0dlKN6R16DL5KKWq62wNA,,Featuring @GraceCharisxo.
The @Olympics is absolutely BEAUTIFUL 😱,ntu6ukmnOHo,Ian Boggs,UC9yadlAEiyOUNa3y4dnuYFg,"Ian, Ian Boggs, Olympics, Wow, Beautiful, Paris, Travel, France, Europe, Paris2024, Olympics2024",Sup fam! Thanks for watching my video Subscribe for more and share it with your friends! IG: @ianboggz EMAIL: ...
Breaking has arrived to the Olympics and is delivering the ultimate ✨icon✨ #paris2024,SvGMSrYcsjk,Eurosport,UClhp9g6TPiqCTOlcw0ROfNg,"Eurosport, Discovery, Snooker, Tennis, Olympics, Cycling, La Vuelta, Sport, Moto GP, World Super Bikes, Mountain Biking, Roger Federer, Novak Djokovic, Rafael Nadal, Carlos Alcarez, Serena Williams, Sepp Kuss, Remco Evenepoel, Jonas Vingegaard, Ronnie O'Sullivan, Warner Bros., Live Sport, Football, Youtube, Soccer, Álvaro Bautista, Valentino Rossi, Mark Cavendish, UAE, Emirates, Primož Roglič, Filippo Ganna, Ineos Grenadiers, UAE Team Emirates, Jumbo-Visma, Soudal-QuickStep, Nike, Adidas",Stream every moment of the Paris 2024 Olympics only on Max News and coverage from the #1 sports destination and the ...
THE CRAZIEST THING AT THE OLYMPICS⁉️ #paris2024,AdEKHNIEDxY,Sydney Morgan,UCPHuYCxf9QJArw-4ZXXC7Ig,,Thanks to the @Olympics and to @YouTube for sponsoring this video! #ad.
Aya Nakamura - 2024 PARIS OLYMPICS PERFORMANCE (STUDIO VERSION) (AUDIO) [SPECIAL EDITION],1qkZBnL1Fqc,SKM,UCDfnHfVwAKTzLosOfcBF4UQ,"Music, Singer, Songwriter, Musician, Cover, Song, Remix, Famous, MusicProduction, Performance, Vocals, Country, Aya, Nakamura, Show, Paris, 2024, Olympics, Jeux, Olympiques, Studio, Version, Live, Jo, aya nakamura, paris 2024, jeux olympiques, jo 2024, olympic games, jo paris, jeux olympiques paris, olympic games 2024, cérémonie ouverture paris 2024, paris 2024 cérémonie ouverture, jo cérémonie ouverture, aya nakamura olympics audio, olympics, audio, mashup, jo paris 2024, olympic games paris, paroles, lyrics","This version was made by SKM. Please do not repost. If you want to include this in your project, please credit me. 00:00 - Intro (La ..."
Full video above of recap of paris 2024 olympics!👆🏻🤸‍♀️✨#olympics #olympicsport #paris2024,JjsVGxOSN1o,Cathy Ding,UCbl0yE0eafeMVIzn5de2FZA,,
Stephen Curry comes CLUTCH as USA win Olympic Basketball Gold again 🥇 | #Paris2024 #Olympics,VQmiUJ0QhTI,Eurosport,UClhp9g6TPiqCTOlcw0ROfNg,"Eurosport, Discovery, Snooker, Tennis, Olympics, Cycling, La Vuelta, Sport, Moto GP, World Super Bikes, Mountain Biking, Roger Federer, Novak Djokovic, Rafael Nadal, Carlos Alcarez, Serena Williams, Sepp Kuss, Remco Evenepoel, Jonas Vingegaard, Ronnie O'Sullivan, Warner Bros., Live Sport, Football, Youtube, Soccer, Álvaro Bautista, Valentino Rossi, Mark Cavendish, UAE, Emirates, Primož Roglič, Filippo Ganna, Ineos Grenadiers, UAE Team Emirates, Jumbo-Visma, Soudal-QuickStep, Nike, Adidas",Stream every moment of the Paris 2024 Olympics only on discovery+ in the UK News and coverage from the #1 sports ...
"😠 Comment régler des conflits, à la sauce Jeux Olympiques ? #paris2024 #olympics #olympics2024",r070jOrMm3I,Eurosport France,UCozt5iXNqmhU1I7tcjJ0UFQ,"Eurosport, Jeux Olympiques, JO 2024, JO Paris, Jeux Olympiques Paris, JO paris 2024, Olympic games, Olympic Games 2024, Paris 2024, Olympic Games Paris, cérémonie ouverture paris 2024, jeux olympiques programme, jeux olympiques calendrier, calendrier JO, programme JO, JO diffusion TV, JO Max, JO France TV, JO direct, tableau médailles JO, paris 2024 programme",Abonnez-vous à notre chaîne https://bit.ly/3OetlmT Suivez les meilleurs événements sur Eurosport via la plateforme de ...
"All 45 Sports List of Paris Olympic Games 2024 | Paris, France 2024",jdE12JQGA54,Knowledge Pill,UCflXwJUG6fyV3XZWFBog6Lw,"All 45 Sports List of Paris Olympic Games 2024, All games of olympics, Olympics games 2021, Newly added games to the Olympics, olympic games, olympic games tokyo 2020, complete games list of olympics, new olympic games added, olympic games 2021, summer olympics games list, all olympics games names, All games list of Tokyo Olympics 2020, sports of olympic, olympic total games, olympic games list of sports, olimpik, olympics 2024, paris 2024, paris olympics","Hello Friends, This video is about the All 45 Sports List of the Paris Olympic Games 2024. Full 45 games list of Paris Olympics ..."
😱😱😱 Le point MONSTRUEUX signé Alexis Lebrun #Olympics #Paris2024 #Olympics2024 #pingpong,9PUBIxoTyqw,Eurosport France,UCozt5iXNqmhU1I7tcjJ0UFQ,"Eurosport, Jeux Olympiques, JO 2024, JO Paris, Jeux Olympiques Paris, JO paris 2024, Olympic games, Olympic Games 2024, Paris 2024, Olympic Games Paris, cérémonie ouverture paris 2024, jeux olympiques programme, jeux olympiques calendrier, calendrier JO, programme JO, JO diffusion TV, JO Max, JO France TV, JO direct, tableau médailles JO, paris 2024 programme",Abonnez-vous à notre chaîne https://bit.ly/3OetlmT Suivez les meilleurs événements sur Eurosport via la plateforme de ...
"Final Results Paris Olympics 2024, Top 10! #paris2024 #olympics #goldmedal #sports #teamusa",k2fO6goqqWU,Sage Territory,UCwFdNRXQ_yjxOufGnFfnJIw,"Paris 2024, Olympics, Olympic Games, gold medals, top 10 countries, final medal count, USA, China, Japan, Australia, France, Netherlands, Great Britain, Korea, Italy, Germany, sports highlights, Olympic recap","Discover the top 10 countries that dominated the 2024 Paris Olympics, ranked by the number of gold medals won. From the ..."
Miltiadis Tentoglou won gold at #Paris2024 with an 8.48m long jump! 🥇,vfrFn2GtFwg,Olympics,UCTl3QQTvqHFjurroKxexy2Q,"Olympic Games, Olympic Medal, Olympics, Olympic Sports, Gold, Silver, Beijing2022, Beijing 2022, Olympic Games 2022, Olympics 2022, Winter Olympics, Tokyo 2020, Tokyo 2021, olympic games, olympic games 2022, olympic games 2020, beijing 2022, olympic channel, olympics 2020, Paris 2024, Paris Olympics, Juegos Olimpicos, Jogos Olimpicos, Olympic, Olympic Games 2024, Olympics 2024, Neeraj Chopra, Simone Biles, Sha'Carri Richardson, Noah Lyles, Hanyu, Paris, Mondo Duplantis",Re-live ALL the incredible #Paris2024 action: ➡️ https://oly.ch/P24Replays. #Paris2024 replays: ...
It’s magic when the world comes together at the Olympic Games. #CocaColaParis2024 #Paris2024,0rCqC1ZabEk,Olympics,UCTl3QQTvqHFjurroKxexy2Q,"Olympic Games, Olympic Medal, Olympics, Olympic Sports, Gold, Silver, Beijing2022, Beijing 2022, Olympic Games 2022, Olympics 2022, Winter Olympics, Tokyo 2020, Tokyo 2021, olympic games, olympic games 2022, olympic games 2020, beijing 2022, olympic channel, olympics 2020, Paris 2024, Paris Olympics, Juegos Olimpicos, Jogos Olimpicos, Olympic, Olympic Games 2024, Olympics 2024, Neeraj Chopra, Simone Biles, Sha'Carri Richardson, Noah Lyles, Hanyu, Paris, Mondo Duplantis",Re-live ALL the incredible #Paris2024 action: ➡️ https://oly.ch/P24Replays. #Paris2024 replays: ...
Phrygian caps will be the Paris 2024 Olympic and Paralympic Games mascots • FRANCE 24 English,-kMiJ41ZdSM,FRANCE 24 English,UCQfwfsi5VrQ8yKZ-UWmAEFg,"2024, France, Olympic Games, Paris, announce, caps, french, french revolution, games, information, infos, international, mascot, mascots, news, olympics, paris 2024, parlympic games, phrygian, revolution, sport, sports",Phrygian caps will be the Paris 2024 Olympic and Paralympic Games mascots as organisers look to to celebrate the French ...
Silver 🥈Wayne Pinnock! 🇯🇲8m36 #paris2024 #olympics #longjump,QVjnVJLuoic,hangphou,UCBLNSbXDdll2CSS3_u5t_tw,,
Top 10 Olympic Countries 🥇 #paris2024,6IX7SZaMtG0,Max Klymenko,UCisy6taOAeLfyaCqcMQDfig,,
Olympic Record for Marileidy Paulino! 🇩🇴 #Paris2024,obWcfHYfKeA,Olympics,UCTl3QQTvqHFjurroKxexy2Q,,Watch all the #Paris2024 action LIVE! ➡️ https://oly.ch/3yFZpOg #Olympics #Paris2024 #Olympics2024. Latest #Paris2024 ...
He did this at the Olympics. 😮,AwgDhsT-FH0,Olympics Gymnastics,UC_kdjhHnkUbSImMrezjRyDQ,"Tokyo2020, Tokyo 2020, Olympic Games 2020, Olympic Summer Games 2020, Olympics 2020, Olympics 2021, Tokyo 2021, Olympic Games 2021, Olympic Games, Olympic Channel, Olympic Medal, Olympics, IOC, Sport, Champion, Olympic Sports, الجمباز الفني, 竞技体操, Gymnastique, artistique, Turnsport, Kunstturnen, Ginnastica, Artistica, 体操競技, 체조, Спортивная, гимнастика, Gimnasia artística, Gymnastics, Artistic, simone biles, simone biles olympics, simone biles gymnastics","Subscribe to @OlympicsGymnastics: https://oly.ch/SubscribeGym Yes, Danell Leyva gave the audience at Rio 2016 a show at the ..."
Coolest Olympian ever Yusuf Dikec #shootergames #shooters #paris2024 #olympics,Tm_d_ULL2ew,Feast Nirvana,UC9EjoffopKdjmV7366TBY7A,"#CoolestOlympian, #YusufDikec, #Paris2024, #Olympics, #ShooterGames, #Shooters","Meet the coolest Olympian ever, Yusuf Dikec! Known for his remarkable skills in shooting sports, Yusuf is set to compete at the ..."
“𝘾𝙊𝙈𝙀 𝙊𝙉 𝙎𝙐𝙈𝙈𝙀𝙍!” It&#39;s an Olympic record at Paris 2024 🤩 #paris2024,MvZhqjKOkw4,Eurosport,UClhp9g6TPiqCTOlcw0ROfNg,"Eurosport, Discovery, Snooker, Tennis, Olympics, Cycling, La Vuelta, Sport, Moto GP, World Super Bikes, Mountain Biking, Roger Federer, Novak Djokovic, Rafael Nadal, Carlos Alcarez, Serena Williams, Sepp Kuss, Remco Evenepoel, Jonas Vingegaard, Ronnie O'Sullivan, Warner Bros., Live Sport, Football, Youtube, Soccer, Álvaro Bautista, Valentino Rossi, Mark Cavendish, UAE, Emirates, Primož Roglič, Filippo Ganna, Ineos Grenadiers, UAE Team Emirates, Jumbo-Visma, Soudal-QuickStep, Nike, Adidas","News and coverage from the #1 sports destination and the #HomeofOlympics in Europe. Watch Eurosport anytime, anywhere via: ..."
‘𝑻𝒉𝒆 𝑫𝒊𝒌𝒆𝒄’ 😎 Best Celebration Ever? 👀 #olympics #paris2024,dVayGhKRssA,Eurosport,UClhp9g6TPiqCTOlcw0ROfNg,"Eurosport, Discovery, Snooker, Tennis, Olympics, Cycling, La Vuelta, Sport, Moto GP, World Super Bikes, Mountain Biking, Roger Federer, Novak Djokovic, Rafael Nadal, Carlos Alcarez, Serena Williams, Sepp Kuss, Remco Evenepoel, Jonas Vingegaard, Ronnie O'Sullivan, Warner Bros., Live Sport, Football, Youtube, Soccer, Álvaro Bautista, Valentino Rossi, Mark Cavendish, UAE, Emirates, Primož Roglič, Filippo Ganna, Ineos Grenadiers, UAE Team Emirates, Jumbo-Visma, Soudal-QuickStep, Nike, Adidas","News and coverage from the #1 sports destination and the #HomeofOlympics in Europe. Watch Eurosport anytime, anywhere via: ..."
Les frissons #paris2024 #olympics #olympics2024,RPZASr1LiFA,Eurosport France,UCozt5iXNqmhU1I7tcjJ0UFQ,"Eurosport, Jeux Olympiques, JO 2024, JO Paris, Jeux Olympiques Paris, JO paris 2024, Olympic games, Olympic Games 2024, Paris 2024, Olympic Games Paris, cérémonie ouverture paris 2024, jeux olympiques programme, jeux olympiques calendrier, calendrier JO, programme JO, JO diffusion TV, JO Max, JO France TV, JO direct, tableau médailles JO, paris 2024 programme",Abonnez-vous à notre chaîne https://bit.ly/3OetlmT Suivez les meilleurs événements sur Eurosport via la plateforme de ...
Unique celebration for an Olympic medal! 🕺😆 #Paris2024,vsA6CCOUZ7o,Eurosport,UClhp9g6TPiqCTOlcw0ROfNg,"Eurosport, Discovery, Snooker, Tennis, Olympics, Cycling, La Vuelta, Sport, Moto GP, World Super Bikes, Mountain Biking, Roger Federer, Novak Djokovic, Rafael Nadal, Carlos Alcarez, Serena Williams, Sepp Kuss, Remco Evenepoel, Jonas Vingegaard, Ronnie O'Sullivan, Warner Bros., Live Sport, Football, Youtube, Soccer, Álvaro Bautista, Valentino Rossi, Mark Cavendish, UAE, Emirates, Primož Roglič, Filippo Ganna, Ineos Grenadiers, UAE Team Emirates, Jumbo-Visma, Soudal-QuickStep, Nike, Adidas",Stream every moment of the Paris 2024 Olympics only on Max News and coverage from the #1 sports destination and the ...
Olympic record for Tamirat Tola in the Men&#39;s Marathon 🥇 #Paris2024 #Olympics,W3BQlyPuTiQ,Eurosport,UClhp9g6TPiqCTOlcw0ROfNg,"Eurosport, Discovery, Snooker, Tennis, Olympics, Cycling, La Vuelta, Sport, Moto GP, World Super Bikes, Mountain Biking, Roger Federer, Novak Djokovic, Rafael Nadal, Carlos Alcarez, Serena Williams, Sepp Kuss, Remco Evenepoel, Jonas Vingegaard, Ronnie O'Sullivan, Warner Bros., Live Sport, Football, Youtube, Soccer, Álvaro Bautista, Valentino Rossi, Mark Cavendish, UAE, Emirates, Primož Roglič, Filippo Ganna, Ineos Grenadiers, UAE Team Emirates, Jumbo-Visma, Soudal-QuickStep, Nike, Adidas",Stream every moment of the Paris 2024 Olympics only on Max News and coverage from the #1 sports destination and the ...
Minions at the Paris 2024 Olympics ∞ Chariots of Fire,yTXWuLrHzV0,Minions Over 360,UCiNqxg2D9o8XKO1YKCXrgzg,"minions, Yt:quality=high, minions songs, songs for children, songs for kids, songs for child, minions corto, minions short, minions dance, minions cover, Minions, minions song, minions music, JO Paris, Minions at the 2024 Paris Olympics, Minions Paris Olympics, Minions JO Paris, Minions Jo 2024, Chariots of fire Minions, Paris Minions, Olympics Minions, Paris Olympic Games, minions olympics 2024, olympics minions, Despicable me 4, minions olympics, Shakira, Seine, minions 360",Minions under the Seine at the Paris 2024 Olympics ∞ @Over360 ⨠ Follow this channel and you will find many other videos like ...
We won Gold at the Olympics🥇😍 #shorts #paris2024,BgsuwbKP52Y,The Kurta Guy,UCb2v4UGL7V3QprbxrkXZkuQ,"Reels, Instagram, Instagram reels, Shorts, YouTube, Funny video, the kurta guy, vividh the kurta guy, olympics, olympics 2024, paris 2024, paris olympics, mom, mom and son, indian mom, gold medal, neeraj chopra, olympics india",What other sports should we compete in? Go follow me on Instagram for more daily updates ...
Their reactions gave me chills 🥹 #olympics #gymnast #gymnastics #olympic #sports #paris2024 #sports,s1HpBC0MZfw,Ian Gunther,UCU0dlKN6R16DL5KKWq62wNA,,
Lady Gaga’s 2024 Paris Olympic Performance💅🏼 #ladygaga #paris2024 #olympics #celebritynews #yt,_eWwBUSpgBo,Flynn West,UCN-eszjf-E7-WLGnMmoPOjQ,,
🇺🇸 USA vs 🇮🇹 ITA - Paris 2024 Olympic Qualification Tournament | Full Match - Volleyball,fltR0iPeX0E,Volleyball World,UCNMg6XDhRZI2QzL4pWOvP_w,"FIVB, FIVB International Volleyball FederationVolleyball Match, volleyball, indoor volleyball, Volleyball World, Live Volleyball, Volleyball full match, men’s volleyball, women’s volleyball, كرة الطائرة, 排球, Volleyball, Volley, バレーボール, 배구, Voleibol, Волейбол",Sync your calendar to the Olympic Games match schedule to not miss a single game of your favorite team: https://ql.
Novak Djokovic beats Carlos Alcaraz to win Olympic tennis gold at last! 🥇🐐 | #Paris2024 Highlights,f2rdSWJd0Uc,Eurosport Tennis,UCxyDulPLBU9WiiN43xTs5FQ,"Tennis, Olympics, Eurosport, Sport, Roger Federer, Novak Djokovic, Carlos Alcarez, Rafael Nadal, Andy Murray, Serena Williams, Venus Williams, Adidas, Nike, Australian Open, Roland Garros, French Open, Wimbledon, US Open, New Balance, Head, WTA, LTA, Davis Cup, Rod Laver, Billie Jean King, Andre Agassi, Pete Sampras, Ivan Lendl, Coco Gauff, Emma Raducanu, Maria Sharapova, Simona Halep, Casper Ruud, Cameron Norrie, Daniil Medvedev, Taylor Fritz, Dan Evans, Dominic Thiem",Stream every moment of the Paris 2024 Olympics only on Max News and coverage from the #1 sports destination and the ...
💥 Elle est l&#39;athlète la plus stylée des Jeux ! #paris2024 #olympics #olympics2024,H5h6ZwbRMVs,L'ÉQUIPE,UCyIV8rkza5Uk_sJIhqilBvQ,"Sport, actualités, actualités sport, L’équipe, La chaîne l’équipe, l ‘équipe en direct, l’équipe du soir, l’équipe 21, l'équipe du soir replay, rmc sport, Eurosport, foot mercato, actu foot, canal+sport",Ne ratez rien de l'actualité sportive http://ow.ly/5etn30qnKgp Abonnez-vous à l'offre numérique http://ow.ly/wjz230qqgaU ...
😂🥇&quot;Médaillé d’argent et champion olympique !&quot; #olympics2024 #olympics #paris2024 #speaker #fail,9inp1nTWTDs,Eurosport France,UCozt5iXNqmhU1I7tcjJ0UFQ,"Eurosport, Jeux Olympiques, JO 2024, JO Paris, Jeux Olympiques Paris, JO paris 2024, Olympic games, Olympic Games 2024, Paris 2024, Olympic Games Paris, cérémonie ouverture paris 2024, jeux olympiques programme, jeux olympiques calendrier, calendrier JO, programme JO, JO diffusion TV, JO Max, JO France TV, JO direct, tableau médailles JO, paris 2024 programme",Abonnez-vous à notre chaîne https://bit.ly/3OetlmT Suivez les meilleurs événements sur Eurosport via la plateforme de ...
8️⃣ règles à connaître pour les Jeux Paralympiques #shorts #olympics #paris2024,b1rlRl8raeQ,L'ÉQUIPE,UCyIV8rkza5Uk_sJIhqilBvQ,"Sport, actualités, actualités sport, L’équipe, La chaîne l’équipe, l ‘équipe en direct, l’équipe du soir, l’équipe 21, l'équipe du soir replay, rmc sport, Eurosport, foot mercato, actu foot, canal+sport",Ne ratez rien de l'actualité sportive http://ow.ly/5etn30qnKgp Abonnez-vous à l'offre numérique http://ow.ly/wjz230qqgaU ...
Tom Cruise DIVES into Paris Olympics Closing Ceremony &amp; drives off with flag to LA 2028 🔥,49u3TrRwpOE,Eurosport,UClhp9g6TPiqCTOlcw0ROfNg,"Eurosport, Discovery, Snooker, Tennis, Olympics, Cycling, La Vuelta, Sport, Moto GP, World Super Bikes, Mountain Biking, Roger Federer, Novak Djokovic, Rafael Nadal, Carlos Alcarez, Serena Williams, Sepp Kuss, Remco Evenepoel, Jonas Vingegaard, Ronnie O'Sullivan, Warner Bros., Live Sport, Football, Youtube, Soccer, Álvaro Bautista, Valentino Rossi, Mark Cavendish, UAE, Emirates, Primož Roglič, Filippo Ganna, Ineos Grenadiers, UAE Team Emirates, Jumbo-Visma, Soudal-QuickStep, Nike, Adidas",Stream every moment of the Paris 2024 Olympics only on Max News and coverage from the #1 sports destination and the ...
"🤫 Quand Léon Marchand nage, Paris s’arrête ... #olympics2024 #olympics #paris2024",_bd2fzFi6Qg,Eurosport France,UCozt5iXNqmhU1I7tcjJ0UFQ,"Eurosport, Jeux Olympiques, JO 2024, JO Paris, Jeux Olympiques Paris, JO paris 2024, Olympic games, Olympic Games 2024, Paris 2024, Olympic Games Paris, cérémonie ouverture paris 2024, jeux olympiques programme, jeux olympiques calendrier, calendrier JO, programme JO, JO diffusion TV, JO Max, JO France TV, JO direct, tableau médailles JO, paris 2024 programme",Abonnez-vous à notre chaîne https://bit.ly/3OetlmT Suivez les meilleurs événements sur Eurosport via la plateforme de ...
Mr. Bean Live Performance at the London 2012 Olympic Games,CwzjlmBLfrQ,Olympics,UCTl3QQTvqHFjurroKxexy2Q,"IOC, Mr Bean Best Performance, Funny, Olympics, London 2012, Mr Bean Olympics 2012, Games, Sport, 2012, Rio, Olympia, Olympiad, Ceremony, Rowan Atkinson, Mr. Bean, International, Best Performance, Comedy, Chariots, Fire, Running, Race, Classic, Mr Bean Live Performance, Performance, Bean, Children, Entertainment, Live, Arena, Film, Movie, Rowan Atkinson Olympics 2012, Chariots of Fire, Mister Bin, Fun, Mr Beean London Olympics",Re-live ALL the incredible #Paris2024 action ➡️ https://go.olympics.com/watch Rowan Atkinson performs under the guise of his ...
PARIS 2024 Victory Ceremony | Official Theme Music | Full Version | SUMMER OLYMPIC PARIS 2024,DnYfylAnMl4,ART YOON SPUTNIK,UC9y4gWo3HQ5_eupxu7ZxROQ,,"PARIS 2024 OFFICIAL THEME MUSIC and VICTORY CEREMONY Full Version in SUMMER OLYMPIC PARIS 2024 ""Parade"" By ..."
🥇 Voici la valeur des médailles d&#39;or aux JO #paris2024 #olympics #olympics2024,HnlFanYXFMU,L'ÉQUIPE,UCyIV8rkza5Uk_sJIhqilBvQ,"Sport, actualités, actualités sport, L’équipe, La chaîne l’équipe, l ‘équipe en direct, l’équipe du soir, l’équipe 21, l'équipe du soir replay, rmc sport, Eurosport, foot mercato, actu foot, canal+sport",Ne ratez rien de l'actualité sportive http://ow.ly/5etn30qnKgp Abonnez-vous à l'offre numérique http://ow.ly/wjz230qqgaU ...
I WENT TO THE PARIS 2024 OLYMPICS!,XS717oc_8T4,MM7Games,UCjB_adDAIxOL8GA4Y4OCt8g,"miniminter, mm7games, simon, random, sidemen",Should I vlog more events like this? ⭐ SEND ME YOUR VIDEO IDEAS: https://bit.ly/MM7Games-suggestions ➖ Follow me ...
Nemour devient la première gymnaste algérienne en or ! #paris2024 #olympics #olympics2024,qGDkwIf5oDg,Eurosport France,UCozt5iXNqmhU1I7tcjJ0UFQ,"Eurosport, Jeux Olympiques, JO 2024, JO Paris, Jeux Olympiques Paris, JO paris 2024, Olympic games, Olympic Games 2024, Paris 2024, Olympic Games Paris, cérémonie ouverture paris 2024, jeux olympiques programme, jeux olympiques calendrier, calendrier JO, programme JO, JO diffusion TV, JO Max, JO France TV, JO direct, tableau médailles JO, paris 2024 programme",Abonnez-vous à notre chaîne https://bit.ly/3OetlmT Suivez les meilleurs événements sur Eurosport via la plateforme de ...
What’s your favorite OLYMPIC TEAM? 🥇❤️ #olympics #paris2024 #running,z2SSW8youn4,The Fashion Jogger,UC6khvHxqs_5VySwJ6amtG8Q,,
Dominant Novak Djokovic cruises into Olympic men&#39;s tennis final 🇷🇸 | #Paris2024 #Olympics,Ar60iROFgK0,Eurosport Tennis,UCxyDulPLBU9WiiN43xTs5FQ,"Tennis, Olympics, Eurosport, Sport, Roger Federer, Novak Djokovic, Carlos Alcarez, Rafael Nadal, Andy Murray, Serena Williams, Venus Williams, Adidas, Nike, Australian Open, Roland Garros, French Open, Wimbledon, US Open, New Balance, Head, WTA, LTA, Davis Cup, Rod Laver, Billie Jean King, Andre Agassi, Pete Sampras, Ivan Lendl, Coco Gauff, Emma Raducanu, Maria Sharapova, Simona Halep, Casper Ruud, Cameron Norrie, Daniil Medvedev, Taylor Fritz, Dan Evans, Dominic Thiem",Stream every moment of the Paris 2024 Olympics only on Max News and coverage from the #1 sports destination and the ...
Letsile Tebogo stuns Noah Lyles to win 200m gold 🥇 | #Paris2024 #Olympics,Rs9o7lXBX4k,Eurosport,UClhp9g6TPiqCTOlcw0ROfNg,"Eurosport, Discovery, Snooker, Tennis, Olympics, Cycling, La Vuelta, Sport, Moto GP, World Super Bikes, Mountain Biking, Roger Federer, Novak Djokovic, Rafael Nadal, Carlos Alcarez, Serena Williams, Sepp Kuss, Remco Evenepoel, Jonas Vingegaard, Ronnie O'Sullivan, Warner Bros., Live Sport, Football, Youtube, Soccer, Álvaro Bautista, Valentino Rossi, Mark Cavendish, UAE, Emirates, Primož Roglič, Filippo Ganna, Ineos Grenadiers, UAE Team Emirates, Jumbo-Visma, Soudal-QuickStep, Nike, Adidas",Stream every moment of the Paris 2024 Olympics only on discovery+ in the UK News and coverage from the #1 sports ...
Jagger couldn&#39;t believe it! #Paris2024,S24pTFT7uVw,Olympics,UCTl3QQTvqHFjurroKxexy2Q,,Want to watch live sport and original documentaries for free? Check out our website: https://oly.ch/WatchLiveSport #Paris2024 # ...
South Korea continue archery domination against France 🥇 | #Paris2024 #Olympics,mHT1WrNm-IE,Eurosport,UClhp9g6TPiqCTOlcw0ROfNg,"Eurosport, Discovery, Snooker, Tennis, Olympics, Cycling, La Vuelta, Sport, Moto GP, World Super Bikes, Mountain Biking, Roger Federer, Novak Djokovic, Rafael Nadal, Carlos Alcarez, Serena Williams, Sepp Kuss, Remco Evenepoel, Jonas Vingegaard, Ronnie O'Sullivan, Warner Bros., Live Sport, Football, Youtube, Soccer, Álvaro Bautista, Valentino Rossi, Mark Cavendish, UAE, Emirates, Primož Roglič, Filippo Ganna, Ineos Grenadiers, UAE Team Emirates, Jumbo-Visma, Soudal-QuickStep, Nike, Adidas",Stream every moment of the Paris 2024 Olympics only on Max News and coverage from the #1 sports destination and the ...
Aya Nakamura - 2024 PARIS OLYMPICS PERFORMANCE (STUDIO VERSION) (AUDIO) [SPECIAL EDITION],1qkZBnL1Fqc,SKM,UCDfnHfVwAKTzLosOfcBF4UQ,"Music, Singer, Songwriter, Musician, Cover, Song, Remix, Famous, MusicProduction, Performance, Vocals, Country, Aya, Nakamura, Show, Paris, 2024, Olympics, Jeux, Olympiques, Studio, Version, Live, Jo, aya nakamura, paris 2024, jeux olympiques, jo 2024, olympic games, jo paris, jeux olympiques paris, olympic games 2024, cérémonie ouverture paris 2024, paris 2024 cérémonie ouverture, jo cérémonie ouverture, aya nakamura olympics audio, olympics, audio, mashup, jo paris 2024, olympic games paris, paroles, lyrics","This version was made by SKM. Please do not repost. If you want to include this in your project, please credit me. 00:00 - Intro (La ..."
paris olympics with my best friend #shorts #olympics,sWMREf3mk50,Shawn & Andrew,UCJ15Zl-v8-ghTgEOTpxHdGw,,adventures with my favorite person #parisolympics2024 #paris #paris2024 #parents #marraige #marriedlife #olympics2024.
Neeraj Chopra की मां ने अरशद नदीम को क्या कहा | Paris Olympics 2024 #shorts #Paris2024 #neerajchopra,ksfEKn4HUvc,RANKERS GURUKUL,UCnoFgtSgG9PPAmwzG2P00JA,"paris olympics 2024, arshad nadeem, arshad nadeem javelin throw, neeraj chopra javelin throw, neeraj chopra javelin throw today, neeraj chopra news, neeraj chopra paris olympics, javelin throw, olympics, neeraj chopra gold medal, neeraj chopra match, paris olympics, neeraj chopra olympics, neeraj chopra wins gold, paris olympics india, rankers gurukul, neeraj chopra, neeraj chopra silver medal, Neeraj Chopra wins silver, Nadeem clinches gold in Men’s Javelin Throw, trending",Neeraj Chopra की मां ने अरशद नदीम को क्या कहा | Paris 2024 Highlights| Paris Olympics 2024 #shorts ...
Serbia&#39;s Novak Djokovic celebrates his Olympic Gold Medal 🇷🇸🥇 | #Paris2024 #Olympics,Uwiiy4ITgYA,Eurosport Tennis,UCxyDulPLBU9WiiN43xTs5FQ,"Tennis, Olympics, Eurosport, Sport, Roger Federer, Novak Djokovic, Carlos Alcarez, Rafael Nadal, Andy Murray, Serena Williams, Venus Williams, Adidas, Nike, Australian Open, Roland Garros, French Open, Wimbledon, US Open, New Balance, Head, WTA, LTA, Davis Cup, Rod Laver, Billie Jean King, Andre Agassi, Pete Sampras, Ivan Lendl, Coco Gauff, Emma Raducanu, Maria Sharapova, Simona Halep, Casper Ruud, Cameron Norrie, Daniil Medvedev, Taylor Fritz, Dan Evans, Dominic Thiem",Stream every moment of the Paris 2024 Olympics only on Max News and coverage from the #1 sports destination and the ...
Pourquoi les athlètes penchent dans les virages en athlétisme ? #paris2024 #olympics #olympics2024,bnb6uANj8cI,L'ÉQUIPE,UCyIV8rkza5Uk_sJIhqilBvQ,"Sport, actualités, actualités sport, L’équipe, La chaîne l’équipe, l ‘équipe en direct, l’équipe du soir, l’équipe 21, l'équipe du soir replay, rmc sport, Eurosport, foot mercato, actu foot, canal+sport",Ne ratez rien de l'actualité sportive http://ow.ly/5etn30qnKgp Abonnez-vous à l'offre numérique http://ow.ly/wjz230qqgaU ...
IN A MINUTE: Mongolia team stands out with stunning Olympic attire #shorts,FxHh_OhrbtM,South China Morning Post,UC4SUWizzKc1tptprBkWjX2Q,"scmp, south china morning post",Team Mongolia has unveiled its 'insane uniform' for the Paris Olympics ceremonies. Subscribe to our YouTube channel for free ...
Remco Evenepoel seals the Olympic DOUBLE! 🥇 | Men&#39;s Road Race Final | #Paris2024 #Olympics,msJID0ymvMQ,Eurosport Cycling,UCfDfvvMARk4TKcC62ALi6eA,"Eurosport, Discovery, Olympics, Cycling, La Vuelta, Sport, Sepp Kuss, Remco Evenepoel, Jonas Vingegaard, Warner Bros., Live Sport, Youtube, Mark Cavendish, UAE, Emirates, Primož Roglič, Filippo Ganna, Ineos Grenadiers, UAE Team Emirates, Jumbo-Visma, Soudal-QuickStep, Cyclocross, Tour de France, Lance Armstrong, Tadej Pogacar, Wout Van Aert, Mathieu Van Der Poel, Julian Alaphillipe, Tom Pidcock, Egan Bernal, Eurosport Cycling, British Cycling, Olympics 2024, Paris 2024",Stream every moment of the Paris 2024 Olympics only on Max News and coverage from the #1 sports destination and the ...
Meg made it to the Paris 2024 Olympics...🗼😲#series #familyguy,AbzWblxXU7Y,FamilyMovie,UC6oQV2ga8sSpsybOSK_aDHg,"Series, Movie, Films, Freemovie, Cinema, Best moment, Best movie",Meg made it to the Paris 2024 Olympics...    #series #familyguy.
Céline Dion - Paris 2024 Olympics - The Hymn to Love (French Lyrics + English Translation),rZpUG_-SIn4,Music 360,UCBuztHgnwwC5H9nT9Mr2N7Q,"céline dion, l'hymne à l'amour, céline dion l'hymne à l'amour, l'hymne à l'amour lyrics, paris 2024, olympics, olympics opening ceremony, céline dion olympics, céline dion 2024, céline dion performance, céline dion live, l'hymne à l'amour english translation, french lyrics english translation, song lyrics, céline dion official, olympics 2024, legendary performance, iconic song, english translation, french lyrics, The Hymn to Love",Céline Dion - L'hymne à l'amour / The Hymn to Love** - Experience the iconic performance with French lyrics and English ...
Neeraj Chopra won India its first silver medal at the 2024 Olympics. #Paris2024 #Olympics,3vFa2yzg7zA,Brut India,UCCgQaXjsJ6EdFPZeTFQoSyw,"News videos India, Indian news, Young Indians, Indian youtuber, India content, Interesting videos India, Latest India, Viral india, brut videos","Brut India is the fastest-growing digital video publisher in the country. We're a young, independent platform producing compelling ..."
JPN 🇯🇵 vs 🇹🇷 TUR - Paris 2024 Olympic Qualification Tournament | Full Match - Volleyball,ZVTshYPtbKw,Volleyball World,UCNMg6XDhRZI2QzL4pWOvP_w,"FIVB, FIVB International Volleyball FederationVolleyball Match, volleyball, indoor volleyball, Volleyball World, Live Volleyball, Volleyball full match, men’s volleyball, women’s volleyball, كرة الطائرة, 排球, Volleyball, Volley, バレーボール, 배구, Voleibol, Волейбол",Sync your calendar to the Olympic Games match schedule to not miss a single game of your favorite team: https://ql.
Stephen Nedoroscik on training for pommel horse at the Olympics,e7i9xAHZqd4,Bleacher Report,UC9-OpMMVoNP5o10_Iyq7Ndw,"olympics, paris olympics, pommel horse, pommel horse guy, gymnastics, 2024 olympics, olympics 2024, olympics interview, pommel horse guy interview, Stephen Nedoroscik","Viral USA Olympian and ""pommel horse guy"" Stephen Nedoroscik breaks down the analytical side of pommel horse. #olympics ..."
🤺🦘 Mais c&#39;est quoi cette technique Sébastien Patrice ? 🤣 #Olympics #Paris2024 #Olympics2024,OpPs55m0elA,Eurosport France,UCozt5iXNqmhU1I7tcjJ0UFQ,"Eurosport, Jeux Olympiques, JO 2024, JO Paris, Jeux Olympiques Paris, JO paris 2024, Olympic games, Olympic Games 2024, Paris 2024, Olympic Games Paris, cérémonie ouverture paris 2024, jeux olympiques programme, jeux olympiques calendrier, calendrier JO, programme JO, JO diffusion TV, JO Max, JO France TV, JO direct, tableau médailles JO, paris 2024 programme",Abonnez-vous à notre chaîne https://bit.ly/3OetlmT Suivez les meilleurs événements sur Eurosport via la plateforme de ...
😱 Scène insolite au tir à l&#39;arc #paris2024 #olympics #olympics2024,EG-RT5bbS0Y,Eurosport France,UCozt5iXNqmhU1I7tcjJ0UFQ,"Eurosport, Jeux Olympiques, JO 2024, JO Paris, Jeux Olympiques Paris, JO paris 2024, Olympic games, Olympic Games 2024, Paris 2024, Olympic Games Paris, cérémonie ouverture paris 2024, jeux olympiques programme, jeux olympiques calendrier, calendrier JO, programme JO, JO diffusion TV, JO Max, JO France TV, JO direct, tableau médailles JO, paris 2024 programme",Abonnez-vous à notre chaîne https://bit.ly/3OetlmT Suivez les meilleurs événements sur Eurosport via la plateforme de ...
🙃 Le bonnet des Françaises ???!!!??? #Olympics #Paris2024 #Olympics2024,4BPJrtb8JrM,Eurosport France,UCozt5iXNqmhU1I7tcjJ0UFQ,"Eurosport, Jeux Olympiques, JO 2024, JO Paris, Jeux Olympiques Paris, JO paris 2024, Olympic games, Olympic Games 2024, Paris 2024, Olympic Games Paris, cérémonie ouverture paris 2024, jeux olympiques programme, jeux olympiques calendrier, calendrier JO, programme JO, JO diffusion TV, JO Max, JO France TV, JO direct, tableau médailles JO, paris 2024 programme",Abonnez-vous à notre chaîne https://bit.ly/3OetlmT Suivez les meilleurs événements sur Eurosport via la plateforme de ...
This is India’s official ceremonial outfit for the 2024 #Olympics #Paris2024,JDpnCWRS6QI,Brut India,UCCgQaXjsJ6EdFPZeTFQoSyw,,
Paris 2024: Why athletes complained about food in Olympic Village | #shorts #yahooaustralia,VM1RhvTdAxM,Yahoo Australia,UCT86fneSa0TlH9hN1EJhmSQ,"yahoo australia, yahoo lifestyle australia, yahoo finance australia, Sydney news, melbourne news, brisbane news, australian news, yahoo news, yahoo, yahoo news australia, yahoo sport, latest news australia, australia's top stories, yahoo news AU, news, trending news",Subscribe and turn on notifications   : https://buff.ly/3F6ZiLt | Olympians at Paris 2024 have been complaining about the food ...
🤬Fabrisio Saïdy poussé par un adversaire pendant le relais 4x400m #olympics #olympics2024 #paris2024,KMW1t1mvCHA,Eurosport France,UCozt5iXNqmhU1I7tcjJ0UFQ,"Eurosport, Jeux Olympiques, JO 2024, JO Paris, Jeux Olympiques Paris, JO paris 2024, Olympic games, Olympic Games 2024, Paris 2024, Olympic Games Paris, cérémonie ouverture paris 2024, jeux olympiques programme, jeux olympiques calendrier, calendrier JO, programme JO, JO diffusion TV, JO Max, JO France TV, JO direct, tableau médailles JO, paris 2024 programme",Abonnez-vous à notre chaîne https://bit.ly/3OetlmT Suivez les meilleurs événements sur Eurosport via la plateforme de ...
Miltiadis Tentoglou won gold at #Paris2024 with an 8.48m long jump! 🥇,vfrFn2GtFwg,Olympics,UCTl3QQTvqHFjurroKxexy2Q,"Olympic Games, Olympic Medal, Olympics, Olympic Sports, Gold, Silver, Beijing2022, Beijing 2022, Olympic Games 2022, Olympics 2022, Winter Olympics, Tokyo 2020, Tokyo 2021, olympic games, olympic games 2022, olympic games 2020, beijing 2022, olympic channel, olympics 2020, Paris 2024, Paris Olympics, Juegos Olimpicos, Jogos Olimpicos, Olympic, Olympic Games 2024, Olympics 2024, Neeraj Chopra, Simone Biles, Sha'Carri Richardson, Noah Lyles, Hanyu, Paris, Mondo Duplantis",Re-live ALL the incredible #Paris2024 action: ➡️ https://oly.ch/P24Replays. #Paris2024 replays: ...
Phrygian caps will be the Paris 2024 Olympic and Paralympic Games mascots • FRANCE 24 English,-kMiJ41ZdSM,FRANCE 24 English,UCQfwfsi5VrQ8yKZ-UWmAEFg,"2024, France, Olympic Games, Paris, announce, caps, french, french revolution, games, information, infos, international, mascot, mascots, news, olympics, paris 2024, parlympic games, phrygian, revolution, sport, sports",Phrygian caps will be the Paris 2024 Olympic and Paralympic Games mascots as organisers look to to celebrate the French ...
Torri Huske let us inspect her gold medal 😂 #olympics #swimming #gold #paris2024 #olympian #sports,WLbXkLYQrv4,Ian Gunther,UCU0dlKN6R16DL5KKWq62wNA,,
How Rachael Gunn Qualified For The 2024 Olympics,CRQ1UKd9u6g,Did You Catch This?,UCBOOq97QvZy6a-PUk3K49Zg,,We Have A Patreon!   https://patreon.com/didyoucatchthis How Rachael Gunn Qualified For The 2024 Olympics. Rachael Gunn ...
To think every medal reflects a journey of unwavering dedication. ❤️ 📸: Ryan Murphy #Paris2024,uQu5Hxd9k1w,Olympics,UCTl3QQTvqHFjurroKxexy2Q,"Olympic Games, Olympic Medal, Olympics, Olympic Sports, Gold, Silver, Beijing2022, Beijing 2022, Olympic Games 2022, Olympics 2022, Winter Olympics, Tokyo 2020, Tokyo 2021, olympic games, olympic games 2022, olympic games 2020, beijing 2022, olympic channel, olympics 2020, Paris 2024, Paris Olympics, Juegos Olimpicos, Jogos Olimpicos, Olympic, Olympic Games 2024, Olympics 2024, Neeraj Chopra, Simone Biles, Sha'Carri Richardson, Noah Lyles, Hanyu, Paris, Mondo Duplantis",Re-live ALL the incredible #Paris2024 action: ➡️ https://oly.ch/P24Replays. #Paris2024 replays: ...
CHINA WIN GOLD! 🥇 | Men&#39;s Air Pistol 10m | Paris 2024 Olympics | #Paris2024,O7CYbDkhhoY,Eurosport,UClhp9g6TPiqCTOlcw0ROfNg,"Eurosport, Discovery, Snooker, Tennis, Olympics, Cycling, La Vuelta, Sport, Moto GP, World Super Bikes, Mountain Biking, Roger Federer, Novak Djokovic, Rafael Nadal, Carlos Alcarez, Serena Williams, Sepp Kuss, Remco Evenepoel, Jonas Vingegaard, Ronnie O'Sullivan, Warner Bros., Live Sport, Football, Youtube, Soccer, Álvaro Bautista, Valentino Rossi, Mark Cavendish, UAE, Emirates, Primož Roglič, Filippo Ganna, Ineos Grenadiers, UAE Team Emirates, Jumbo-Visma, Soudal-QuickStep, Nike, Adidas",Stream every moment of the Paris 2024 Olympics only on Max News and coverage from the #1 sports destination and the ...
Women&#39;s Marathon - Olympics #Sifanhassan #Olympics Paris2024,tkHWkvRr7Ac,Sable Hub TV,UCQ-Y0xMPN0It0R7iXnFB3-Q,"Paris 2024, Olympics, women's marathon, final day, Tigst Assefa, athletics, closing ceremony, handball bronze match, Spain vs Slovenia, Olympic drama, Olympic triumph, unforgettable moments, Olympic highlights, sports news, marathon race, Olympic medals, Paris sports, Olympic history, marathon athletes, Olympic Games, Luc Owono, Sable Hub TV","On the final day of the Paris 2024 Olympics, the spotlight was on the women's marathon, where athletes braved grueling ..."
Fits so well 😂 #shorts #paris2024 #olympics #sports #reels,PYSLYZBm5u8,Swayam Reacts ,UCtU3b9igo4nUy7e3fJ7zwow,,Fits so well Poland's Adrianna Sulek captivated audiences with her distinctive javelin run-up during the heptathlon at the World ...
Set your heights high ⬆️,y8j5fQzxwM8,Olympics,UCTl3QQTvqHFjurroKxexy2Q,,"2️⃣0️⃣ years ago, Stefan Holm proved them wrong. #Olympics #athens2004 Re-live ALL the incredible #Paris2024 action: ..."
DOING MY SKINCARE AT THE OLYMPICS⁉️ #paris2024,USIts9Isa_I,Sydney Morgan,UCPHuYCxf9QJArw-4ZXXC7Ig,,Thanks to the @Olympics and to @YouTube for sponsoring this video #ad.
🇧🇷 BRA vs 🇵🇪 PER - Paris 2024 Olympic Qualification Tournament | Full Match - Volleyball,mGttK_X4mJY,Volleyball World,UCNMg6XDhRZI2QzL4pWOvP_w,"FIVB, FIVB International Volleyball FederationVolleyball Match, volleyball, indoor volleyball, Volleyball World, Live Volleyball, Volleyball full match, men’s volleyball, women’s volleyball, كرة الطائرة, 排球, Volleyball, Volley, バレーボール, 배구, Voleibol, Волейбол",Enjoy watching the full match from the Women's Olympic Qualifying Tournament! More full matches from the VNL: ...
High jump world record in Paris Olympic 2.10m 👏👏👏 #worldrecord #highjump #olympics #shorts,0KLFyI6byIM,ur cristiano,UCnkNLgpp-CJZ534CwWaUMVw,,
That feeling when you QUALIFY 🕺#paris2024  #teamgb  #olympics,m13E6Nv6QdE,Eurosport,UClhp9g6TPiqCTOlcw0ROfNg,"Eurosport, Discovery, Snooker, Tennis, Olympics, Cycling, La Vuelta, Sport, Moto GP, World Super Bikes, Mountain Biking, Roger Federer, Novak Djokovic, Rafael Nadal, Carlos Alcarez, Serena Williams, Sepp Kuss, Remco Evenepoel, Jonas Vingegaard, Ronnie O'Sullivan, Warner Bros., Live Sport, Football, Youtube, Soccer, Álvaro Bautista, Valentino Rossi, Mark Cavendish, UAE, Emirates, Primož Roglič, Filippo Ganna, Ineos Grenadiers, UAE Team Emirates, Jumbo-Visma, Soudal-QuickStep, Nike, Adidas",Stream every moment of the Paris 2024 Olympics only on discovery+ in the UK News and coverage from the #1 sports ...
🤬 SCANDALE ! #Olympics #Paris2024 #Olympics2024,v5Pb81YYMMo,Eurosport France,UCozt5iXNqmhU1I7tcjJ0UFQ,"Eurosport, Jeux Olympiques, JO 2024, JO Paris, Jeux Olympiques Paris, JO paris 2024, Olympic games, Olympic Games 2024, Paris 2024, Olympic Games Paris, cérémonie ouverture paris 2024, jeux olympiques programme, jeux olympiques calendrier, calendrier JO, programme JO, JO diffusion TV, JO Max, JO France TV, JO direct, tableau médailles JO, paris 2024 programme",Abonnez-vous à notre chaîne https://bit.ly/3OetlmT Suivez les meilleurs événements sur Eurosport via la plateforme de ...
How did champion Diyora Keldiyorova prepare for the Paris Olympics? #3 #judo #paris2024 #olympics #2,p80NGGjLz7E,Jas's games,UCtbos7UA1AxWsZzof0SpG0g,,
🥲 Malgré sa défaite il nous a fait rêver !! #paris2024 #olympics #olympics2024,GjiNiMDNE5U,Eurosport France,UCozt5iXNqmhU1I7tcjJ0UFQ,"Eurosport, Jeux Olympiques, JO 2024, JO Paris, Jeux Olympiques Paris, JO paris 2024, Olympic games, Olympic Games 2024, Paris 2024, Olympic Games Paris, cérémonie ouverture paris 2024, jeux olympiques programme, jeux olympiques calendrier, calendrier JO, programme JO, JO diffusion TV, JO Max, JO France TV, JO direct, tableau médailles JO, paris 2024 programme",Abonnez-vous à notre chaîne https://bit.ly/3OetlmT Suivez les meilleurs événements sur Eurosport via la plateforme de ...
That feeling when you QUALIFY 🕺#paris2024  #teamgb  #olympics,m13E6Nv6QdE,Eurosport,UClhp9g6TPiqCTOlcw0ROfNg,"Eurosport, Discovery, Snooker, Tennis, Olympics, Cycling, La Vuelta, Sport, Moto GP, World Super Bikes, Mountain Biking, Roger Federer, Novak Djokovic, Rafael Nadal, Carlos Alcarez, Serena Williams, Sepp Kuss, Remco Evenepoel, Jonas Vingegaard, Ronnie O'Sullivan, Warner Bros., Live Sport, Football, Youtube, Soccer, Álvaro Bautista, Valentino Rossi, Mark Cavendish, UAE, Emirates, Primož Roglič, Filippo Ganna, Ineos Grenadiers, UAE Team Emirates, Jumbo-Visma, Soudal-QuickStep, Nike, Adidas",Stream every moment of the Paris 2024 Olympics only on discovery+ in the UK News and coverage from the #1 sports ...
❤️CELINE DION PARIS 2024❤️ #celinedion #titanic #paris2024 #olympics #olimpiadas #juegosolimpicos,tfevLUYOxoY,SIMPLY THE BEST,UCLxB0TYzCiSt7cp4C1DZNBA,"Celine dion juegos olímpicos, Celine dion inauguracion paris 2024, Celine dion París 2024, Celine dion París, Celine dion, Celine dion olímpicos, Celine dion olimpiadas, Celine dion olympics games, Celine dion inauguracion París, Celine dion París inauguracion",
The SECRET Behind The 2024 Olympic Gold Medal,SVAi-yxvdEw,SportSource,UChr_K542BaQxPPjoB80d8hg,,This Video Is About The SECRET Behind The 2024 Olympic Gold Medal With It Coming In A Special Leather Box With Olympic ...
I WENT TO THE PARIS 2024 OLYMPICS!,XS717oc_8T4,MM7Games,UCjB_adDAIxOL8GA4Y4OCt8g,"miniminter, mm7games, simon, random, sidemen",Should I vlog more events like this? ⭐ SEND ME YOUR VIDEO IDEAS: https://bit.ly/MM7Games-suggestions ➖ Follow me ...
"👀First look at Nike Paris 2024 Olympic Boxing &amp; Wrestling Boots, what’s your thoughts?",Oq69OR1hVqY,Seconds Out Fight Store,UC-a631uyxUDuwnkpwjWVfig,"nike boxing, nike olympic, nike olympic boxing boots, nike paris 2024, boxing shoes, wrestling shoes",Get Ready for Paris 2024 with Nike's New Olympic Boxing and Wrestling Boots! Join us for an exclusive first look at the latest ...
Set your heights high ⬆️,y8j5fQzxwM8,Olympics,UCTl3QQTvqHFjurroKxexy2Q,,"2️⃣0️⃣ years ago, Stefan Holm proved them wrong. #Olympics #athens2004 Re-live ALL the incredible #Paris2024 action: ..."
The Olympic Opening Ceremony Fashion #fashion #style #olympics,euBbP3B4_k4,HauteLeMode,UCoEj4uRzynPXEEegNqMnJVw,,
Paris 2024 Olympic Bronze Medalist Team Spain Routine from World Championships,9CX1GJB3wdI,World Aquatics,UCZko_COpTM4_d2kPrxZfzFg,"olympic games, olympics, paris 2024, roadtoparis2024",Road to Paris 2024 Olympic Games ➤ https://bit.ly/3VrYzxh Swimming World Records ➤ https://bit.ly/3UtpMPR ➤ ➤ SUBSCRIBE ...
my talent this olympics.. #shorts #olympics,dSW5c9wzCtw,Shawn & Andrew,UCJ15Zl-v8-ghTgEOTpxHdGw,,hahaha for real though #shawnjohnson #parisolympics2024 #paris #paris2024 #olympicgymnast #olympics #olympics2024 ...
Zinedine Zidane passes Rafael Nadal the torch at the Paris Olympics Opening Ceremony 😍,vpApCz0i-z4,Eurosport,UClhp9g6TPiqCTOlcw0ROfNg,"Eurosport, Discovery, Snooker, Tennis, Olympics, Cycling, La Vuelta, Sport, Moto GP, World Super Bikes, Mountain Biking, Roger Federer, Novak Djokovic, Rafael Nadal, Carlos Alcarez, Serena Williams, Sepp Kuss, Remco Evenepoel, Jonas Vingegaard, Ronnie O'Sullivan, Warner Bros., Live Sport, Football, Youtube, Soccer, Álvaro Bautista, Valentino Rossi, Mark Cavendish, UAE, Emirates, Primož Roglič, Filippo Ganna, Ineos Grenadiers, UAE Team Emirates, Jumbo-Visma, Soudal-QuickStep, Nike, Adidas",Stream every moment of the Paris 2024 Olympics only on discovery+ in the UK News and coverage from the #1 sports ...
🥇🇫🇷 Pour un moment d’ÉTERNITÉ ! MERCI TEDDY !!! #paris2024 #olympics #olympics2024 #teddyriner,F4dTDE5mmmc,Eurosport France,UCozt5iXNqmhU1I7tcjJ0UFQ,"Eurosport, Jeux Olympiques, JO 2024, JO Paris, Jeux Olympiques Paris, JO paris 2024, Olympic games, Olympic Games 2024, Paris 2024, Olympic Games Paris, cérémonie ouverture paris 2024, jeux olympiques programme, jeux olympiques calendrier, calendrier JO, programme JO, JO diffusion TV, JO Max, JO France TV, JO direct, tableau médailles JO, paris 2024 programme",Abonnez-vous à notre chaîne https://bit.ly/3OetlmT Suivez les meilleurs événements sur Eurosport via la plateforme de ...
LeBron James was in the zone before leading Team USA to Olympic gold 🥇❤️ #paris2024  #olympics,Kh62qCPA7rk,Eurosport,UClhp9g6TPiqCTOlcw0ROfNg,"Eurosport, Discovery, Snooker, Tennis, Olympics, Cycling, La Vuelta, Sport, Moto GP, World Super Bikes, Mountain Biking, Roger Federer, Novak Djokovic, Rafael Nadal, Carlos Alcarez, Serena Williams, Sepp Kuss, Remco Evenepoel, Jonas Vingegaard, Ronnie O'Sullivan, Warner Bros., Live Sport, Football, Youtube, Soccer, Álvaro Bautista, Valentino Rossi, Mark Cavendish, UAE, Emirates, Primož Roglič, Filippo Ganna, Ineos Grenadiers, UAE Team Emirates, Jumbo-Visma, Soudal-QuickStep, Nike, Adidas",Stream every moment of the Paris 2024 Olympics only on Max News and coverage from the #1 sports destination and the ...
A NEW Women’s Beam Olympic champion has been crowned 🥇🇮🇹 #Paris2024,CIbOzbhuFms,Eurosport,UClhp9g6TPiqCTOlcw0ROfNg,"Eurosport, Discovery, Snooker, Tennis, Olympics, Cycling, La Vuelta, Sport, Moto GP, World Super Bikes, Mountain Biking, Roger Federer, Novak Djokovic, Rafael Nadal, Carlos Alcarez, Serena Williams, Sepp Kuss, Remco Evenepoel, Jonas Vingegaard, Ronnie O'Sullivan, Warner Bros., Live Sport, Football, Youtube, Soccer, Álvaro Bautista, Valentino Rossi, Mark Cavendish, UAE, Emirates, Primož Roglič, Filippo Ganna, Ineos Grenadiers, UAE Team Emirates, Jumbo-Visma, Soudal-QuickStep, Nike, Adidas",Stream every moment of the Paris 2024 Olympics only on discovery+ in the UK News and coverage from the #1 sports ...
paris olympics with my best friend #shorts #olympics,sWMREf3mk50,Shawn & Andrew,UCJ15Zl-v8-ghTgEOTpxHdGw,,adventures with my favorite person #parisolympics2024 #paris #paris2024 #parents #marraige #marriedlife #olympics2024.
Mr. Bean Live Performance at the London 2012 Olympic Games,CwzjlmBLfrQ,Olympics,UCTl3QQTvqHFjurroKxexy2Q,"IOC, Mr Bean Best Performance, Funny, Olympics, London 2012, Mr Bean Olympics 2012, Games, Sport, 2012, Rio, Olympia, Olympiad, Ceremony, Rowan Atkinson, Mr. Bean, International, Best Performance, Comedy, Chariots, Fire, Running, Race, Classic, Mr Bean Live Performance, Performance, Bean, Children, Entertainment, Live, Arena, Film, Movie, Rowan Atkinson Olympics 2012, Chariots of Fire, Mister Bin, Fun, Mr Beean London Olympics",Re-live ALL the incredible #Paris2024 action ➡️ https://go.olympics.com/watch Rowan Atkinson performs under the guise of his ...
Meanwhile wait for Turkey legend 🗿 | #paris2024 #olympics #turkey #motivation #silvermedal #yusuf,2t217riqV0g,The Laughter Challenge Show,UCO5XtNrdIgGHP90Vvohk0dg,"Paris2024, paris, Olympics",Meanwhile wait for Turkey legend | #paris2024 #olympics #turkey #motivation #silvermedal #yusuf.
Women&#39;s Marathon - Olympics #Sifanhassan #Olympics Paris2024,tkHWkvRr7Ac,Sable Hub TV,UCQ-Y0xMPN0It0R7iXnFB3-Q,"Paris 2024, Olympics, women's marathon, final day, Tigst Assefa, athletics, closing ceremony, handball bronze match, Spain vs Slovenia, Olympic drama, Olympic triumph, unforgettable moments, Olympic highlights, sports news, marathon race, Olympic medals, Paris sports, Olympic history, marathon athletes, Olympic Games, Luc Owono, Sable Hub TV","On the final day of the Paris 2024 Olympics, the spotlight was on the women's marathon, where athletes braved grueling ..."
Noah Lyles is the Olympic 100m champ ‼️ #olympics #sports #paris2024 #sprint #usa #netflix,6_BmSJP3uCU,World Athletics,UCQk7fWv15ChjMJLCRVmtApw,"World Athletics, worldAthletics, IAAF, Athletics, World Championships, track and field",Subscribe to our channel - https://www.youtube.com/worldathletics ⭐️ Watch exclusive videos on Inside Track ...
Usain Bolt VS Noah Lyles (Part 2) 😮#shorts,otLM26TEf68,MotionAthlete,UCPk8PYN6QTu-ujp2woaqhMQ,,Noah Lyles races Usain Bolt over 100m and 200m (3d Speed comparison) #usainbolt #100m #olympics #paris2024 ...
To think every medal reflects a journey of unwavering dedication. ❤️ 📸: Ryan Murphy #Paris2024,uQu5Hxd9k1w,Olympics,UCTl3QQTvqHFjurroKxexy2Q,"Olympic Games, Olympic Medal, Olympics, Olympic Sports, Gold, Silver, Beijing2022, Beijing 2022, Olympic Games 2022, Olympics 2022, Winter Olympics, Tokyo 2020, Tokyo 2021, olympic games, olympic games 2022, olympic games 2020, beijing 2022, olympic channel, olympics 2020, Paris 2024, Paris Olympics, Juegos Olimpicos, Jogos Olimpicos, Olympic, Olympic Games 2024, Olympics 2024, Neeraj Chopra, Simone Biles, Sha'Carri Richardson, Noah Lyles, Hanyu, Paris, Mondo Duplantis",Re-live ALL the incredible #Paris2024 action: ➡️ https://oly.ch/P24Replays. #Paris2024 replays: ...
Quan Hongchan 🔥| The undisputed World and Olympic champion #diving #quanhongchan #paris2024,bXcSKC7JmDs,Nitro Sports Channel,UCoORyVoBBphY0udPA7tqqQA,,
It’s magic when the world comes together at the Olympic Games. #CocaColaParis2024  @Coca-Cola,K6l4oA_EPiI,Olympics,UCTl3QQTvqHFjurroKxexy2Q,"Olympic Games, Olympic Medal, Olympics, Olympic Sports, Gold, Silver, Beijing2022, Beijing 2022, Olympic Games 2022, Olympics 2022, Winter Olympics, Tokyo 2020, Tokyo 2021, olympic games, olympic games 2022, olympic games 2020, beijing 2022, olympic channel, olympics 2020, Paris 2024, Paris Olympics, Juegos Olimpicos, Jogos Olimpicos, Olympic, Olympic Games 2024, Olympics 2024, Neeraj Chopra, Simone Biles, Sha'Carri Richardson, Noah Lyles, Hanyu, Paris, Mondo Duplantis",Want to watch live sport and original documentaries for free? Check out our website: https://oly.ch/WatchLiveSport A hundredth of ...
Teddy Riner explique le clash contre son adversaire géorgien ! #paris2024 #olympics,wz4ENFlnqBQ,france tv,UCh4o9ioiqbUveUrCLP8Wv6A,,
🏓 On a posé LA question à Félix Lebrun #paris2024 #olympics #olympics2024 #Paris2024,TxrmYKla76M,Eurosport France,UCozt5iXNqmhU1I7tcjJ0UFQ,"Eurosport, Jeux Olympiques, JO 2024, JO Paris, Jeux Olympiques Paris, JO paris 2024, Olympic games, Olympic Games 2024, Paris 2024, Olympic Games Paris, cérémonie ouverture paris 2024, jeux olympiques programme, jeux olympiques calendrier, calendrier JO, programme JO, JO diffusion TV, JO Max, JO France TV, JO direct, tableau médailles JO, paris 2024 programme",Abonnez-vous à notre chaîne https://bit.ly/3OetlmT Suivez les meilleurs événements sur Eurosport via la plateforme de ...
Stephen Nedoroscik on training for pommel horse at the Olympics,e7i9xAHZqd4,Bleacher Report,UC9-OpMMVoNP5o10_Iyq7Ndw,"olympics, paris olympics, pommel horse, pommel horse guy, gymnastics, 2024 olympics, olympics 2024, olympics interview, pommel horse guy interview, Stephen Nedoroscik","Viral USA Olympian and ""pommel horse guy"" Stephen Nedoroscik breaks down the analytical side of pommel horse. #olympics ..."
Olympics Paris 2024: Unforgettable Olympic Moments #olympics #shorts #highlights,nxd7hDw8vYo,Uncut Knowledge with Emily,UCLffhTGfU9-eft-Xo4kaS5A,"paris, paris2024, parisolympics2024, olympics2024, olympics, winner, sports, sportsnews, world, Summer McIntosh, Cindy Ngamba, Armand Duplantis, Yusuf Dikec, Vanessa Gilles, Novak Djokovic, arshadnadeem, trending, update, shorts, mrbeast, sistrology, moments, highlights, women, motivation, games, night",paris #paris2024 #parisolympics2024 #olympics2024 #olympics #winner #sports #sportsnews #world #Summer McIntosh #Cindy ...
Karishma @ The Paris Olympics EP01 #paris2024 #rjkarishma #shorts,1sNMPpi7weI,rjkarishma,UCJvE3uJFyBS1WhL1Tou85Hg,,Thanks to the ​⁠@Olympics channel and to ​@YouTube ​⁠ for sponsoring this video #AD and making this happen.
What can we expect to see from Breaking at the Olympics with @KarinaMarina 🕺 #Paris2024 #Olympics,mLNZD5spMXE,Eurosport,UClhp9g6TPiqCTOlcw0ROfNg,"Eurosport, Discovery, Snooker, Tennis, Olympics, Cycling, La Vuelta, Sport, Moto GP, World Super Bikes, Mountain Biking, Roger Federer, Novak Djokovic, Rafael Nadal, Carlos Alcarez, Serena Williams, Sepp Kuss, Remco Evenepoel, Jonas Vingegaard, Ronnie O'Sullivan, Warner Bros., Live Sport, Football, Youtube, Soccer, Álvaro Bautista, Valentino Rossi, Mark Cavendish, UAE, Emirates, Primož Roglič, Filippo Ganna, Ineos Grenadiers, UAE Team Emirates, Jumbo-Visma, Soudal-QuickStep, Nike, Adidas",Stream every moment of the Paris 2024 Olympics only on Max News and coverage from the #1 sports destination and the ...
Grant Holloway wins his first career Olympic gold in the men’s 110M hurdles! 🥇🤩 #paris2024 #olympics,cMGapU-UwtM,Eurosport,UClhp9g6TPiqCTOlcw0ROfNg,"Eurosport, Discovery, Snooker, Tennis, Olympics, Cycling, La Vuelta, Sport, Moto GP, World Super Bikes, Mountain Biking, Roger Federer, Novak Djokovic, Rafael Nadal, Carlos Alcarez, Serena Williams, Sepp Kuss, Remco Evenepoel, Jonas Vingegaard, Ronnie O'Sullivan, Warner Bros., Live Sport, Football, Youtube, Soccer, Álvaro Bautista, Valentino Rossi, Mark Cavendish, UAE, Emirates, Primož Roglič, Filippo Ganna, Ineos Grenadiers, UAE Team Emirates, Jumbo-Visma, Soudal-QuickStep, Nike, Adidas",Stream every moment of the Paris 2024 Olympics only on Max News and coverage from the #1 sports destination and the ...
Paris 2024 Olympics: Is the Seine River Safe for Swimming Events? #paris2024 #olympics #storytime,ih1cWL47SLg,One Day Plan,UCx0eoaQyACwuSFnB7B_whjw,"onedayplan, shorts, tiktok, youtubeshorts, paris2024, olympics, storytime","paris2024 #olympics #storytime The Paris 2024 Olympics are just around the corner, but there's a significant concern making ..."
She Shocked The World And Win Gold Medal #paris2024 #parisolympics2024,4sDtDblsMaQ,Anweshclip,UC9JseFuiY_UAHMfoNmdD0Pw,"Ester Ledecka, Paris2024, Olympics, Paris Olympics",Ester Ledecka She Shocked The World And Win Gold #paris2024 #olympics #parisolympics2024 #tokyo2020.
Horigome Yuto takes gold at #Paris2024 with an incredible run in Men’s Street Skateboarding final!🇯🇵,kFq_01hYaJ4,Olympics,UCTl3QQTvqHFjurroKxexy2Q,"Olympic Games, Olympic Medal, Olympics, Olympic Sports, Gold, Silver, Beijing2022, Beijing 2022, Olympic Games 2022, Olympics 2022, Winter Olympics, Tokyo 2020, Tokyo 2021, olympic games, olympic games 2022, olympic games 2020, beijing 2022, olympic channel, olympics 2020, Paris 2024, Paris Olympics, Juegos Olimpicos, Jogos Olimpicos, Olympic, Olympic Games 2024, Olympics 2024, Neeraj Chopra, Simone Biles, Sha'Carri Richardson, Noah Lyles, Hanyu, Paris, Mondo Duplantis",Re-live ALL the incredible #Paris2024 action: ➡️ https://oly.ch/P24Replays. #Paris2024 replays: ...
"“Paris 2024, las peores olimpiadas de la historia”: Maduro #paris2024#francia #olimpiadas #maduro",0mdMgW5vaao,Palabra de político,UCQAYDuRMiGZNt6fKjrfB_yA,,
Fits so well 😂 #shorts #paris2024 #olympics #sports #reels,PYSLYZBm5u8,Swayam Reacts ,UCtU3b9igo4nUy7e3fJ7zwow,,Fits so well Poland's Adrianna Sulek captivated audiences with her distinctive javelin run-up during the heptathlon at the World ...
Winning an Olympic match at 61 years old is ICONIC behaviour from Ni Xialian ⭐️ #paris2024,OcBQ7-KXQQQ,Eurosport,UClhp9g6TPiqCTOlcw0ROfNg,"Eurosport, Discovery, Snooker, Tennis, Olympics, Cycling, La Vuelta, Sport, Moto GP, World Super Bikes, Mountain Biking, Roger Federer, Novak Djokovic, Rafael Nadal, Carlos Alcarez, Serena Williams, Sepp Kuss, Remco Evenepoel, Jonas Vingegaard, Ronnie O'Sullivan, Warner Bros., Live Sport, Football, Youtube, Soccer, Álvaro Bautista, Valentino Rossi, Mark Cavendish, UAE, Emirates, Primož Roglič, Filippo Ganna, Ineos Grenadiers, UAE Team Emirates, Jumbo-Visma, Soudal-QuickStep, Nike, Adidas","News and coverage from the #1 sports destination and the #HomeofOlympics in Europe. Watch Eurosport anytime, anywhere via: ..."
Pourquoi les athlètes sonnent une cloche après leur victoire ? #paris2024 #olympics #olympics2024,uZFGPGufwLo,L'ÉQUIPE,UCyIV8rkza5Uk_sJIhqilBvQ,"Sport, actualités, actualités sport, L’équipe, La chaîne l’équipe, l ‘équipe en direct, l’équipe du soir, l’équipe 21, l'équipe du soir replay, rmc sport, Eurosport, foot mercato, actu foot, canal+sport",Ne ratez rien de l'actualité sportive http://ow.ly/5etn30qnKgp Abonnez-vous à l'offre numérique http://ow.ly/wjz230qqgaU ...
Mick Jagger at the Olympics! 🎸#Olympics #Paris2024,owyTrHTbPLA,Eurosport,UClhp9g6TPiqCTOlcw0ROfNg,"Eurosport, Discovery, Snooker, Tennis, Olympics, Cycling, La Vuelta, Sport, Moto GP, World Super Bikes, Mountain Biking, Roger Federer, Novak Djokovic, Rafael Nadal, Carlos Alcarez, Serena Williams, Sepp Kuss, Remco Evenepoel, Jonas Vingegaard, Ronnie O'Sullivan, Warner Bros., Live Sport, Football, Youtube, Soccer, Álvaro Bautista, Valentino Rossi, Mark Cavendish, UAE, Emirates, Primož Roglič, Filippo Ganna, Ineos Grenadiers, UAE Team Emirates, Jumbo-Visma, Soudal-QuickStep, Nike, Adidas",Stream every moment of the Paris 2024 Olympics only on discovery+ in the UK News and coverage from the #1 sports ...
Paris 2024 Olympics: Reetika Hooda - India&#39;s Last Female Wrestler Aims To Finish On A High,A4uCyQ-c7eQ,Nilupul Nishakara,UCrCx3PiC9Y710twGhRNjuIg,,
👯‍♀️ La grâce des plongeuses françaises #Olympics #Paris2024 #Olympics2024,oLMKE2FRFeo,Eurosport France,UCozt5iXNqmhU1I7tcjJ0UFQ,"Eurosport, Jeux Olympiques, JO 2024, JO Paris, Jeux Olympiques Paris, JO paris 2024, Olympic games, Olympic Games 2024, Paris 2024, Olympic Games Paris, cérémonie ouverture paris 2024, jeux olympiques programme, jeux olympiques calendrier, calendrier JO, programme JO, JO diffusion TV, JO Max, JO France TV, JO direct, tableau médailles JO, paris 2024 programme",Abonnez-vous à notre chaîne https://bit.ly/3OetlmT Suivez les meilleurs événements sur Eurosport via la plateforme de ...
How Olympic Archery Works #Paris2024,lz2MVNbA36g,5th and Goal Sports,UCzcvi5oCVfSUrhWilLpRGvQ,,"I'm explaining every single olympic sports works, today's edition: archery #olympics #Paris2024 #sports #summerolympics ..."
🇫🇷 +🥇+🥈+🥉=? #france #olympics #shorts,dRYEh2sMmZo,Color Mixing ,UCfA2J9Wott547JxKUxqrQ-A,"color mixing, colour mixing, paint mixing, mixing colors, mixing colours, satisfying mixing, asmr mixing, asmr, satisfying, entertainment, how to, art work, art, colors, color, colour, colours videos, colouring, videos, color mixing tutorial, color mixing paint, color mixing chart, color mixing ideas, color mixing asmr, color matching, guess the color, color wheel, youtube, youtube shorts",+  +  +  =? #france #olympics #shortsfeed #viralvideo #france #paris2024 #sports.
The World Champion becomes the Olympic Champion 🥇 Evenepoel wins the Men’s Time Trial 👏  #paris2024,tPgQMyxZHdE,Eurosport Cycling,UCfDfvvMARk4TKcC62ALi6eA,"Eurosport, Discovery, Olympics, Cycling, La Vuelta, Sport, Sepp Kuss, Remco Evenepoel, Jonas Vingegaard, Warner Bros., Live Sport, Youtube, Mark Cavendish, UAE, Emirates, Primož Roglič, Filippo Ganna, Ineos Grenadiers, UAE Team Emirates, Jumbo-Visma, Soudal-QuickStep, Cyclocross, Tour de France, Lance Armstrong, Tadej Pogacar, Wout Van Aert, Mathieu Van Der Poel, Julian Alaphillipe, Tom Pidcock, Egan Bernal, Eurosport Cycling, British Cycling, Olympics 2024, Paris 2024",Stream every moment of the Paris 2024 Olympics only on Max News and coverage from the #1 sports destination and the ...
Nemour devient la première gymnaste algérienne en or ! #paris2024 #olympics #olympics2024,qGDkwIf5oDg,Eurosport France,UCozt5iXNqmhU1I7tcjJ0UFQ,"Eurosport, Jeux Olympiques, JO 2024, JO Paris, Jeux Olympiques Paris, JO paris 2024, Olympic games, Olympic Games 2024, Paris 2024, Olympic Games Paris, cérémonie ouverture paris 2024, jeux olympiques programme, jeux olympiques calendrier, calendrier JO, programme JO, JO diffusion TV, JO Max, JO France TV, JO direct, tableau médailles JO, paris 2024 programme",Abonnez-vous à notre chaîne https://bit.ly/3OetlmT Suivez les meilleurs événements sur Eurosport via la plateforme de ...
The Viral Chocolate Muffin from the Paris 2024 Village,0664NFUpRLM,Paralympic Games,UCi8n36NkW2uCQSFZNiYtuMQ,"Paralympics, olympics, olympic games, disability sports, disability, paralympic games, yt:cc=on",The chocolate muffins in the Paralympic Village have been formally approved by our President. ✓ The International Paralympic ...
High jump world record in Paris Olympic 2.10m 👏👏👏 #worldrecord #highjump #olympics #shorts,0KLFyI6byIM,ur cristiano,UCnkNLgpp-CJZ534CwWaUMVw,,
Paris 2024 😋😋 #olympics #isaato100 #paris2024 #horse #equestrian,a11b9ODPdI8,Riding~With~Isa,UC4sN4TXtNim_imINiYfPYJA,,
Le olimpiadi dei neogenitori 🏋🏻🏅🍼 #genitori #olimpiadi #olympics #paris2024,iomyKUbrehM,i Mazzegaro,UCQAXEdI2g__FqwPDQriEWmg,,
&quot;Brazil&#39;s Bright Star: Andrade Shines with Olympic Gold&quot; #rebeca  #gymnasticsgoat #parisolympics,0WaVi1cf4uQ,Learn with Krithisha: Quick sh🧿rts ,UCUvPO3u7dNa9V_3ktbeonjw,,Brazilian gymnastics sensation Rebeca Andrade makes history with her gold medal win in the women's floor exercise at the Paris ...
😅 La danse de Léon Marchand devant les supporters français #paris2024 #olympics #olympics2024,EBUttx_izCo,L'ÉQUIPE,UCyIV8rkza5Uk_sJIhqilBvQ,"Sport, actualités, actualités sport, L’équipe, La chaîne l’équipe, l ‘équipe en direct, l’équipe du soir, l’équipe 21, l'équipe du soir replay, rmc sport, Eurosport, foot mercato, actu foot, canal+sport",Ne ratez rien de l'actualité sportive http://ow.ly/5etn30qnKgp Abonnez-vous à l'offre numérique http://ow.ly/wjz230qqgaU ...
France called South Korea by North Korea&#39;s full name at the Olympic opening ceremony💀 #paris2024,a5s54os8d2g,Xiran Jay Zhao,UCqSz_KlrE8_IDht7tWsQ-RA,,
🏀 Les États-Unis envoient une nouvelle dream team #Olympics #Paris2024 #olympics2024,yilMVhRlbAw,L'ÉQUIPE,UCyIV8rkza5Uk_sJIhqilBvQ,"Sport, actualités, actualités sport, L’équipe, La chaîne l’équipe, l ‘équipe en direct, l’équipe du soir, l’équipe 21, l'équipe du soir replay, rmc sport, Eurosport, foot mercato, actu foot, canal+sport",Ne ratez rien de l'actualité sportive http://ow.ly/5etn30qnKgp Abonnez-vous à l'offre numérique http://ow.ly/wjz230qqgaU ...
Who did it better?🤔🔥 #olympics2024 #olympics #paris2024 #gym #trending #trendingshorts #flip,rCDHvDPqi1I,Matteo Giubellini,UC1c2F2n0d3_GBoVYcyU6xSQ,,
Will NBA Players Join 3x3 Basketball in 2028 Olympics? PG &amp; Trae Discuss 👀,N84YtpT4VhQ,Podcast P with Paul George,UC_MXNS3qkraCAEebdScjAPA,"Paul George, Podcast P, Podcast P with Paul George, Jackie Long, Dallas Rutherford, Paul George Podcast, NBA, NBA All-Star, NBA Podcast, Sixers, Philadelphia, Philly, Philadelphia 76ers, 76ers, kyrie, kyrie irving, kai, ky, trae, trae young, atlanta hawks, hawks, naz reid, jaden mcdaniels, 3x3 basketball, olympics, 2024 olympics, paris 2024, la 2028, la28, fiba, fiba 3x3",Trae & PG weigh in on their thoughts regarding 3x3 basketball #shorts #olympics #paris2024 #la28 #3x3basketball #traeyoung ...
Best of OLYMPICS PARIS 2024 #shorts #olympics #fyp,KD8lwUL_kZs,ClipCutz,UCQoELZ2aWcC7ZIqPz1shiKg,,
Breakdancing made its Olympic debut at #Paris2024!  #Dancesport! 🕺🌍 #Olympics #breakdance @Olympics,FADZoYaqy2k,FitlifeinAfrica,UCXKN_6nAaBts1YTtUSdDk9w,,
🔥🔥 MONSTRUEUSE !! #olympics #olympics2024 #paris2024,PIA-nF0Z1L0,Eurosport France,UCozt5iXNqmhU1I7tcjJ0UFQ,"Eurosport, Jeux Olympiques, JO 2024, JO Paris, Jeux Olympiques Paris, JO paris 2024, Olympic games, Olympic Games 2024, Paris 2024, Olympic Games Paris, cérémonie ouverture paris 2024, jeux olympiques programme, jeux olympiques calendrier, calendrier JO, programme JO, JO diffusion TV, JO Max, JO France TV, JO direct, tableau médailles JO, paris 2024 programme",Abonnez-vous à notre chaîne https://bit.ly/3OetlmT Suivez les meilleurs événements sur Eurosport via la plateforme de ...
PT 5 #Olympic #TeamNigeria is unmatched 😭 #parisolympics2024 #paris2024 #olympics #comedy #shorts,4iMZQhQUxa0,VISIONARY MEDIA,UCDJtKeDY6qwS94Ey8H32Jfw,"2024 olympics, 2024 paris olympics, paris olympics 2024, olympics 2024, olympics, olympics 2024 highlights, team nigeria, team nigeria basketball 2024, team nigeria 4x100 relay, simone biles olympics 2024, not like us, naija, naija tiktok, nigeria, nigeria news, nigerian, nigerian music, comedy, jokes, reels, viral, viral video, funny videos, nigerian comedy, fyp, for you, shorts, usa, dominican republic, brazil, south africa, 400m olympics 2024, 400m, track and field 2024 olympics",Team Nigeria vs. USA vs. The Dominican Republic vs. Brazil vs. South Africa in this face off as they battle it out for Gold in the ...
Should they share the bronze? 🥉🤔 #gymnastics #olympics #sports #gymnast #jordanchiles #bronze #win,b3wWL0mGAcI,Ian Gunther,UCU0dlKN6R16DL5KKWq62wNA,,"Jordan Chiles, Ana Barbosu, Sabrina Voinea, bronze medal debacle at the 2024 Olympic floor finals."
Nadal at the net! 🎾 #Paris2024 #olympics,0nfHdEBYxRA,Eurosport Tennis,UCxyDulPLBU9WiiN43xTs5FQ,"Tennis, Olympics, Eurosport, Sport, Roger Federer, Novak Djokovic, Carlos Alcarez, Rafael Nadal, Andy Murray, Serena Williams, Venus Williams, Adidas, Nike, Australian Open, Roland Garros, French Open, Wimbledon, US Open, New Balance, Head, WTA, LTA, Davis Cup, Rod Laver, Billie Jean King, Andre Agassi, Pete Sampras, Ivan Lendl, Coco Gauff, Emma Raducanu, Maria Sharapova, Simona Halep, Casper Ruud, Cameron Norrie, Daniil Medvedev, Taylor Fritz, Dan Evans, Dominic Thiem",Stream every moment of the Paris 2024 Olympics only on Max News and coverage from the #1 sports destination and the ...
🤔 Pourquoi les nageurs arrivent en doudoune à la piscine olympique ? #olympics #paris2024,JIdO59uX2RQ,Eurosport France,UCozt5iXNqmhU1I7tcjJ0UFQ,"Eurosport, Jeux Olympiques, JO 2024, JO Paris, Jeux Olympiques Paris, JO paris 2024, Olympic games, Olympic Games 2024, Paris 2024, Olympic Games Paris, cérémonie ouverture paris 2024, jeux olympiques programme, jeux olympiques calendrier, calendrier JO, programme JO, JO diffusion TV, JO Max, JO France TV, JO direct, tableau médailles JO, paris 2024 programme",Abonnez-vous à notre chaîne https://bit.ly/3OetlmT Suivez les meilleurs événements sur Eurosport via la plateforme de ...
I’M GOING TO THE OLYMPICS! 😱 #Paris2024,UhOSZ0a9BSA,Ian Boggs,UC9yadlAEiyOUNa3y4dnuYFg,"Ian, Ian Boggs, olympics, olympics 2024, Paris 2024, the olympics, The Olympics, Paris Olympics, Paris Olympics 2024, sports, fitness, exercise, swimming, gymnastics, track, track & field, soccer, football",We're going to the @Olympics and I'm taking you with me! WHICH SPORT ARE YOU MOST EXCITED TO SEE? #AD.
"“Paris 2024, las peores olimpiadas de la historia”: Maduro #paris2024#francia #olimpiadas #maduro",0mdMgW5vaao,Palabra de político,UCQAYDuRMiGZNt6fKjrfB_yA,,
🇫🇷 +🥇+🥈+🥉=? #france #olympics #shorts,dRYEh2sMmZo,Color Mixing ,UCfA2J9Wott547JxKUxqrQ-A,"color mixing, colour mixing, paint mixing, mixing colors, mixing colours, satisfying mixing, asmr mixing, asmr, satisfying, entertainment, how to, art work, art, colors, color, colour, colours videos, colouring, videos, color mixing tutorial, color mixing paint, color mixing chart, color mixing ideas, color mixing asmr, color matching, guess the color, color wheel, youtube, youtube shorts",+  +  +  =? #france #olympics #shortsfeed #viralvideo #france #paris2024 #sports.
Paris 2024 Olympics: Is the Seine River Safe for Swimming Events? #paris2024 #olympics #storytime,ih1cWL47SLg,One Day Plan,UCx0eoaQyACwuSFnB7B_whjw,"onedayplan, shorts, tiktok, youtubeshorts, paris2024, olympics, storytime","paris2024 #olympics #storytime The Paris 2024 Olympics are just around the corner, but there's a significant concern making ..."
TRAILER: PARIS 2024 Olympic games FRANCE,vc8xngSFhB0,OZANNINHO,UCFHWmckyv8zfuq_YH8c7yuA,,Ready for Paris 2024 ? Music: Alexandre Desplat courtyard apocalypse #Paris2024 #olympics.
B-girl Raygun&#39;s Olympic Debut Shocks Fans!      #olympicathletes #paris2024 #breakdance #australia,j_8zUoRhBJo,Space nights    ?sub_confirmation=1,UCe_p-Mecv3rIyAJqCO6BZjw,,for daily content subscribe to my channel and turn on the notification to get update ...
Turkey’s FIRST EVER Olympic Shooting Medal!,ibiw8AQOycs,QUIZTERMIND,UCi-dWSowNC-mqeHB_WgWv2g,"olympics, yusuf dikec paris, paris olympics, latest news, sarabjot singh, world news, olympic highlights, yusuf dikec turkey, olympic games, yusuf dikec, today news, viral internet shooter, nbc sports, english news, summer olympics, manu bhaker, olympic highlights today, yusuf dikeç, about yusuf dikec, yusuf dikec air pistol, paris, simone biles beam, team usa, breaking news, nbc olympics, simone biles vault, yusuf dikec memes, turkey olympics shooter yusuf dikeç",Witness history as Turkey wins its first-ever Olympic shooting medal with Yusuf Dikeç! Watch as he takes home the gold in this ...
SERBIA COMEBACK! 🥇 | Mixed 10m Air Pistol Highlights | Paris 2024 Olympics | #Paris2024,v-Mrj8si4lA,Eurosport,UClhp9g6TPiqCTOlcw0ROfNg,"Adidas, Carlos Alcarez, Cycling, Discovery, Emirates, Eurosport, Filippo Ganna, Football, Ineos Grenadiers, Jonas Vingegaard, Jumbo-Visma, La Vuelta, Live Sport, Mark Cavendish, Moto GP, Mountain Biking, Nike, Novak Djokovic, Olympics, Primož Roglič, Rafael Nadal, Remco Evenepoel, Roger Federer, Ronnie O'Sullivan, Sepp Kuss, Serena Williams, Snooker, Soccer, Soudal-QuickStep, Sport, Tennis, UAE, UAE Team Emirates, Valentino Rossi, Warner Bros., World Super Bikes, Youtube, Álvaro Bautista",Stream every moment of the Paris 2024 Olympics only on Max News and coverage from the #1 sports destination and the ...
The dirtiest 100m final in Olympic history,QiQ0pBftKCA,wehustle clips,UCRwyHQHEbMLHc-W4UCtb0jg,"seoul korea, drug cheat, ben johnson, carl lewis, linford cristie, usa, canada, usain bolt, jamaica, fastest man alive, flo jo, documentary, 9.79, bbc, granada tv, itv, live sport, athletics, track and field, disgrace, cheating, greed, american greed, running, 800m, michael johnson, michael jordan, final, relay, 100m relay, 200m, shorts","The story of the 1988 100 meter final dash at the Seoul, korea Olympic games is that of legend. #olympics #100m #benjohnson."
Peraih Medali Emas Indonesia Sepanjang masa Olimpiade #olympicgames #olimpiade #badminton #paris2024,ANcsQ4ZKLqs,My Data,UCXzBL0kQ-AjYL5-GRIOMxMA,"medali emas, olimpiade, taufik hidayat, bulu tangkis, Olympic games, Olympic games paris 2024",Indonesia sudah memperoleh 10 medali emas semenjak keikutsertaan diajang olimpiade. #bulutangkis #angkatbesi ...
🧐Connaissez-vous l&#39;histoire des Jeux Paralympiques ? #shorts #paris2024 #olympics,D_9T9LullVw,L'ÉQUIPE,UCyIV8rkza5Uk_sJIhqilBvQ,"Sport, actualités, actualités sport, L’équipe, La chaîne l’équipe, l ‘équipe en direct, l’équipe du soir, l’équipe 21, l'équipe du soir replay, rmc sport, Eurosport, foot mercato, actu foot, canal+sport",Ne ratez rien de l'actualité sportive http://ow.ly/5etn30qnKgp Abonnez-vous à l'offre numérique http://ow.ly/wjz230qqgaU ...
America’s Fastest Walker: Olympic Racewalking Explained,XFLoXchxDYs,Profoundly Pointless,UCfjSKQ2dU7d_mTwKOSro1TA,,Olympian Robyn Stevens explains Olympic Racewalking and how she became the fastest walker in America Full Episode: ...
#indian #athlete #champion #neerajchopra #paris2024 #olympics#medal #winner #javelin #sports #shorts,gRNqgxOPagk,Your's Sports Center,UC34EFuwo92MK-4hoUw4kqvw,,indian #athlete #champion #neerajchopra #paris2024 #olympics#medal #winner #javelin #sports #shorts.
Georges St-Pierre on when mixed martial arts will become an Olympic sport | #paris2024,pPoKA5XBkGw,CBC Sports,UCOGxnF5dWQtoEz6E-msabZA,"team canada, cbc sports, sports, Canada, olympics, paris, paris 2024, olympic games paris 2024, XXXIII, 33, gymnastics, athletics, swimming, diving, hurdles, pentathlon, triathlon, decathlon, shot put, hammer throw, weightlifting, rowing, breaking, skateboarding, bmx, cycling, tennis, golf, basketball, volleyball, beach volleyball, sailing, archery, badminton, canoe, track, field, wrestling",Watch live and on demand coverage of the Olympic Games Paris 2024 on https://gem.cbc.ca/ Watch Live sports on CBC Sports' ...
MARATHON POUR TOUS PARIS OLYMPICS FINISHER ❤️🥹 in 3h:36’:40” with +438m elevation 💪 #olympics,34BzSjOiY5U,The Fashion Jogger,UC6khvHxqs_5VySwJ6amtG8Q,,
Brand value of Indian Athletes shoots up after Paris Games.,MGHN1m-3rpY,Gautam Seth,UCF60L-eT7t6K715xq7HKMVg,,Olympians that made the most . . . . . . . . . #shorts #olympics #paris2024 #parisolympics2024 #indian #sports #athlete #India #facts ...
The most chill athlete at Paris 2024 😎 #olympics #paris2024 #beachvolleyball #volleyball,2tLeYfKdr2s,Eurosport,UClhp9g6TPiqCTOlcw0ROfNg,"Eurosport, Discovery, Snooker, Tennis, Olympics, Cycling, La Vuelta, Sport, Moto GP, World Super Bikes, Mountain Biking, Roger Federer, Novak Djokovic, Rafael Nadal, Carlos Alcarez, Serena Williams, Sepp Kuss, Remco Evenepoel, Jonas Vingegaard, Ronnie O'Sullivan, Warner Bros., Live Sport, Football, Youtube, Soccer, Álvaro Bautista, Valentino Rossi, Mark Cavendish, UAE, Emirates, Primož Roglič, Filippo Ganna, Ineos Grenadiers, UAE Team Emirates, Jumbo-Visma, Soudal-QuickStep, Nike, Adidas",Stream every moment of the Paris 2024 Olympics only on discovery+ in the UK News and coverage from the #1 sports ...
"🇮🇹 Olympic Final, but first.. Take a rest 🫶😅 📹 @feds_corb (TT/ highkeylosingit) #Paris2024 #volley",-d_VA_F-nGA,Lega Volley Femminile,UCnQA-X8zl0Mwg0Aj2XYIipw,,
😱 La fin de course légendaire de Monsieur Léon Marchaaaand !!! #paris2024 #olympics #olympics2024,TG4zGH2Q_xs,Eurosport France,UCozt5iXNqmhU1I7tcjJ0UFQ,"Eurosport, Jeux Olympiques, JO 2024, JO Paris, Jeux Olympiques Paris, JO paris 2024, Olympic games, Olympic Games 2024, Paris 2024, Olympic Games Paris, cérémonie ouverture paris 2024, jeux olympiques programme, jeux olympiques calendrier, calendrier JO, programme JO, JO diffusion TV, JO Max, JO France TV, JO direct, tableau médailles JO, paris 2024 programme",Abonnez-vous à notre chaîne https://bit.ly/3OetlmT Suivez les meilleurs événements sur Eurosport via la plateforme de ...
Usain Bolt | ALL Olympic finals + Bonus round | Top Moments,FuiJHJz4f5Q,Olympics,UCTl3QQTvqHFjurroKxexy2Q,"Olympic Games, Olympics, IOC, Sport, Champion, Usain Bolt, bolt, race, races, final, all races, complete, 100m, sprint, record, world record, medal, gold medal, beijing, beijing 2008, fastest man, fastest man alive, fastest man on earth, london, london 2012, london olympics, rio, rio olympics, rio 2016, full race, full run, all runs, jamaica, 200m, top, top moments, PLTopComp, track and field, ألعاب القوى, 田径, Athlétisme, Leichtathletik, Atletica, 陸上競技, 육상, Легкая атлетика, Atletismo, Athletics",Re-live ALL the incredible #Paris2024 action ➡️ https://go.olympics.com/watch Usain Bolt is by far the most decorated sprinter of ...
Armand Duplantis / Pole Vault / Olympic Gold Medalist #paris2024 #parisolympics #parisolympics2024,-lRsPyKZLCc,Alfredo BR Castro,UC-WUw_hnZN_p02GHm-HLycQ,,Paris Olympic Games #usa #euorpe #paris.
The fastest man at the Olympics 🚀 Harrie Lavreysen was unbeatable in Paris 🥇🥇🥇#paris2024 #cycling,ot15enHZtYc,Eurosport Cycling,UCfDfvvMARk4TKcC62ALi6eA,"Eurosport, Discovery, Olympics, Cycling, La Vuelta, Sport, Sepp Kuss, Remco Evenepoel, Jonas Vingegaard, Warner Bros., Live Sport, Youtube, Mark Cavendish, UAE, Emirates, Primož Roglič, Filippo Ganna, Ineos Grenadiers, UAE Team Emirates, Jumbo-Visma, Soudal-QuickStep, Cyclocross, Tour de France, Lance Armstrong, Tadej Pogacar, Wout Van Aert, Mathieu Van Der Poel, Julian Alaphillipe, Tom Pidcock, Egan Bernal, Eurosport Cycling, British Cycling, Olympics 2024, Paris 2024","News and coverage from the #1 sports destination and the #HomeofCycling in Europe. Watch Eurosport anytime, anywhere via: ..."
The Paralympic Opening Ceremony is here! #paralympics #openingceremony #paris2024 #olympics,Nl3ihRs9Qzc,Empact News,UCmuhqIgfk2AW8T836rF7ZAw,,Follow us on our socials to keep up to date with the latest news! TikTok: https://www.tiktok.com/@empact_news?lang=en ...
🥇🇫🇷 Pour un moment d’ÉTERNITÉ ! MERCI TEDDY !!! #paris2024 #olympics #olympics2024 #teddyriner,F4dTDE5mmmc,Eurosport France,UCozt5iXNqmhU1I7tcjJ0UFQ,"Eurosport, Jeux Olympiques, JO 2024, JO Paris, Jeux Olympiques Paris, JO paris 2024, Olympic games, Olympic Games 2024, Paris 2024, Olympic Games Paris, cérémonie ouverture paris 2024, jeux olympiques programme, jeux olympiques calendrier, calendrier JO, programme JO, JO diffusion TV, JO Max, JO France TV, JO direct, tableau médailles JO, paris 2024 programme",Abonnez-vous à notre chaîne https://bit.ly/3OetlmT Suivez les meilleurs événements sur Eurosport via la plateforme de ...
Mario &amp; Sonic At The Paris 2024 Olympic Games Announcer,Pv13kKmZ8D4,Sonicboy06Dylan,UCE3zZpJwyRkuLkXOq2uPp9A,,I hope uses guys like this video and just to let uses all know this is not a official announcer saying “Mario & Sonic at the Paris 2024 ...
USA selected this unexpected Olympic Team 😳🇺🇸 #gymnastics #gymnast #sports #olympics #paris2024,am_79ZPR6xE,Ian Gunther,UCU0dlKN6R16DL5KKWq62wNA,,
Ye toh trailer tha. Full Paris Olympics experience ke liye check out the Main video #paris2024,lrnylsQn-Vc,rjkarishma,UCJvE3uJFyBS1WhL1Tou85Hg,,Thanks to the ​⁠​⁠​⁠ @Olympics channel and to @YouTube ​⁠ for sponsoring this video #AD and making this happen.
Arshad Nadeem Wins gold 🥇 medal #sports #olympics #tennis #athlete #beijing2022 #paris2024,0JWMQ8dUgkM,MeesamRaza8,UCqnUtr84Op_cYOy2ieeUeEQ,,
"The race. The commentary. Just, wow. #Paris2024  #Olympics",ZqYqo7A2Vl4,Eurosport,UClhp9g6TPiqCTOlcw0ROfNg,"Eurosport, Discovery, Snooker, Tennis, Olympics, Cycling, La Vuelta, Sport, Moto GP, World Super Bikes, Mountain Biking, Roger Federer, Novak Djokovic, Rafael Nadal, Carlos Alcarez, Serena Williams, Sepp Kuss, Remco Evenepoel, Jonas Vingegaard, Ronnie O'Sullivan, Warner Bros., Live Sport, Football, Youtube, Soccer, Álvaro Bautista, Valentino Rossi, Mark Cavendish, UAE, Emirates, Primož Roglič, Filippo Ganna, Ineos Grenadiers, UAE Team Emirates, Jumbo-Visma, Soudal-QuickStep, Nike, Adidas",Stream every moment of the Paris 2024 Olympics only on Max News and coverage from the #1 sports destination and the ...
🤣 MARSEILLAISE POUR TOUS #Olympics #Paris2024 #Olympics2024,uSeSWZmB1S8,Eurosport France,UCozt5iXNqmhU1I7tcjJ0UFQ,"Eurosport, Jeux Olympiques, JO 2024, JO Paris, Jeux Olympiques Paris, JO paris 2024, Olympic games, Olympic Games 2024, Paris 2024, Olympic Games Paris, cérémonie ouverture paris 2024, jeux olympiques programme, jeux olympiques calendrier, calendrier JO, programme JO, JO diffusion TV, JO Max, JO France TV, JO direct, tableau médailles JO, paris 2024 programme",Abonnez-vous à notre chaîne https://bit.ly/3OetlmT Suivez les meilleurs événements sur Eurosport via la plateforme de ...
Novak Djokovic was shaking with emotion after winning his first Olympic gold medal ❤️ #paris2024,fdH6tqws44o,Eurosport Tennis,UCxyDulPLBU9WiiN43xTs5FQ,"Tennis, Olympics, Eurosport, Sport, Roger Federer, Novak Djokovic, Carlos Alcarez, Rafael Nadal, Andy Murray, Serena Williams, Venus Williams, Adidas, Nike, Australian Open, Roland Garros, French Open, Wimbledon, US Open, New Balance, Head, WTA, LTA, Davis Cup, Rod Laver, Billie Jean King, Andre Agassi, Pete Sampras, Ivan Lendl, Coco Gauff, Emma Raducanu, Maria Sharapova, Simona Halep, Casper Ruud, Cameron Norrie, Daniil Medvedev, Taylor Fritz, Dan Evans, Dominic Thiem",Stream every moment of the Paris 2024 Olympics only on discovery+ in the UK News and coverage from the #1 sports ...
Top 5 WORLD RECORDS in the Olympic Games of Paris 2024,eL9yTYxYW9w,Eyet34,UCg5KbBeXahIpUg7Pf13GXxQ,"world, record, worldrecord, fyp, olympic, olympicgames, foryou, top 5, guiness world record, USA, sweden, french, paris2024, phonk, france, paris, 2024, nba, shorts, china, nike, adidas, popular, sport, sports, moto gp, pool, athletics, basket, basketball, english, climbing, speed climbing, pole vault, games, song, bronze, silver, gold, history, youtube, reels, eyet34, lebron james, stephen curry, kevin durant, armand duplantis, tom watson, pan zhanle, noah lyles, top 3, tik tok, instagram, just do it, run, yt, LA2028, iq",games #olympics #olympicgames #shorts #foryou #fyp #summerolympics #run #athlete #basketball #pool #china #usa #popular ...
French breakers set the scene for Paris 2024 Olympic Games | Breaking Life,yg-OoztAOnU,Olympics,UCTl3QQTvqHFjurroKxexy2Q,"Olympic Games, Olympic Medal, Olympics, Olympic Sports, Sport, Gold, Silver, Beijing2022, Beijing 2022, Olympic Games 2022, Olympics 2022, токио 2020, Beijing, Beijing Olympics, Winter Olympics, Tokyo 2020, Tokyo 2021, Hanyu, Bolt, Neeraj, Chopra, simone biles, carrillo, olympic games, olympic games 2022, olympic games live, olympic spirit, tokyo 2021, olympic games 2020, tokio 2020, beijing 2022, pyeongchang 2018, rio 2016, olympic channel, olympics 2020, Пекин 2022",Subscribe to @olympics: http://oly.ch/Subscribe France is a cultural melting pot. It's also one of the biggest countries for Breaking ...
Imogen Grant: Gold medallist 🤝 Doctor #paris2024,6Rm1Dy3jwkM,Team GB,UCtb3UIeUwTIjO1qgCqcAUww,"Team GB, Great Britain, Olympic, Olympics, Olympic Games, Summer Olympics, England, Scotland, Wales, Northern Ireland, British Olympic Association, GB, GBR, Britain, British, Summer, Winter, Sport, paris 2024, team gb, emily craig and imogen grant, imogen grant rowing, imogen grant, imogen grant and emily craig, imogen grant emily craig gold, women's lightweight double sculls, lightweight double sculls final, paris 2024 rowing, team gb rowing, nhs doctor, team gb rowing gold","Imogen Grant, part-time forever Olympic champion and now a doctor. Imogen won gold alongside Emily Craig in the women's ..."
🇺🇸 USA vs 🇹🇷 TUR - Paris 2024 Olympic Qualification Tournament | Full Match - Volleyball,2YMYUNIyfHo,Volleyball World,UCNMg6XDhRZI2QzL4pWOvP_w,"FIVB, FIVB International Volleyball FederationVolleyball Match, volleyball, indoor volleyball, Volleyball World, Live Volleyball, Volleyball full match, men’s volleyball, women’s volleyball, كرة الطائرة, 排球, Volleyball, Volley, バレーボール, 배구, Voleibol, Волейбол",Enjoy watching the full match from the Men's Olympic Qualifying Tournament! More full matches from the VNL: ...
Paris 2024 🤩🔥🔥#paris2024 #olympics #marcelljacobs #sports,2Pry9I9AMwI,Sports TV,UCF-tVXIMEz3jrTZ532UmpzA,"paris, paris2024, 2024, olympics2024, olympics, sports, short, Cup, Marcell Jacobs, Torre Eiffel, Paris, Usain Bolt, 365 Days, 365, Athletic",
Tom Cruise&#39;s Epic Entrance at the 2024 Olympics Closing Ceremony | Must Watch!,KIHMLS4kTOE,Trendyshot,UCxV3r60ER47vGpKaXXpqqdw,,"Tom Cruise made a dramatic entrance at the 2024 Olympics closing ceremony, descending from the sky and delivering the ..."
Celine Dion closes the Olympics Ceremony in Paris 2024 #subscribe #youtubeshorts #celinedion #shorts,gYOX0fczREs,La vita e bella ,UC49xtyPxus_O_14HOXwsFSg,"#celinedion, #singer, #woman, #artist, #person, #music, #audience",Celine Dion perform the closing Olympics ceremony in Paris 2024 she's in good health. #subscribe #youtubeshorts #youtube ...
"Champions are made, not born! #atletica #trackandfield #duplamtis #paris2024 #olympics",j3a1oH2EsN4,Atletica TV,UCcAfjHFTVJ6enZhOz_F674g,,
#paris2024olimpiyatları #paris2024 #olympics #yusufdikeç #turkey #türkiye#olimpiyatlar#paris,-iT1qmdfFmQ,legends shorts videos green screen,UCFVDXQ2EKtRWZgpmb5u8HKw,,
@MostlySane Running her first ever 10k at @Olympics Paris | Prajakta Koli | MostlySane FC,PBTux0BzdDY,MostlySane FC,UCVK5KQpqWvoBwxLGkxmjuTQ,,FOLLOW FOR MORE UPDATES - INSTAGRAM - @mostlysane.dumdum_ & prajakta_updates TWITTER - @fulmayaxaaboo ...
🗼Paris2024 olympics,CpLkMSyip_I,Ok-ram5 Mmacrí,UCsELDX_jP2oJU26p3O3TKMQ,,
Snoopdogg  danse avant les Jeux Olympiques de Paris 2024  #shorts #rap #hiphop #music #virals,JyFQh95H2wg,MeloMash,UCbuFJ9Kva1J21-GpvUl7pwg,"Snoop dogg viral, snoop dogg danse, snoop dogg dance jo 2024, snoop dogg paris 2024, interview snoop dogg",snoopdogg.
Paris Olympic Bronze Medallist and Indian shooter Manu Bhaker made a  visit to her maternal home,Mt_48jVTfAI,The Indian Express,UCJEDFSxHHOW1PpBccdSxOTA,"manu bhaker, manu bhaker shooting, manu bhaker interview, manu bhaker pistol, manu bhaker tokyo olympics, manu bhaker olympics, manu bhaker wins bronze medal in paris olympics, shooter manu bhaker, manu bhaker shooter, manu bhaker olympic, manu bhaker bronze medal, manu bhaker news, manu bhakar, manu bhaker wins broze, manu bhaker age, manu bhaker olympics live, manu bhaker gold, manu bhaker olympic athlete, manu bhaker shooting paris olympics 2024, manu bhaker wins gold",Paris Olympic Bronze Medallist and Indian shooter Manu Bhaker made a visit to her maternal home. #manubhaker ...
Bringing the @Olympics spirit to your wardrobe with the #puff htv! #paris2024 #olympics,DGjVJZ5NirQ,B-FLEX Italia,UCOeHP8qimUX5tJ03qQ6WrLA,"olympics, olimpiadi, puff, puff vinyl, puff htv, puff htv vinyl, puff metallic, puff neon, puff fluo, puff gold, puff silver, press puff, how to press puff, heat transfer vinyl, heat transfer, b-flex, b-flex italia, bflex italia, clothing customize, t-shirt decoration, tshirt decoration, t-shirt customize, garment decoration, htv, iron on, iron on vinyl, iron on htv, iron on heat transfer vinyl, easypress mini, heat press, puff film, heat transfer film, puff garment",Subscribe here to our channel: https://www.youtube.com/channel/UCOeHP8qimUX5tJ03qQ6WrLA Visit our website: ...
Neeraj chopra role😀 play sharukh Khan 😆 | Nadeem role play Amitabh Bachchan 😆😆|#paris2024 #olympics,wupdC3wWsOc,Enhance with nunggail ,UC5o3c2kr7Hyhol194zlIA1g,,credit: jio cinema original video link : jio cinema app #youtubeshorts #paris2024 #olympics2024 #olympics #viral #shorts.
6m25 !!!! RECORD DU MONDE POUR ARMAND DUPLANTIS À LA PERCHE #Olympics #Paris2024 #Olympics2024,cnN73Ecy0DY,Eurosport France,UCozt5iXNqmhU1I7tcjJ0UFQ,"Eurosport, Jeux Olympiques, JO 2024, JO Paris, Jeux Olympiques Paris, JO paris 2024, Olympic games, Olympic Games 2024, Paris 2024, Olympic Games Paris, cérémonie ouverture paris 2024, jeux olympiques programme, jeux olympiques calendrier, calendrier JO, programme JO, JO diffusion TV, JO Max, JO France TV, JO direct, tableau médailles JO, paris 2024 programme",Abonnez-vous à notre chaîne https://bit.ly/3OetlmT Suivez les meilleurs événements sur Eurosport via la plateforme de ...
#cricket #ipl #viratkohli #cricketlover #rcb #silvermedal #paris2024 #olympics #turkey #motivation k,6vnToz3nNKc,YG ARMY FANS,UCaKey8AHbvF4xGuKnJJCbAA,,
Yusuf Dikeç🇹🇷🇹🇷🇹🇷 #edit #paris2024 #olympics #trollface,dpQoeTvs1vA,Bilgoke,UCAxyKhMTPulM5NPLx9kdDHw,,
"Happy Birthday Champ, Vinesh Phogat #vineshphogat #wrestling #paris2024 #olympics",CyPcJve94Yw,N1 Media Consultancy Private Limited,UCK4gVx5S4F-pm2MlLbEC22g,,
Yenny Alvarez (59kg 🇨🇴) 95kg / 209lbs slowmo! #weightlifting #paris2024 #olympics,QJYjNa33JZ4,All Things Gym,UCvErLpBQc912GUtm6WKfMng,,
"All 45 Sports List of Paris Olympic Games 2024 | Paris, France 2024",jdE12JQGA54,Knowledge Pill,UCflXwJUG6fyV3XZWFBog6Lw,"All 45 Sports List of Paris Olympic Games 2024, All games of olympics, Olympics games 2021, Newly added games to the Olympics, olympic games, olympic games tokyo 2020, complete games list of olympics, new olympic games added, olympic games 2021, summer olympics games list, all olympics games names, All games list of Tokyo Olympics 2020, sports of olympic, olympic total games, olympic games list of sports, olimpik, olympics 2024, paris 2024, paris olympics","Hello Friends, This video is about the All 45 Sports List of the Paris Olympic Games 2024. Full 45 games list of Paris Olympics ..."
OLYMPISCH GOUD om MIJN NEK! 😭🥇 #goud #medaille #olympics #paris2024 #baileyfreestyle #shorts,dU0EkbGGhso,Bailey de Regt,UCsm0-07ZjdQS7IhPZvBTerQ,,
Celine Dion arrived in Paris Olympics 2024 #music #subscribe #paris #youtubeshorts #shorts #celine,holyySebfX4,La vita e bella ,UC49xtyPxus_O_14HOXwsFSg,"#audience, #badyguards, #people, #fans, #men, #women",Celine Dion arrival in Paris Olympics 2024 she's like a rock star in her style. #subscribe #yputubeshorts #youtube #paris ...
DOMINATION! 😮‍💨 | Men&#39;s 110m Hurdles Final Highlights | #Paris2024 #Olympics,XbfraKkipS8,Eurosport,UClhp9g6TPiqCTOlcw0ROfNg,"Eurosport, Discovery, Snooker, Tennis, Olympics, Cycling, La Vuelta, Sport, Moto GP, World Super Bikes, Mountain Biking, Roger Federer, Novak Djokovic, Rafael Nadal, Carlos Alcarez, Serena Williams, Sepp Kuss, Remco Evenepoel, Jonas Vingegaard, Ronnie O'Sullivan, Warner Bros., Live Sport, Football, Youtube, Soccer, Álvaro Bautista, Valentino Rossi, Mark Cavendish, UAE, Emirates, Primož Roglič, Filippo Ganna, Ineos Grenadiers, UAE Team Emirates, Jumbo-Visma, Soudal-QuickStep, Nike, Adidas",Stream every moment of the Paris 2024 Olympics only on Max News and coverage from the #1 sports destination and the ...
The Olympics’ Greatest Act of Sportsmanship,zJov8yXoKuc,Tifo Sports,UCA84Qqrgfr9EblA_6pNX-xg,"tifo, tifo sports, sports video, the athletic",What was the Olympics' greatest act of sacrifice? #Paris2024 #Olympics #Sports Follow Tifo Sports: TikTok: @tifosports Facebook: ...
Why Athletes Bite their Medals? | chinese athlete bites medal,mXJHbzdIFOY,SoWhats Next,UCg849MPFl4Y20aM4n9ApDUg,"yusuf dikec, yusuf dikec olympics shooting, yusuf dikec paris, turkish olympian, yusuf dikec olympics 2024, turkish shooter, yusuf dikeç paris 2024, yusuf dikec air pistol, yusuf dikeç shooting, olympic medal, olympic winner bites medal, simone biles, why bite medal, chinese diplomatic, china gold medal, biting medals, olympic medals, simone biles paris olympics, zhou yaqin medal biting, zhou yaqin medal, why athletes bite their gold medals, why olympians bite their medals",sowhatsnextlevel Why Athletes Bite their Medals? | chinese athlete bites medal #whydoathletesbitetheirmedals ...
😮 Le plongeon parfait de la championne olympique Hongchan Quan #Olympics #Paris2024 #Olympics2024,xsWBAhUvFEk,Eurosport France,UCozt5iXNqmhU1I7tcjJ0UFQ,"Eurosport, Jeux Olympiques, JO 2024, JO Paris, Jeux Olympiques Paris, JO paris 2024, Olympic games, Olympic Games 2024, Paris 2024, Olympic Games Paris, cérémonie ouverture paris 2024, jeux olympiques programme, jeux olympiques calendrier, calendrier JO, programme JO, JO diffusion TV, JO Max, JO France TV, JO direct, tableau médailles JO, paris 2024 programme",Abonnez-vous à notre chaîne https://bit.ly/3OetlmT Suivez les meilleurs événements sur Eurosport via la plateforme de ...
Why Olympic Divers shower before dive? #olympics  #diving  #swimming  #paris2024  #sports #yt,S9NbLlyAEbw,ViralVid.,UCw_aa9IY5gHRY13mDODwywg,,
🇯🇵 JPN vs 🇷🇸 SRB - Paris 2024 Olympic Qualification Tournament | Full Match - Volleyball,anrsqjthgMo,Volleyball World,UCNMg6XDhRZI2QzL4pWOvP_w,"FIVB, FIVB International Volleyball FederationVolleyball Match, volleyball, indoor volleyball, Volleyball World, Live Volleyball, Volleyball full match, men’s volleyball, women’s volleyball, كرة الطائرة, 排球, Volleyball, Volley, バレーボール, 배구, Voleibol, Волейбол",Sync your calendar to the Olympic Games match schedule to not miss a single game of your favorite team: https://ql.
The Paralympic Opening Ceremony is here! #paralympics #openingceremony #paris2024 #olympics,Nl3ihRs9Qzc,Empact News,UCmuhqIgfk2AW8T836rF7ZAw,,Follow us on our socials to keep up to date with the latest news! TikTok: https://www.tiktok.com/@empact_news?lang=en ...
Morwala showers Vinesh Phogat with love and admiration #wrestling #vineshphogat #olympics #paris2024,DSO6-7sOoQY,N1 Media Consultancy Private Limited,UCK4gVx5S4F-pm2MlLbEC22g,,Vinesh Phogat had to stay back in Paris after she had appealed to the Court of Arbitration for Sport for a joint silver which was ...
#olympics #egypt #مصر #كرة_القدم #football #france #paris2024,k3PxIkttrTE,All Pro MAX,UCTIUKLPeWdR1f90_S6pq02A,,
😬🇲🇽 Le GROS PLAT pour Aranza Vazquez Montano !! #paris2024 #olympics #olympics2024,w7FE-_QRqLU,Eurosport France,UCozt5iXNqmhU1I7tcjJ0UFQ,"Eurosport, Jeux Olympiques, JO 2024, JO Paris, Jeux Olympiques Paris, JO paris 2024, Olympic games, Olympic Games 2024, Paris 2024, Olympic Games Paris, cérémonie ouverture paris 2024, jeux olympiques programme, jeux olympiques calendrier, calendrier JO, programme JO, JO diffusion TV, JO Max, JO France TV, JO direct, tableau médailles JO, paris 2024 programme",Abonnez-vous à notre chaîne https://bit.ly/3OetlmT Suivez les meilleurs événements sur Eurosport via la plateforme de ...
DUPLANTIS SHATTERS RECORD! 🤩 | Athletics Paris 2024 Day 4 Highlights | #Paris2024 #Olympics,taw7ZTqVUng,Eurosport,UClhp9g6TPiqCTOlcw0ROfNg,"Eurosport, Discovery, Snooker, Tennis, Olympics, Cycling, La Vuelta, Sport, Moto GP, World Super Bikes, Mountain Biking, Roger Federer, Novak Djokovic, Rafael Nadal, Carlos Alcarez, Serena Williams, Sepp Kuss, Remco Evenepoel, Jonas Vingegaard, Ronnie O'Sullivan, Warner Bros., Live Sport, Football, Youtube, Soccer, Álvaro Bautista, Valentino Rossi, Mark Cavendish, UAE, Emirates, Primož Roglič, Filippo Ganna, Ineos Grenadiers, UAE Team Emirates, Jumbo-Visma, Soudal-QuickStep, Nike, Adidas",Stream every moment of the Paris 2024 Olympics only on Max News and coverage from the #1 sports destination and the ...
Heartbreaking Moment At The Olympics,FHsBv3vCXRw,SportInsights,UCwUvcuSDAQKdAEAfrejtVoQ,"Olympics2024, AnaBarbosu, JordanChiles, OlympicDrama, Gymnastics, BronzeMedal, ScoreInquiry, TeamUSA, RomanianGymnast, OlympicControversy, paris olympics",olympics2024 #AnaBarbosu #jordanchiles.
CHINA WIN GOLD! 🥇 | Men&#39;s Air Pistol 10m | Paris 2024 Olympics | #Paris2024,O7CYbDkhhoY,Eurosport,UClhp9g6TPiqCTOlcw0ROfNg,"Eurosport, Discovery, Snooker, Tennis, Olympics, Cycling, La Vuelta, Sport, Moto GP, World Super Bikes, Mountain Biking, Roger Federer, Novak Djokovic, Rafael Nadal, Carlos Alcarez, Serena Williams, Sepp Kuss, Remco Evenepoel, Jonas Vingegaard, Ronnie O'Sullivan, Warner Bros., Live Sport, Football, Youtube, Soccer, Álvaro Bautista, Valentino Rossi, Mark Cavendish, UAE, Emirates, Primož Roglič, Filippo Ganna, Ineos Grenadiers, UAE Team Emirates, Jumbo-Visma, Soudal-QuickStep, Nike, Adidas",Stream every moment of the Paris 2024 Olympics only on Max News and coverage from the #1 sports destination and the ...
Manika Batra&#39;s Triumph: Paris 2024 Olympics 🏓,apqbzYMCEpc,Trend Sphere,UCTM79DHr4qikTIlIJqKRaWg,"Manika Batra, Table Tennis, Olympics, Paris Olympics 2024",Join us as we celebrate Manika Batra's incredible journey to the round of 16 in the women's table tennis singles event at the Paris ...
French breakers set the scene for Paris 2024 Olympic Games | Breaking Life,yg-OoztAOnU,Olympics,UCTl3QQTvqHFjurroKxexy2Q,"Olympic Games, Olympic Medal, Olympics, Olympic Sports, Sport, Gold, Silver, Beijing2022, Beijing 2022, Olympic Games 2022, Olympics 2022, токио 2020, Beijing, Beijing Olympics, Winter Olympics, Tokyo 2020, Tokyo 2021, Hanyu, Bolt, Neeraj, Chopra, simone biles, carrillo, olympic games, olympic games 2022, olympic games live, olympic spirit, tokyo 2021, olympic games 2020, tokio 2020, beijing 2022, pyeongchang 2018, rio 2016, olympic channel, olympics 2020, Пекин 2022",Subscribe to @olympics: http://oly.ch/Subscribe France is a cultural melting pot. It's also one of the biggest countries for Breaking ...
Kylie Minogue - Dancing Queen @Sydney 2000 Olympics | Music Monday,4b7nSUUAQgQ,Olympics,UCTl3QQTvqHFjurroKxexy2Q,"Kylie Minogue, Sydney 2000, Sydney, Minogue, Dancing Queen, ABBA, PLMusicMonday, Music, Musical, Music Monday, Musik, Musique, Olympics, Olympic, Olympic Games, bronze, silver, gold, ceremony, summer games, closing ceremony, closing",Re-live ALL the incredible #Paris2024 action ➡️ https://go.olympics.com/watch Subscribe to @olympics: ...
P V Sindhu Aggressive Badminton Smashes🏸💥 #olympics #shorts #edits,rgu8QUC__SA,Born2Elite Sports,UC2gnThiqzlFRN9izElfoKWg,"Pv sindhu best smashes, P v sindhu badminton, Born2elitesports, Born 2 elite, Elite sports, Olympics, Pv sindhu, Badminton, Badminton best smashes, Top badminton players, Tokyo 2020, Angry Sports persons, Thug life moment",Subscribe us in YouTube and follow us on Instagram     https://instagram.com/born2elitesports?utm_medium=copy_link you will ...
Meanwhile wait for me  legend👽#paris2024 #olympics #turkey #motivation #Yusuf,gOOVf9Pgh34,DaBi 王,UCtB2jfukth9q_HynULr8CNQ,,
🤩 TEDDY &quot;I AM A LEGEND&quot; RINER #Olympics #Paris2024 #Olympics2024 #judo #riner,oRpB7aBgy4s,Eurosport France,UCozt5iXNqmhU1I7tcjJ0UFQ,"Eurosport, Jeux Olympiques, JO 2024, JO Paris, Jeux Olympiques Paris, JO paris 2024, Olympic games, Olympic Games 2024, Paris 2024, Olympic Games Paris, cérémonie ouverture paris 2024, jeux olympiques programme, jeux olympiques calendrier, calendrier JO, programme JO, JO diffusion TV, JO Max, JO France TV, JO direct, tableau médailles JO, paris 2024 programme",Abonnez-vous à notre chaîne https://bit.ly/3OetlmT Suivez les meilleurs événements sur Eurosport via la plateforme de ...
Paris est une fete #paris #paris2024 #olympics,trT4Ozbs-F8,Tiny Cute Animal,UC7hickFgpvuLsNmIw46xJqw,,
#thaisadaher #volleyball #tall #zehragunes #gabiguimaraes #brasil #paris2024 #olympics #model #fyp,OFutUzyPsMk,Uliya Gerasymova 💎,UCdVy6yrMqOZx-Ow_zfrbCig,,
“My Way” by Yseult - Final Performance Fireworks- Stadium POV Olympics Closing Ceremony Paris 2024,aQxr85yf37I,Capybara Live,UC7Tud5aJCRshECCPkfxVV1g,,Experience the grand finale of the Paris 2024 Olympic Games like never before at Stade de France! Join us for an ...
Olympic champ @JakobIngebrigtsen2000  writes a message to himself at #paris2024,5BgpkSVceBs,Olympics,UCTl3QQTvqHFjurroKxexy2Q,,
Vinesh Phogat felicitated at her village in Balali #vineshphogat #wrestling #paris2024 #olympics,8np1xZ_G-lE,N1 Media Consultancy Private Limited,UCK4gVx5S4F-pm2MlLbEC22g,,
Watching El Bakkali become a double Olympic 3000m steeplechase champion 🤩🥇🥇🇲🇦 #paris2024 #olympics,CZz8WSsysR8,Eurosport,UClhp9g6TPiqCTOlcw0ROfNg,"Eurosport, Discovery, Snooker, Tennis, Olympics, Cycling, La Vuelta, Sport, Moto GP, World Super Bikes, Mountain Biking, Roger Federer, Novak Djokovic, Rafael Nadal, Carlos Alcarez, Serena Williams, Sepp Kuss, Remco Evenepoel, Jonas Vingegaard, Ronnie O'Sullivan, Warner Bros., Live Sport, Football, Youtube, Soccer, Álvaro Bautista, Valentino Rossi, Mark Cavendish, UAE, Emirates, Primož Roglič, Filippo Ganna, Ineos Grenadiers, UAE Team Emirates, Jumbo-Visma, Soudal-QuickStep, Nike, Adidas",Stream every moment of the Paris 2024 Olympics only on Max News and coverage from the #1 sports destination and the ...
Femke Bol Run to Paris Olympics 2024,ESazGq3CK40,The WoSo Stories,UCz0fXIvi24IryCu0BFlwh6Q,,femkebol #athletics #hurdles #olympics #paris2024 Credits to @EuropeanAthletics @WorldAthletics.
Les débuts d&#39;Usain Bolt sur 100m sont tonitruants.,dQ6xQhY-g6o,Lucas Raconte,UCQWHMGzXfX4EvDyl9hb3xKA,,usainbolt #olympics #jeuxolympiques #jo #paris2024 #gold #or #athletics #athletisme #100m #legend #recit #histoire.
Victory Ceremony PARIS 2024 | Official Theme Music | SUMMER OLYMPIC PARIS 2024,-cHkehT3YjU,ART YOON SPUTNIK,UC9y4gWo3HQ5_eupxu7ZxROQ,,PARIS 2024 VICTORY CEREMONY in SUMMER OLYMPIC PARIS 2024 #paris2024 #OLYMPICS2024 #Paralympic2024 ...
THOMAS CECCON VINCE I 100 DORSO #olympics #paris2024 #nuoto,PdoB3A2FSgg,sorrynocap76,UCTRuXSc80PpWvFbl2NBdbqA,,
North Korean athletes set off for 2024 Paris Olympics,UrmEfk_HcX8,Associated Press,UC52X5wxOL_s5yw0dQk7NtgA,"4507335, 8a18a62e3f444453b51155337c62c45a, 92a6880290fe4794adfef2ae80bba5c7, Associated Press, Brazil, Kim Il Guk, North Korea, North Korea Olympics Departure (CR), Tokyo, news",North Korean athletes set off for the Olympics in Paris on Saturday - the first time the country will have taken part since the ...
Bro kicked everyone ass! #paris2024 #olympics #foryou #shorts,k407HsEQ4QU,Horrify,UCerXFHjDAVt0KLVXT3_CTvg,,
Олімпіада-2024: перше золото і дівчата ЗСУ #ucraina #paris2024 #olympics #teamukraine #зсу,R5FaV188yO4,Говорить Європа ,UCoeFDFLwE16F-FijJRxttXA,,Жіноча збірна України з фехтування на шаблі перемогла Республіку Корею та виграла Олімпійські ігри-2024. Українська ...
Paralympics in Paris! Over 4000 Athletes Compete! #paris2024 #olympics #2024 #paralympics,4G9lCqdZ074,Rabbit Hole Tales,UCmO6OHnTbSRZzbCN9rJHd5A,"paralympics, paris2024, olympics, sport, gold, silver, bronze, athlete, openingceremony, olympiad, tokyo, sydney, atlanta, rabbitholetales, France",A quick one to let you know the Paralympics in Paris and about to begin! Thanks for watching Paralympics in Paris! Over 4000 ...
"Tổng kết Olympic Paris 2024, 9 quốc gia nhiều huy chương nhất #shorts",9P74o_atwbA,Tạp Hoá Người Lười,UCG8ZcEtWAcsYY2jrKuNayUw,,
Hurdle Power #athletics #sports #parisolympics #paris2024 #olympics #hurdle #usa #athleticscanada,lpSrU-KH_o8,Travel Life with Scenic Scenes,UCo_TvWtlwekGwfpWZs_buTg,,Hurdle Power #athletics #sports #parisolympics #paris2024 #olympics #hurdle #usa #athleticscanada.
Nita ambani #shorts #viral🔥 #trending #paris2024 #olympics,6aWFDld632Q,Popping Priyanka ,UCAvT_mKzMdk3-mk3Fi6r1oQ,,Nita ambani #shorts #viral   #trending #paris2024 #olympics #shorts #shortsfeed #viral #shortsfeed #ambanifamily #nitaambani ...
Paris 2024 Olympic and Paralympic Games Official Anthem [ Woodkid - Prologue ],KceuB0qVAZw,Rewind Records,UCjrGajWgplvnVLywDcuMzDw,"edm, rewind, records, music, pop, kpop, justinbieber, bts, trap, trapnation, lyrics, musicvideo, vevo",Paris2024 #JeuxOlympiques #Olympics.
Paralympics in Paris! Over 4000 Athletes Compete! #paris2024 #olympics #2024 #paralympics,4G9lCqdZ074,Rabbit Hole Tales,UCmO6OHnTbSRZzbCN9rJHd5A,"paralympics, paris2024, olympics, sport, gold, silver, bronze, athlete, openingceremony, olympiad, tokyo, sydney, atlanta, rabbitholetales, France",A quick one to let you know the Paralympics in Paris and about to begin! Thanks for watching Paralympics in Paris! Over 4000 ...
Olympic most satisfying Moment #curling #olympics #sports #hockey #sport #paris2024 #sports #viral,Mc174dB2vDI,EL BENZI,UCC2bWz237AfqjWj472fe4Zg,,
Paris 2024 Olympics: Will the French capital rise to the challenge? • FRANCE 24 English,lQLvTKcn2-k,FRANCE 24 English,UCQfwfsi5VrQ8yKZ-UWmAEFg,"2024 Olympics, FRANCE IN FOCUS, France, Paris, france24, news","Organisers of the 2024 Olympics are racing to get the French capital ready for the event. For athletes it's a chance to win gold, ..."
OLYMPIC #Olympic #Olympics #OlympicParis2024 #YuliyaLevchenko #LadyPam #Highjump #ukraine #Sport,KZBcQ6h9Aks,Best ,UCFLE9DUKewUOwuK6xEq3wLw,,OLYMPIC GAMES PARIS 2024 #Olympic #Olympics #OlympicParis2024 #YuliyaLevchenko #LadyPam #Highjump #ukraine ...
Masai Russell Boyfriend &amp; Family 😍💘 #couplegoals #blacklove #olympics #athlete #usa #paris2024,LDytHL_ASz4,Star Spotlight,UCv4n7bNB4R9hbF0J9G_gzww,,
Usain Bolt picks his ultimate Olympic football team. 📝⚽️,D0oZcqCA78k,Olympics,UCTl3QQTvqHFjurroKxexy2Q,"Olympic Games, Olympic Medal, Olympics, Olympic Sports, Gold, Silver, Beijing2022, Beijing 2022, Olympic Games 2022, Olympics 2022, Winter Olympics, Tokyo 2020, Tokyo 2021, olympic games, olympic games 2022, olympic games 2020, beijing 2022, olympic channel, olympics 2020, Paris 2024, Paris Olympics, Juegos Olimpicos, Jogos Olimpicos, Olympic, Olympic Games 2024, Olympics 2024, Neeraj Chopra, Simone Biles, Sha'Carri Richardson, Noah Lyles, Hanyu, Paris, Mondo Duplantis","Which Olympians would you include in your ultimate football starting XI, Usain? Check out this line up, you won't be ..."
A NEW Women’s Beam Olympic champion has been crowned 🥇🇮🇹 #Paris2024,CIbOzbhuFms,Eurosport,UClhp9g6TPiqCTOlcw0ROfNg,"Eurosport, Discovery, Snooker, Tennis, Olympics, Cycling, La Vuelta, Sport, Moto GP, World Super Bikes, Mountain Biking, Roger Federer, Novak Djokovic, Rafael Nadal, Carlos Alcarez, Serena Williams, Sepp Kuss, Remco Evenepoel, Jonas Vingegaard, Ronnie O'Sullivan, Warner Bros., Live Sport, Football, Youtube, Soccer, Álvaro Bautista, Valentino Rossi, Mark Cavendish, UAE, Emirates, Primož Roglič, Filippo Ganna, Ineos Grenadiers, UAE Team Emirates, Jumbo-Visma, Soudal-QuickStep, Nike, Adidas",Stream every moment of the Paris 2024 Olympics only on discovery+ in the UK News and coverage from the #1 sports ...
"Cindy Ngamba, an inspiration to refugees all over the world ❤️#olympics #paris2024",Q8AnxYPu4F4,Eurosport,UClhp9g6TPiqCTOlcw0ROfNg,"Eurosport, Discovery, Snooker, Tennis, Olympics, Cycling, La Vuelta, Sport, Moto GP, World Super Bikes, Mountain Biking, Roger Federer, Novak Djokovic, Rafael Nadal, Carlos Alcarez, Serena Williams, Sepp Kuss, Remco Evenepoel, Jonas Vingegaard, Ronnie O'Sullivan, Warner Bros., Live Sport, Football, Youtube, Soccer, Álvaro Bautista, Valentino Rossi, Mark Cavendish, UAE, Emirates, Primož Roglič, Filippo Ganna, Ineos Grenadiers, UAE Team Emirates, Jumbo-Visma, Soudal-QuickStep, Nike, Adidas",Stream every moment of the Paris 2024 Olympics only on discovery+ in the UK News and coverage from the #1 sports ...
20K Oz qoldik   #sports #basketball #olympics #judo #paris2024 #leytenant #rek #diyora_keldiyorova,fSxIjLdaF3c,Raid PUBG,UCk8Y7fMLSlvfjDSyEJpf2qw,,
Part 20 Pack World Class Opening #shorts #paris2024 #olympics #football #openpack #fifa #футбол #рек,ZN8cbDNSfhA,World of Stickers,UCoB4itqeUyfEuMINPX4I6lg,,
#paris2024 #paris #olympics #olympicgames,sTCN7V-1gT0,Duo Fire Acrobats,UCn1oXpchcDVK3oG6I83rhXg,,
Paris Olympics open with a lavish floating parade #News #Paris2024,HO-nrDivjqE,OcraNews,UCK3CfhhwFJhrpOmV2gf1A8A,,
USA vs. Italy: Epic Clash at Paris 2024 Olympics Volleyball #shorts,z_U1hPc5HY4,Fact Please,UCqS3t59pfOR3NUzYHsXzf1Q,"olympics, paris olympics 2024, paris olympics 2024 live, volleyball, volleyball world, olympics 2024 paris, olympics 2020, paris olympics, olympic games, olympic medal, olympic channel, volleyball match, soccer paris olympics 2024 highlights, olympic sports, morocco vs. usa paris olympics, olympic games 2020, olympics 2021, olympic volleyball qualification 2023, djokovic vs alcaraz olympics 2024, djokovic alcaraz olympics 2024, 2016 olympics, olympic volleyball, usa vs italy",Get ready for an electrifying showdown at the Paris 2024 Olympics as Team USA takes on Team Italy in women's volleyball!
Léon Marchand en couple avec Eileen Gu ? #leonmarchand #eileengu #jo2024 #paris2024 #olympics,Z_UxU32wesU,Ayther,UCxjGy5etZvz_NWo8K4Cnq1A,,
&quot;😮Sha&#39;Carri Richardson&#39;s Epic Comeback at Paris 2024 Olympics | 100m &amp; 200m Sprint Champion?&quot;,FkOJZB_uBWY,USA SPORTS ,UCZXfJKydNqtWGnDXSRCpTMw,"hanyu, olympics, track and field olympics","""   Witness Sha'Carri Richardson's epic comeback at the Paris 2024 Olympics! Can she claim the title of 100m & 200m sprint ..."
#shorts #paris2024 #olympics #alfa #SmeraldaNunnari,-SHfiRyTgz0,Nano Gossip su Giganti di Smeralda Nunnari,UCm-rQRvrNWCotTGZsD5y24Q,,
#shorts #nelsonmandelaquotes #paris2024 #olympics #SmeraldaNunnari,jcPwAvUBWB8,Versi di-vini di Smeralda Nunnari,UCKOWdkjN_GeWHVz9mhB_d0w,,
Experience the Excitement of the 2024 Paris Olympic Games!,J70xzOppLj0,Wasder Fall - Stay tuned on trends,UCUsQ-ERmPQKxzY-rGaAlfGQ,"hen, chicken, chicks, galline, polli, galli, philosophy, wisdom, pulcini, filosofia, saggezza","""Get ready for the 2024 Olympic Games in Paris! Witness incredible athletic feats, emotional victories, and unforgettable ..."
Kate Bush - Running Up That Hill @London 2012 Olympic Games,Ft3yUKjzV4s,Olympics,UCTl3QQTvqHFjurroKxexy2Q,"IOC, Olympics, London 2012, Games, Sport, Athletics, Track, Field, 2012, Rio, 2016, Brazil, Team GB, USA, China, Russia, France, Olympic, Olympic Stadium, History, Beijing, Athens, Sydney, Jamaica, montage, highlights, kate bush, running up that hill, closing ceremony, iconic, 12 august, footage, lyrics, one direction, jessie j, queen, live, cover, official video, instrumental, gold, fireworks, dance, wuthering heights, this womens work, interview",Re-live ALL the incredible #Paris2024 action ➡️ https://go.olympics.com/watch Highlights from the London 2012 Olympic ...
Paris 2024 Olympic Games Official Anthem,NuYs-yG9PQA,SONGS SPORTS Of The World,UC-22L3uxEyOytdRj9-XOA8g,"no copyright sound, background music for videos no copyright, no copyright song hindi, intro music no copyright, no copyright music background, no copyright songs, music no copyright, free music no copyright, no copyright sounds, background music no copyright, no copyright song, no copyright hindi song, cinematic no copyright, Paris 2024 Olympic Games Official Anthem, paris 2024, olympic games paris, olympic games 2024, song olympic games paris, song olympic games 2024",Paris 2024 Olympic Games Official Anthem. Official site https://www.paris2024.org/en/ Sign up https://bit.ly/3RwNoOQ ...
&quot;Brazil&#39;s Bright Star: Andrade Shines with Olympic Gold&quot; #rebeca  #gymnasticsgoat #parisolympics,0WaVi1cf4uQ,Learn with Krithisha: Quick sh🧿rts ,UCUvPO3u7dNa9V_3ktbeonjw,,Brazilian gymnastics sensation Rebeca Andrade makes history with her gold medal win in the women's floor exercise at the Paris ...
#weightlifting #paris2024 #olympics #johncena,5dAYfNNHg0Q,History Unveiled,UCZIgZTG69s8X4sQ8aB4hcVg,,funny world weight lifting championship #weightlifting #fitness #gym #bodybuilding #workout #crossfit #powerlifting ...
Fin des JO de Paris 2024 #actualités #faitsdivers #merci #athlete #sports #jeuxolympiques2024 #paris,1dcRdUnbRlo,Newrecap ,UCTWYf5f2tMx08BhUssqSU6g,,
Paris Olympic Bronze Medallist and Indian shooter Manu Bhaker made a  visit to her maternal home,Mt_48jVTfAI,The Indian Express,UCJEDFSxHHOW1PpBccdSxOTA,"manu bhaker, manu bhaker shooting, manu bhaker interview, manu bhaker pistol, manu bhaker tokyo olympics, manu bhaker olympics, manu bhaker wins bronze medal in paris olympics, shooter manu bhaker, manu bhaker shooter, manu bhaker olympic, manu bhaker bronze medal, manu bhaker news, manu bhakar, manu bhaker wins broze, manu bhaker age, manu bhaker olympics live, manu bhaker gold, manu bhaker olympic athlete, manu bhaker shooting paris olympics 2024, manu bhaker wins gold",Paris Olympic Bronze Medallist and Indian shooter Manu Bhaker made a visit to her maternal home. #manubhaker ...
🗼Paris2024 olympics,CpLkMSyip_I,Ok-ram5 Mmacrí,UCsELDX_jP2oJU26p3O3TKMQ,,
🇦🇺 Every Keegan Palmer Run at Paris! | Park Skateboarding #Paris2024,-mDYPfhuStE,Olympics Skateboarding,UCV4gQI_BztZ2PBFA80ZWy5A,,"Re-watch all the #Paris2024 action on our website! ➡️ https://go.olympics.com/watch Keegan Palmer gets it done, winning a ..."
#paris2024olimpiyatları #paris2024 #olympics #yusufdikeç #turkey #türkiye#olimpiyatlar#paris,-iT1qmdfFmQ,legends shorts videos green screen,UCFVDXQ2EKtRWZgpmb5u8HKw,,
beautiful artistic gymnastics medal victory at the Paris 2024 Olympics#beautiful #sports #italy,zFBTutn21vw,Dal mondo Giunta.,UCAAXfBO28Wu0Gq4Va-2Snjw,,
Bringing the @Olympics spirit to your wardrobe with the #puff htv! #paris2024 #olympics,DGjVJZ5NirQ,B-FLEX Italia,UCOeHP8qimUX5tJ03qQ6WrLA,"olympics, olimpiadi, puff, puff vinyl, puff htv, puff htv vinyl, puff metallic, puff neon, puff fluo, puff gold, puff silver, press puff, how to press puff, heat transfer vinyl, heat transfer, b-flex, b-flex italia, bflex italia, clothing customize, t-shirt decoration, tshirt decoration, t-shirt customize, garment decoration, htv, iron on, iron on vinyl, iron on htv, iron on heat transfer vinyl, easypress mini, heat press, puff film, heat transfer film, puff garment",Subscribe here to our channel: https://www.youtube.com/channel/UCOeHP8qimUX5tJ03qQ6WrLA Visit our website: ...
PT 6 #Olympic #TeamNigeria is unmatched 😭 #parisolympics2024 #paris2024 #olympics #comedy #shorts,5-arbcdMg9s,VISIONARY MEDIA,UCDJtKeDY6qwS94Ey8H32Jfw,"2024 olympics, 2024 paris olympics, paris olympics 2024, olympics 2024, olympics, olympics 2024 highlights, team nigeria, team nigeria basketball 2024, team nigeria 4x100 relay, simone biles olympics 2024, not like us, naija, naija tiktok, nigeria, nigeria news, nigerian, nigerian music, comedy, jokes, reels, viral, viral video, funny videos, nigerian comedy, fyp, for you, shorts, usa, dominican republic, brazil, south africa, 400m olympics 2024, 400m, track and field 2024 olympics",Team Nigeria vs. USA vs. The Dominican Republic vs. Brazil vs. South Africa in this face off as they battle it out for Gold in the ...
Meanwhile wait for Turkey legend 🗿 | #paris2024 #olympics #turkey #motivation #silvermedal #yusuf,_8gXFc93-E4,@UR.CR7_EDITSIUUU!,UCV8K3AJ_mPOxoRLobOqo7gA,,paris2024 #olympics #turkey #motivation #silvermedal #yusuf #paris2024 #olympics #turkey #motivation #silvermedal ...
The Olympic Games 1908. #paris #olympics #olympics2024 #paris2024 #إيمان_خليف #ايمان_خليف #البقالي,iojNYEQO1n4,Moroccans of the World,UC4_WLn5kKKmWBX0SELSzxJw,,
Mussetti🔥 #paris2024 #olympics #perte,rlNX_79D7ig,Allez Le Foot,UCvmqMxcI1qjmQagCTK9v-8g,,
🚨Emma Malabuyo 🇵🇭 QUALIFIED for PARIS 2024 OLYMPICS! 🔥#Paris2024 #EmmaMalabuyo #GymnasticsIcon💥,7Y8hUOKf_94,Altiora Gym,UCd3tc9C7ti5hmnlM6Im8K6w,,
The Road to the Paris 2024 Olympics starts in TRAINING 🚀 || Track &amp; Field Hype #shorts,Sl4kcmVy8Zw,Aaron Kingsley Brown,UCM7EL1VT-KcVn-1fCWtNA1g,"Aaron Kingsley brown, The road to Paris 2024, Paris 2024 Olympic Games, Canadian Olympian, Athlete workout, Athlete training, Training motivation, Sprinting, Speed training, Run motivation, Athlete motivation, Block starts, Explosive workout, Track and field motivation, Olympic medalist",The Road to the Paris Olympic Games begins in Training Daily commitment. Consistent Gains. Continued Investment. The slow ...
Fixing Paris 2024 logo #youtubeshorts #olympics  #logo #paris2024 #olympicgames #logodesign,BNEwZWTzBwQ,It’s Logo Time,UCqcHCNdjCwz2Yw9-3jcQf9w,,
Yusuf Dikec #paris2024 #olympics #perte #foryou,V9SAzufMTrw,Allez Le Foot,UCvmqMxcI1qjmQagCTK9v-8g,,
~𝐎𝐥𝐢𝐦𝐩𝐢𝐚𝐝𝐢 𝐚𝐳𝐳𝐮𝐫𝐫𝐢 𝐏𝐚𝐫𝐢𝐬 2024❤️~#explore #motivation #memes #foryou #olympics #sports #paris #italy,Xgce8HixnQ4,Enrico Mura,UCpiC9x8ZAJXEUjzNeJJuJAQ,,
🇮🇹Tra Olimpiadi e Paralimpiadi.🇬🇧Between Olympics and Paralympics.,inFn2C2gXOE,Montessori Paoletta,UCaeXEQ_6wEzyoQwVNftGmUA,,paris2024 #olimpiadi #olympics #paralimpiadi #paralympics #montessoriperadulti #montessoriforadults.
Celine Dion arrived in Paris Olympics 2024 #music #subscribe #paris #youtubeshorts #shorts #celine,holyySebfX4,La vita e bella ,UC49xtyPxus_O_14HOXwsFSg,"#audience, #badyguards, #people, #fans, #men, #women",Celine Dion arrival in Paris Olympics 2024 she's like a rock star in her style. #subscribe #yputubeshorts #youtube #paris ...
this stadium 🤌 #paralympic #paris2024 #olympics #short #la28,oRux67kT2gU,LA28,UCkqP-FG2_gcSiHA8vm230HQ,"paralympic, paralympic 2024, paralympic opening ceremony, paralympic 2024 opening ceremony, olympics, paris 2024, paris paralympic, la28, la28 olympic",
Sha&#39;Carri Richardson storms to 10.92 in 100m heats ||#Olympics #paris24 #yt #ytshorts #shorts #viral,PEGUTf3Y2W8,Shama Sultana,UCUNfNWxdHU2_ck9e1cFrUpQ,"Sha'Carri Richardson storms to 10.92 in 100m heats, Olympics, paris24, yt, ytshorts, shorts, viral, viralshorts, Sha'Carri Richardson, shacarririchardson, @shamasultana2408",Sha'Carri Richardson storms to 10.92 in 100m heats ||#Olympics #paris24 #yt #ytshorts #shorts #viral @youtubecreators ...
#paris2024  Ulugʻbek super final,9TyDSwnbX7g,Art Edu +,UCCglsVgxcj_qXbtsXH0Zcwg,,paris2024 #football #olimpic #uzbekistan #taekwondo #sports.
Snoopdogg  danse avant les Jeux Olympiques de Paris 2024  #shorts #rap #hiphop #music #virals,JyFQh95H2wg,MeloMash,UCbuFJ9Kva1J21-GpvUl7pwg,"Snoop dogg viral, snoop dogg danse, snoop dogg dance jo 2024, snoop dogg paris 2024, interview snoop dogg",snoopdogg.
Yusuf Dikeç🇹🇷🇹🇷🇹🇷 #edit #paris2024 #olympics #trollface,dpQoeTvs1vA,Bilgoke,UCAxyKhMTPulM5NPLx9kdDHw,,
"Happy Birthday Champ, Vinesh Phogat #vineshphogat #wrestling #paris2024 #olympics",CyPcJve94Yw,N1 Media Consultancy Private Limited,UCK4gVx5S4F-pm2MlLbEC22g,,
#melissavargas #turkey #volleyball #tall #zehragunes #sports #olympics #paris2024 #viral #fyp,YE5fW6eHn_M,Uliya Gerasymova 💎,UCdVy6yrMqOZx-Ow_zfrbCig,,
are you guys ready for this year Olympics??? #olympics #paris2024,SFhgr0Nmf7I,elix_0918 ,UCoGoPc6HEU92FUtQJej6QTg,,
Women’s Rugby Sevens Paris 2024 Olympics Pools are Confirmed!,5bEFBl5Z1pY,Wendy Young,UCVuqOHf8K5Kw7EHuFmTcOEQ,"wrugby, rugby union, womens rugby","With the final team now confirmed, the pools for the Paris 2024 Olympic Women's Rugby are set. Australia, the 2016 Olympic ..."
王楚钦断拍全记录 #2024 #olympics,IVSawwMtviI,Queen City Chinese,UCCfdTFkdYKFxLREpClRgf5w,,
Women&#39;s Beach Volleyball B. Wilkerson/M. Humana-Paredes vs. N. Brunner/T. Hüberli Olympic Paris,BvwKLRfzCLo,Everything WORLD,UCEQ2SJF0naioJO2HGxkPRzw,"EVERYTHING WORLD, Everything WORLD, Everything, World, Viral, reels, everythingworld, Olympic paris, olympic games, olympic 2024, Olympic Tokyo, Volleyball, Olympic Volleyball",Music by Creatormix.com Watch all the #Paris2024 action LIVE! ➡️ oly.ch/3WBZZoc The Canadian duo of Wilkerson and ...
HIGHLIGHTS - Paris 2024 Olympics Closing Ceremony,qauoQoGnlOA,Sports Guru London,UC3dp8oIiWy0VnBUal8WBUtg,"paris2024, paris, olympics, sports, france, closing ceremony",Paris said goodbye to the Olympics with golden closing ceremony. It will be a night to remember. #paris #paris2024 #parís2024 ...
🇨🇳 Fan Zhendong vs 🇭🇰 Wong Chun Ting4️⃣➖1️⃣. Best point Paris 2024. #Shorts,xZTlopxXpVE,Table Tennis best point(s),UCovrc9vIi-ZWbJEYMrB2iAw,,"Fan Zhendong is the Olympic champion. Support the channel, subscribe, click like. Thanks everyone! #olympicathlete #pingpong ..."
BEST Moments &amp; Highlights of 2024 Paris Olympics @Samsung,V1g3fdV1hxk,House of Highlights,UCqQo7ewe87aYAe7ub5UqXMw,"2024 paris olympics, 2024 paris olympics highlights, 2024 paris olympics basketball, usa basketball, usa basketball paris olympics, 2024 paris olympics football, paris olympics, usa vs france basketball, gold medal, best highlights paris olympics",TEAM DUKE VS TEAM MARK 5v5 www.youtube.com/live/IAeXSaqn_BA?si=e0qxr2aRMYJKJzmx Follow HoH WhatsApp: ...
INSANE ENDING! 🔥 | Women&#39;s 100m Hurdles Final Highlights | #Paris2024 #Olympics,5Fm2Uel306E,Eurosport,UClhp9g6TPiqCTOlcw0ROfNg,"Eurosport, Discovery, Snooker, Tennis, Olympics, Cycling, La Vuelta, Sport, Moto GP, World Super Bikes, Mountain Biking, Roger Federer, Novak Djokovic, Rafael Nadal, Carlos Alcarez, Serena Williams, Sepp Kuss, Remco Evenepoel, Jonas Vingegaard, Ronnie O'Sullivan, Warner Bros., Live Sport, Football, Youtube, Soccer, Álvaro Bautista, Valentino Rossi, Mark Cavendish, UAE, Emirates, Primož Roglič, Filippo Ganna, Ineos Grenadiers, UAE Team Emirates, Jumbo-Visma, Soudal-QuickStep, Nike, Adidas",Stream every moment of the Paris 2024 Olympics only on Max News and coverage from the #1 sports destination and the ...
RECORDS SHATTERED!🥇| Swimming Paris 2024 Day 5 Highlights | #Paris2024 #Olympics,CHP9YSmCMHU,Eurosport,UClhp9g6TPiqCTOlcw0ROfNg,"Eurosport, Discovery, Snooker, Tennis, Olympics, Cycling, La Vuelta, Sport, Moto GP, World Super Bikes, Mountain Biking, Roger Federer, Novak Djokovic, Rafael Nadal, Carlos Alcarez, Serena Williams, Sepp Kuss, Remco Evenepoel, Jonas Vingegaard, Ronnie O'Sullivan, Warner Bros., Live Sport, Football, Youtube, Soccer, Álvaro Bautista, Valentino Rossi, Mark Cavendish, UAE, Emirates, Primož Roglič, Filippo Ganna, Ineos Grenadiers, UAE Team Emirates, Jumbo-Visma, Soudal-QuickStep, Nike, Adidas",Stream every moment of the Paris 2024 Olympics only on Max News and coverage from the #1 sports destination and the ...
16 Funniest Viral Olympics Moments from Paris 2024,-1hYw4Yegwc,WatchMojo.com,UCaWd5_7JhbQBe4dknZhsHJg,"2024, Sports, Yusuf Dikec, funniest olympic moments, funniest olympic moments from paris 2024, funniest viral olympic moments, funniest viral olympic moments from paris 2024, list, meme, mojo, olympic games, olympic memes, olympic moments from paris 2024, olympics, paris 2024, paris 2024 summer olympics, snoop dogg, summer olympics, trending, viral, viral olympic moments from paris 2024, watch mojo, watchmojo, olympic breakdancing 2024, raygun olympics, breakdancing olympics 2024","These hilarious Olympic moments will live forever on the internet! Welcome to WatchMojo, and today we're counting down our ..."
The Ugly Truth Behind the Olympics :/ #paris2024 #olympics #business,zS5z1LYN6aU,Tejas Hullur,UCTelxe2P2IvlcygS7_Uv15A,,
Olympic games Paris 2024 !! 🔥🇫🇷,msbNOV-nwJI,Tibo InShape,UCpWaR3gNAQGsX48cIlQC0qw,"tibo inshape, teamshape",images France Télévisions - Paris 2024 / crédit CIO Retrouver tous les jours les étapes du Relais de la Flamme en direct sur ...
Can we make &#39;Best Olympic Medal Display&#39; an official Olympic event? 😍🏅📸: @saul_craviotto #Paris2024,-ko-lp5wZ4M,Olympics,UCTl3QQTvqHFjurroKxexy2Q,"Olympic Games, Olympic Medal, Olympics, Olympic Sports, Gold, Silver, Beijing2022, Beijing 2022, Olympic Games 2022, Olympics 2022, Winter Olympics, Tokyo 2020, Tokyo 2021, olympic games, olympic games 2022, olympic games 2020, beijing 2022, olympic channel, olympics 2020, Paris 2024, Paris Olympics, Juegos Olimpicos, Jogos Olimpicos, Olympic, Olympic Games 2024, Olympics 2024, Neeraj Chopra, Simone Biles, Sha'Carri Richardson, Noah Lyles, Hanyu, Paris, Mondo Duplantis",Re-live ALL the incredible #Paris2024 action: ➡️ https://oly.ch/P24Replays. #Paris2024 replays: ...
France 78-66 Brazil - Group B Men&#39;s Basketball Highlights | Paris 2024 Olympics | #Paris2024,-gNputxSYBE,Eurosport,UClhp9g6TPiqCTOlcw0ROfNg,"Eurosport, Discovery, Snooker, Tennis, Olympics, Cycling, La Vuelta, Sport, Moto GP, World Super Bikes, Mountain Biking, Roger Federer, Novak Djokovic, Rafael Nadal, Carlos Alcarez, Serena Williams, Sepp Kuss, Remco Evenepoel, Jonas Vingegaard, Ronnie O'Sullivan, Warner Bros., Live Sport, Football, Youtube, Soccer, Álvaro Bautista, Valentino Rossi, Mark Cavendish, UAE, Emirates, Primož Roglič, Filippo Ganna, Ineos Grenadiers, UAE Team Emirates, Jumbo-Visma, Soudal-QuickStep, Nike, Adidas",Stream every moment of the Paris 2024 Olympics only on Max News and coverage from the #1 sports destination and the ...
France 78-66 Brazil - Group B Men&#39;s Basketball Highlights | Paris 2024 Olympics | #Paris2024,-gNputxSYBE,Eurosport,UClhp9g6TPiqCTOlcw0ROfNg,"Eurosport, Discovery, Snooker, Tennis, Olympics, Cycling, La Vuelta, Sport, Moto GP, World Super Bikes, Mountain Biking, Roger Federer, Novak Djokovic, Rafael Nadal, Carlos Alcarez, Serena Williams, Sepp Kuss, Remco Evenepoel, Jonas Vingegaard, Ronnie O'Sullivan, Warner Bros., Live Sport, Football, Youtube, Soccer, Álvaro Bautista, Valentino Rossi, Mark Cavendish, UAE, Emirates, Primož Roglič, Filippo Ganna, Ineos Grenadiers, UAE Team Emirates, Jumbo-Visma, Soudal-QuickStep, Nike, Adidas",Stream every moment of the Paris 2024 Olympics only on Max News and coverage from the #1 sports destination and the ...
Sam Watson DESTROYS Speed Climbing World Record! 🤯 | #Paris2024 #Olympics,ezgweVd4a98,Eurosport,UClhp9g6TPiqCTOlcw0ROfNg,"Adidas, Carlos Alcarez, Cycling, Discovery, Emirates, Eurosport, Filippo Ganna, Football, Ineos Grenadiers, Jonas Vingegaard, Jumbo-Visma, La Vuelta, Live Sport, Mark Cavendish, Moto GP, Mountain Biking, Nike, Novak Djokovic, Olympics, Primož Roglič, Rafael Nadal, Remco Evenepoel, Roger Federer, Ronnie O'Sullivan, Sepp Kuss, Serena Williams, Snooker, Soccer, Soudal-QuickStep, Sport, Tennis, UAE, UAE Team Emirates, Valentino Rossi, Warner Bros., World Super Bikes, Youtube, Álvaro Bautista",Stream every moment of the Paris 2024 Olympics only on Max News and coverage from the #1 sports destination and the ...
EPIC BATTLE 🏀 | Canada Vs Spain | Men&#39;s Basketball | Paris 2024 Olympics | #Paris2024,z68Z6HTT9EI,Eurosport,UClhp9g6TPiqCTOlcw0ROfNg,"Eurosport, Discovery, Snooker, Tennis, Olympics, Cycling, La Vuelta, Sport, Moto GP, World Super Bikes, Mountain Biking, Roger Federer, Novak Djokovic, Rafael Nadal, Carlos Alcarez, Serena Williams, Sepp Kuss, Remco Evenepoel, Jonas Vingegaard, Ronnie O'Sullivan, Warner Bros., Live Sport, Football, Youtube, Soccer, Álvaro Bautista, Valentino Rossi, Mark Cavendish, UAE, Emirates, Primož Roglič, Filippo Ganna, Ineos Grenadiers, UAE Team Emirates, Jumbo-Visma, Soudal-QuickStep, Nike, Adidas",Stream every moment of the Paris 2024 Olympics only on Max News and coverage from the #1 sports destination and the ...
Every Individual Leon Marchand Race at Paris! 🇫🇷 #Paris2024,mIWVSV4GuQA,Olympics Aquatics,UCyu7apf_VsBIOOcu53hhgcA,,Re-watch all the #Paris2024 action on our website! ➡️ https://go.olympics.com/watch Leon Marchand established himself as ...
France 3-0 USA - Men&#39;s Group A Football | Paris Olympics 2024,ZRnJPdeJJME,Eurosport,UClhp9g6TPiqCTOlcw0ROfNg,"Eurosport, Discovery, Snooker, Tennis, Olympics, Cycling, La Vuelta, Sport, Moto GP, World Super Bikes, Mountain Biking, Roger Federer, Novak Djokovic, Rafael Nadal, Carlos Alcarez, Serena Williams, Sepp Kuss, Remco Evenepoel, Jonas Vingegaard, Ronnie O'Sullivan, Warner Bros., Live Sport, Football, Youtube, Soccer, Álvaro Bautista, Valentino Rossi, Mark Cavendish, UAE, Emirates, Primož Roglič, Filippo Ganna, Ineos Grenadiers, UAE Team Emirates, Jumbo-Visma, Soudal-QuickStep, Nike, Adidas",Stream every moment of the Paris 2024 Olympics only on Max News and coverage from the #1 sports destination and the ...
Has shooting become the most meme-worthy sport of the Olympics? #itvnews #olympics,KRaOT8SeU3A,ITV News,UCFQgi22Ht00CpaOQLtvZx2A,,
Top moments from Paris 2024 Olympics Opening Ceremony,oPEIRppzPpY,13 ON YOUR SIDE,UCuveMoRCsg7-W6ePw6lq7tA,"13 ON YOUR SIDE, 2024 Olympics, France, Olympics, Opening Ceremony, Paris Olympics, Top moments, WZZM, WZZM13",Photos via the Associated Press. Here's who performed during the 2024 Paris Olympics Opening Ceremony: ...
See why the Paris Olympics medals are so special,G8g8t1tYPMQ,Associated Press,UC52X5wxOL_s5yw0dQk7NtgA,"associated press, ap news, news, news live, latest news, live news","When athletes make history at the Paris Games, Olympic medalists will take a bit of France and its history home, too. Take a look ..."
🔥 Emmanuel Macron ouvre les Jeux de #paris2024 ! #olympics #olympics2024 #macron,FgqHSm1tuN4,Eurosport France,UCozt5iXNqmhU1I7tcjJ0UFQ,"Eurosport, Eurosport tennis, Eurosport player, Eurosport foot, Eurosport F1, Eurosport cyclisme, Football, Tennis, Cyclisme, F1, Sport, mercato, Coupe du monde, Tour de France, Jeux Olympiques, JO 2024, JO Paris, Jeux Olympiques Paris, Eurosport en direct, Eurosport programme, PSG, OM, Mbappé, Equipe de France, résultats en direct, sport en direct, Roland-Garros, Djokovic, Nadal, Federer, Real Madrid, Benzema, Rugby, Ligue 1, Ligue 2, Masters 1000, US Open, Australian Open, Vuelta, Giro",Abonnez-vous à notre chaîne https://bit.ly/3OetlmT Suivez les meilleurs événements sur Eurosport via la plateforme de ...
My Paris 2024 Olympic Experience TEASER 🤩🫶 Vlog out now! #bravegang #olympics,dPJiVWUgfIY,Molly Carlson,UCFw6KuhSrq96Xj_vIB-8dcA,,
Wondering how Olympic gold medalist Carlos Yulo started?,ymi6D6DAiik,Rappler,UCdnZdQxYXnbN4uWJg96oGxw,,Wondering how Olympic gold medalist Carlos Yulo started? Before making history as the first Filipino Olympic gymnastics gold ...
🥹🇯🇵L&#39;ovation pour Tatsuru Saito #olympics #olympicgames #paris2024,5tsSN6sA67k,Eurosport France,UCozt5iXNqmhU1I7tcjJ0UFQ,"Eurosport, Jeux Olympiques, JO 2024, JO Paris, Jeux Olympiques Paris, JO paris 2024, Olympic games, Olympic Games 2024, Paris 2024, Olympic Games Paris, cérémonie ouverture paris 2024, jeux olympiques programme, jeux olympiques calendrier, calendrier JO, programme JO, JO diffusion TV, JO Max, JO France TV, JO direct, tableau médailles JO, paris 2024 programme",Abonnez-vous à notre chaîne https://bit.ly/3OetlmT Suivez les meilleurs événements sur Eurosport via la plateforme de ...
Most number of athelete from Every country 🥲| Paris 2024 Olympics | Disappointed from India?🤧,-Ktz158PZQs,Akhand Bharat,UCcuHOd8cEpryG4crwo6mi7Q,,
PERFECT TENS! Amazing start to 10m Diving for China 👏 | #Paris2024 #Olympics,8rYOHuOqgF0,Eurosport,UClhp9g6TPiqCTOlcw0ROfNg,"Eurosport, Discovery, Snooker, Tennis, Olympics, Cycling, La Vuelta, Sport, Moto GP, World Super Bikes, Mountain Biking, Roger Federer, Novak Djokovic, Rafael Nadal, Carlos Alcarez, Serena Williams, Sepp Kuss, Remco Evenepoel, Jonas Vingegaard, Ronnie O'Sullivan, Warner Bros., Live Sport, Football, Youtube, Soccer, Álvaro Bautista, Valentino Rossi, Mark Cavendish, UAE, Emirates, Primož Roglič, Filippo Ganna, Ineos Grenadiers, UAE Team Emirates, Jumbo-Visma, Soudal-QuickStep, Nike, Adidas",Stream every moment of the Paris 2024 Olympics only on Max News and coverage from the #1 sports destination and the ...
Situation totalement ubuesque ! #paris2024 #olympics #olympics2024,_LOTzz_ueOA,Eurosport France,UCozt5iXNqmhU1I7tcjJ0UFQ,"Eurosport, Jeux Olympiques, JO 2024, JO Paris, Jeux Olympiques Paris, JO paris 2024, Olympic games, Olympic Games 2024, Paris 2024, Olympic Games Paris, cérémonie ouverture paris 2024, jeux olympiques programme, jeux olympiques calendrier, calendrier JO, programme JO, JO diffusion TV, JO Max, JO France TV, JO direct, tableau médailles JO, paris 2024 programme",Abonnez-vous à notre chaîne https://bit.ly/3OetlmT Suivez les meilleurs événements sur Eurosport via la plateforme de ...
🤩 CÉLINE DION IS BACK 🤩 #Olympics #Paris2024 #Olympics2024 #celinedion,3xIBYWL3lzs,Eurosport France,UCozt5iXNqmhU1I7tcjJ0UFQ,"Eurosport, Eurosport tennis, Eurosport player, Eurosport foot, Eurosport F1, Eurosport cyclisme, Football, Tennis, Cyclisme, F1, Sport, mercato, Coupe du monde, Tour de France, Jeux Olympiques, JO 2024, JO Paris, Jeux Olympiques Paris, Eurosport en direct, Eurosport programme, PSG, OM, Mbappé, Equipe de France, résultats en direct, sport en direct, Roland-Garros, Djokovic, Nadal, Federer, Real Madrid, Benzema, Rugby, Ligue 1, Ligue 2, Masters 1000, US Open, Australian Open, Vuelta, Giro",Abonnez-vous à notre chaîne https://bit.ly/3OetlmT Suivez les meilleurs événements sur Eurosport via la plateforme de ...
Billie Eilish performs BIRDS OF A FEATHER at the Paris Olympics Closing Ceremony 😍 | #Paris2024,yDebPBNhCc0,Eurosport,UClhp9g6TPiqCTOlcw0ROfNg,"Eurosport, Discovery, Snooker, Tennis, Olympics, Cycling, La Vuelta, Sport, Moto GP, World Super Bikes, Mountain Biking, Roger Federer, Novak Djokovic, Rafael Nadal, Carlos Alcarez, Serena Williams, Sepp Kuss, Remco Evenepoel, Jonas Vingegaard, Ronnie O'Sullivan, Warner Bros., Live Sport, Football, Youtube, Soccer, Álvaro Bautista, Valentino Rossi, Mark Cavendish, UAE, Emirates, Primož Roglič, Filippo Ganna, Ineos Grenadiers, UAE Team Emirates, Jumbo-Visma, Soudal-QuickStep, Nike, Adidas",Stream every moment of the Paris 2024 Olympics only on Max News and coverage from the #1 sports destination and the ...
Rating 2024 Olympic Uniforms pt.3! 🏅| #Paris2024 #FashionReview #Olympics #OlympicUniforms #shorts,x09x3BT5yks,tttumii ,UC-TXzqJjLtC5MzA61mmqX5g,,
Remco Evenepoel continues his Olympic DOMINANCE! 🥇 | Road Race Cycling Highlights #Paris2024,AJLIlzNN0_8,Eurosport Cycling,UCfDfvvMARk4TKcC62ALi6eA,"Eurosport, Discovery, Olympics, Cycling, La Vuelta, Sport, Sepp Kuss, Remco Evenepoel, Jonas Vingegaard, Warner Bros., Live Sport, Youtube, Mark Cavendish, UAE, Emirates, Primož Roglič, Filippo Ganna, Ineos Grenadiers, UAE Team Emirates, Jumbo-Visma, Soudal-QuickStep, Cyclocross, Tour de France, Lance Armstrong, Tadej Pogacar, Wout Van Aert, Mathieu Van Der Poel, Julian Alaphillipe, Tom Pidcock, Egan Bernal, Eurosport Cycling, British Cycling, Olympics 2024, Paris 2024",Stream every moment of the Paris 2024 Olympics only on Max News and coverage from the #1 sports destination and the ...
"Oh, to be a mini car driver at #Paris2024 ... 😎 #Olympics #Sports @Toyota",NPjKiLTdDDg,Olympics,UCTl3QQTvqHFjurroKxexy2Q,,Want to watch live sport and original documentaries for free? Check out our website: https://oly.ch/WatchLiveSport #Paris2024 # ...
Yuto Horigome becomes first skateboarder to DEFEND an Olympic gold 😮 | #Paris2024 #Olympics,uijTR940URg,Eurosport,UClhp9g6TPiqCTOlcw0ROfNg,"Eurosport, Discovery, Snooker, Tennis, Olympics, Cycling, La Vuelta, Sport, Moto GP, World Super Bikes, Mountain Biking, Roger Federer, Novak Djokovic, Rafael Nadal, Carlos Alcarez, Serena Williams, Sepp Kuss, Remco Evenepoel, Jonas Vingegaard, Ronnie O'Sullivan, Warner Bros., Live Sport, Football, Youtube, Soccer, Álvaro Bautista, Valentino Rossi, Mark Cavendish, UAE, Emirates, Primož Roglič, Filippo Ganna, Ineos Grenadiers, UAE Team Emirates, Jumbo-Visma, Soudal-QuickStep, Nike, Adidas",Stream every moment of the Paris 2024 Olympics only on Max News and coverage from the #1 sports destination and the ...
POV: You’re watching Simone Biles at the Olympics 🍿👏 #paris2024,vO50IR-Hfo0,Eurosport,UClhp9g6TPiqCTOlcw0ROfNg,"Eurosport, Discovery, Snooker, Tennis, Olympics, Cycling, La Vuelta, Sport, Moto GP, World Super Bikes, Mountain Biking, Roger Federer, Novak Djokovic, Rafael Nadal, Carlos Alcarez, Serena Williams, Sepp Kuss, Remco Evenepoel, Jonas Vingegaard, Ronnie O'Sullivan, Warner Bros., Live Sport, Football, Youtube, Soccer, Álvaro Bautista, Valentino Rossi, Mark Cavendish, UAE, Emirates, Primož Roglič, Filippo Ganna, Ineos Grenadiers, UAE Team Emirates, Jumbo-Visma, Soudal-QuickStep, Nike, Adidas",Stream every moment of the Paris 2024 Olympics only on discovery+ in the UK News and coverage from the #1 sports ...
Aya Nakamura at the #Paris2024 #OpeningCeremony 🤩 #Olympics #Sports,cGvp6_zqRGs,Olympics,UCTl3QQTvqHFjurroKxexy2Q,"Olympic Games, Olympic Medal, Olympics, Olympic Sports, Gold, Silver, Beijing2022, Beijing 2022, Olympic Games 2022, Olympics 2022, Winter Olympics, Tokyo 2020, Tokyo 2021, olympic games, olympic games 2022, olympic games 2020, beijing 2022, olympic channel, olympics 2020, Paris 2024, Paris Olympics, Juegos Olimpicos, Jogos Olimpicos, Olympic, Olympic Games 2024, Olympics 2024, Neeraj Chopra, Simone Biles, Sha'Carri Richardson, Noah Lyles, Hanyu, Paris, Mondo Duplantis",Re-live ALL the incredible #Paris2024 action: ➡️ https://oly.ch/P24Replays. #Paris2024 replays: ...
Zheng&#39;s comeback at Paris Olympics marks end of Kerber&#39;s career | #Paris2024 Highlights,Z_LvWuCq76U,Eurosport Tennis,UCxyDulPLBU9WiiN43xTs5FQ,"Tennis, Olympics, Eurosport, Sport, Roger Federer, Novak Djokovic, Carlos Alcarez, Rafael Nadal, Andy Murray, Serena Williams, Venus Williams, Adidas, Nike, Australian Open, Roland Garros, French Open, Wimbledon, US Open, New Balance, Head, WTA, LTA, Davis Cup, Rod Laver, Billie Jean King, Andre Agassi, Pete Sampras, Ivan Lendl, Coco Gauff, Emma Raducanu, Maria Sharapova, Simona Halep, Casper Ruud, Cameron Norrie, Daniil Medvedev, Taylor Fritz, Dan Evans, Dominic Thiem",Stream every moment of the Paris 2024 Olympics only on Max News and coverage from the #1 sports destination and the ...
Team USA break WORLD RECORD in 4x400m mixed relay 💨 | #Paris2024 #Olympics,y6GphAok2Rk,Eurosport,UClhp9g6TPiqCTOlcw0ROfNg,"Eurosport, Discovery, Snooker, Tennis, Olympics, Cycling, La Vuelta, Sport, Moto GP, World Super Bikes, Mountain Biking, Roger Federer, Novak Djokovic, Rafael Nadal, Carlos Alcarez, Serena Williams, Sepp Kuss, Remco Evenepoel, Jonas Vingegaard, Ronnie O'Sullivan, Warner Bros., Live Sport, Football, Youtube, Soccer, Álvaro Bautista, Valentino Rossi, Mark Cavendish, UAE, Emirates, Primož Roglič, Filippo Ganna, Ineos Grenadiers, UAE Team Emirates, Jumbo-Visma, Soudal-QuickStep, Nike, Adidas",Stream every moment of the Paris 2024 Olympics only on Max News and coverage from the #1 sports destination and the ...
"Paris 2024 Historic Olympic Opening Ceremony: Lady Gaga, Celine Dion, Gojira &amp; MORE 😍 #Paris2024",myAHrXIwqXs,Eurosport,UClhp9g6TPiqCTOlcw0ROfNg,"Eurosport, Discovery, Snooker, Tennis, Olympics, Cycling, La Vuelta, Sport, Moto GP, World Super Bikes, Mountain Biking, Roger Federer, Novak Djokovic, Rafael Nadal, Carlos Alcarez, Serena Williams, Sepp Kuss, Remco Evenepoel, Jonas Vingegaard, Ronnie O'Sullivan, Warner Bros., Live Sport, Football, Youtube, Soccer, Álvaro Bautista, Valentino Rossi, Mark Cavendish, UAE, Emirates, Primož Roglič, Filippo Ganna, Ineos Grenadiers, UAE Team Emirates, Jumbo-Visma, Soudal-QuickStep, Nike, Adidas",Stream every moment of the Paris 2024 Olympics only on Max News and coverage from the #1 sports destination and the ...
God really does have favorites! #paris2024 #olympics #usagymnastics,qIXQLZh2GUM,Lady Yasmina,UC6GAT02jvUwJQI2DxH0h11g,,Me watching US Women's Gymnastics #shorts #gymnasts #funnyshorts #womensgymnastics #gymnastics Copyright Disclaimer: ...
My dream has come true @snoopdogg 🤗 #olympics #paris2024 #snoopdogg #fencing,r8vPDzo7s2c,LadySpineDoc - Dr. Betsy Grunch,UCvzVU5BwRktSS8boIKq9cKw,,
Ballet at Paris Olympic #paris2024,yrQozmuHZpQ,Victoria Dauberville,UCmXcgMWTdxQWMePTlTsfXVA,,
Les catégories de handicaps aux Jeux Paralympiques #shorts #olympics #paris2024,PCROUp_6yuA,L'ÉQUIPE,UCyIV8rkza5Uk_sJIhqilBvQ,"Sport, actualités, actualités sport, L’équipe, La chaîne l’équipe, l ‘équipe en direct, l’équipe du soir, l’équipe 21, l'équipe du soir replay, rmc sport, Eurosport, foot mercato, actu foot, canal+sport",Ne ratez rien de l'actualité sportive http://ow.ly/5etn30qnKgp Abonnez-vous à l'offre numérique http://ow.ly/wjz230qqgaU ...
Faith Kipyegon breaks her own Olympic Record! 🇰🇪 #Paris2024,rETIV5YQVBw,Olympics,UCTl3QQTvqHFjurroKxexy2Q,,Re-live ALL the incredible #Paris2024 action: ➡️ https://oly.ch/3yFZpOg #Olympics #Paris2024 #Olympics2024
beam fail #olympics2024 #paris2024 #gymnasticsbeam #shorts,bBkq42pjovI,SURPRISING HISTORY,UCZeMKwGw1D4BLR-cCqeSk8A,"olympic highlights, olympic highlights today, olympics, track and field, beam, summer olympics, simone biles, simone biles paris, paris olympics, olympics 2024 live stream today, Women's beam final, shorts",beam fail #olympics2024 #paris2024 #gymnasticsbeam #shorts Women's beam final gymnastics paris olympics 2024 2024 ...
China wins Olympic diving gold No. 2 🥇 | #Paris2024 #Olympics,u6Y-tsoQ5Fw,Eurosport,UClhp9g6TPiqCTOlcw0ROfNg,"Eurosport, Discovery, Snooker, Tennis, Olympics, Cycling, La Vuelta, Sport, Moto GP, World Super Bikes, Mountain Biking, Roger Federer, Novak Djokovic, Rafael Nadal, Carlos Alcarez, Serena Williams, Sepp Kuss, Remco Evenepoel, Jonas Vingegaard, Ronnie O'Sullivan, Warner Bros., Live Sport, Football, Youtube, Soccer, Álvaro Bautista, Valentino Rossi, Mark Cavendish, UAE, Emirates, Primož Roglič, Filippo Ganna, Ineos Grenadiers, UAE Team Emirates, Jumbo-Visma, Soudal-QuickStep, Nike, Adidas",Stream every moment of the Paris 2024 Olympics only on Max News and coverage from the #1 sports destination and the ...
"We can&#39;t choose which we love more, so we&#39;ll leave it to you. Comment your fav below! 📸:dunks_Scott",qUsx4DXLa-A,Olympics,UCTl3QQTvqHFjurroKxexy2Q,"Olympic Games, Olympic Medal, Olympics, Olympic Sports, Gold, Silver, Beijing2022, Beijing 2022, Olympic Games 2022, Olympics 2022, Winter Olympics, Tokyo 2020, Tokyo 2021, olympic games, olympic games 2022, olympic games 2020, beijing 2022, olympic channel, olympics 2020, Paris 2024, Paris Olympics, Juegos Olimpicos, Jogos Olimpicos, Olympic, Olympic Games 2024, Olympics 2024, Neeraj Chopra, Simone Biles, Sha'Carri Richardson, Noah Lyles, Hanyu, Paris, Mondo Duplantis",Re-live ALL the incredible #Paris2024 action: ➡️ https://oly.ch/P24Replays. #Paris2024 replays: ...
🤩 Cette défense monstrueuse d&#39;Alexis Lebrun #Olympics #Paris2024 #Olympics2024,HU1ia8ELKLQ,Eurosport France,UCozt5iXNqmhU1I7tcjJ0UFQ,"Eurosport, Jeux Olympiques, JO 2024, JO Paris, Jeux Olympiques Paris, JO paris 2024, Olympic games, Olympic Games 2024, Paris 2024, Olympic Games Paris, cérémonie ouverture paris 2024, jeux olympiques programme, jeux olympiques calendrier, calendrier JO, programme JO, JO diffusion TV, JO Max, JO France TV, JO direct, tableau médailles JO, paris 2024 programme",Abonnez-vous à notre chaîne https://bit.ly/3OetlmT Suivez les meilleurs événements sur Eurosport via la plateforme de ...
Together all the way through ❤️#MoreThanSport #Olympics #Paris2024,Qh5p6CGOvBM,Olympics,UCTl3QQTvqHFjurroKxexy2Q,"Olympic Games, Olympic Medal, Olympics, Olympic Sports, Gold, Silver, Beijing2022, Beijing 2022, Olympic Games 2022, Olympics 2022, Winter Olympics, Tokyo 2020, Tokyo 2021, olympic games, olympic games 2022, olympic games 2020, beijing 2022, olympic channel, olympics 2020, Paris 2024, Paris Olympics, Juegos Olimpicos, Jogos Olimpicos, Olympic, Olympic Games 2024, Olympics 2024, Neeraj Chopra, Simone Biles, Sha'Carri Richardson, Noah Lyles, Hanyu, Paris, Mondo Duplantis",Want to watch live sport and original documentaries for free? Check out our website: https://oly.ch/WatchLiveSport
First glance at the Olympic stadium in Paris! We made it! #Paris2024,tIYBeGVr4fQ,Chari Hawkins,UC7GD5VzhPPT298cvImFrQVg,,
so close to making the team😢 #paris2024 #olympics #olympics2024  #weightlifting #powerlifting,KVtAdzjMGX8,Jonathan McGuigan,UC7825shd71TU4Y55blSlhbA,,
🇺🇸 USA vs 🇰🇷 KOR - Paris 2024 Olympic Qualification Tournament | Full Match - Volleyball,nUC2UBLXgGA,Volleyball World,UCNMg6XDhRZI2QzL4pWOvP_w,"FIVB, FIVB International Volleyball FederationVolleyball Match, volleyball, indoor volleyball, Volleyball World, Live Volleyball, Volleyball full match, men’s volleyball, women’s volleyball, كرة الطائرة, 排球, Volleyball, Volley, バレーボール, 배구, Voleibol, Волейбол",Sync your calendar to the Olympic Games match schedule to not miss a single game of your favorite team: https://ql.
Women’s 49kg Rankings for Paris 2024 Olympics / TOP 6 #weightlifting #sports #olympics2024,5o4S_YxeXrM,TOROKHTIY MEDIA,UCC5VtyL2x3KnxlW7kRhvoqA,,Rank 1: HOU Zhihui (CHN) – 217 kg . Rank 2: Mirabai Chanu Saikhom (IND) – 200 kg . Rank 3: KHAMBAO Surodchana (THA) ...
Céline Dion - Hymne à l’amour (Paris 2024 Olympics) (Vocal Showcase),h894pYOU7mw,Hugo Vermello,UC8lxcRoaF-89QH5BYGhgOIA,"Vocal Range, High Notes, Vocal Runs, Best Vocals, Ear Training, Music Education, Transcription, Vocal Showcase, They Have The Range, Riffs and Runs, Vocal Technique, Vocal Registers, Riffs, Runs, Vocal Agility, Singing, Piano, How To Sing, Celine Dion, Hymne à l’amour, Edith Piaf, Olympics, Paris, 2024, Opening Ceremony, Olympic Games, Céline Dion, Édith Piaf","Céline Dion performs ""Hymne à l'amour"" by Édith Piaf Paris 2024 Olympic Games Opening Ceremony Instagram: ..."
Simone Biles on loop. You’re welcome 💁‍♂️#olympics  #paris2024  #biles  #simonebiles  #gymnastics,DxuLI8tgMwI,Eurosport,UClhp9g6TPiqCTOlcw0ROfNg,"Eurosport, Discovery, Snooker, Tennis, Olympics, Cycling, La Vuelta, Sport, Moto GP, World Super Bikes, Mountain Biking, Roger Federer, Novak Djokovic, Rafael Nadal, Carlos Alcarez, Serena Williams, Sepp Kuss, Remco Evenepoel, Jonas Vingegaard, Ronnie O'Sullivan, Warner Bros., Live Sport, Football, Youtube, Soccer, Álvaro Bautista, Valentino Rossi, Mark Cavendish, UAE, Emirates, Primož Roglič, Filippo Ganna, Ineos Grenadiers, UAE Team Emirates, Jumbo-Visma, Soudal-QuickStep, Nike, Adidas",Stream every moment of the Paris 2024 Olympics only on discovery+ in the UK News and coverage from the #1 sports ...
I played beach volleyball at the 2024 Paris Olympic Stadium 🏐 #Olympics #Paris2024,f7fZxZFYjOs,Trey Phills,UC1Jj9QAL4jNpnOb3t3MfNbw,,
We did it🤍 #FlameBearers #Olympics #paris2024 #genderparity,z9OSMIIcKaU,Flame Bearers,UCVnEbCOeOvNlK6Bocw9ZSdA,"flame bearers, sports podcast, paraolympians, women athelete, storytelling, women inspiration","Flame Bearers is a global storytelling platform, illuminating the unsung stories of resilient women Olympians & Paralympians that ..."
Ukraine&#39;s Oleksandr Khyzhniak wins Light Heavyweight boxing gold 🇺🇦 | #Paris2024 #Olympics,Y17cn4B7QgQ,Eurosport,UClhp9g6TPiqCTOlcw0ROfNg,"Eurosport, Discovery, Snooker, Tennis, Olympics, Cycling, La Vuelta, Sport, Moto GP, World Super Bikes, Mountain Biking, Roger Federer, Novak Djokovic, Rafael Nadal, Carlos Alcarez, Serena Williams, Sepp Kuss, Remco Evenepoel, Jonas Vingegaard, Ronnie O'Sullivan, Warner Bros., Live Sport, Football, Youtube, Soccer, Álvaro Bautista, Valentino Rossi, Mark Cavendish, UAE, Emirates, Primož Roglič, Filippo Ganna, Ineos Grenadiers, UAE Team Emirates, Jumbo-Visma, Soudal-QuickStep, Nike, Adidas",Stream every moment of the Paris 2024 Olympics only on Max News and coverage from the #1 sports destination and the ...
Is the Paris olympic pool too shallow?,HqdtAGX1E2k,Stay Tuned,UClhOpBxMR6P_qaVDC-PWcEg,,Could the depth of the pool be affecting swim times at the 2024 Paris Olympics? Watch the 2024 Paris Olympics on NBC and ...
Gwen Stefani x Anderson .Paak – Hello World (Song of The Olympics™) Official Video,tvuCsOTQUeE,Olympics,UCTl3QQTvqHFjurroKxexy2Q,"Olympic Games, Olympic Medal, Olympics, Olympic Sports, Gold, Silver, Tokyo 2021, olympic games, olympic games 2022, olympic games 2020, beijing 2022, olympic channel, olympics 2020, Paris 2024, Paris Olympics, Juegos Olimpicos, Jogos Olimpicos, Olympic, Olympic Games 2024, Olympics 2024, Neeraj Chopra, Simone Biles, Noah Lyles, Hanyu, Paris, Gwen Stefani, Anderson Paak, Coca Cola","The Olympics and The Coca-Cola Company teamed up with Ryan Tedder, Gwen Stefani and Anderson .Paak to create a song ..."
Japan late show stuns Brazil in Olympic women&#39;s football 🇯🇵 | #Paris2024 #Olympics,5kwuxJ6MVgg,Eurosport,UClhp9g6TPiqCTOlcw0ROfNg,"Eurosport, Discovery, Snooker, Tennis, Olympics, Cycling, La Vuelta, Sport, Moto GP, World Super Bikes, Mountain Biking, Roger Federer, Novak Djokovic, Rafael Nadal, Carlos Alcarez, Serena Williams, Sepp Kuss, Remco Evenepoel, Jonas Vingegaard, Ronnie O'Sullivan, Warner Bros., Live Sport, Football, Youtube, Soccer, Álvaro Bautista, Valentino Rossi, Mark Cavendish, UAE, Emirates, Primož Roglič, Filippo Ganna, Ineos Grenadiers, UAE Team Emirates, Jumbo-Visma, Soudal-QuickStep, Nike, Adidas",Stream every moment of the Paris 2024 Olympics only on discovery+ in the UK News and coverage from the #1 sports ...
Former NBA player Chase Budinger is playing volleyball at Olympics 🤯🏐,cPJkGd-VP-4,House of Highlights,UCqQo7ewe87aYAe7ub5UqXMw,"House of Highlights, HoH, house of highlights, hoh, Olympics, olympics, Chase Budinger, chase budinger, basketball, volleyball, Basketball, Volleyball, Beach Volleyball, Team USA, team USA",(via @whristan) #Olympics #TeamUSA #NBA.
Yusuf Dikeç 🔥🔥🇹🇷 #paris2024 #olympics,eHZHNfiyXlA,Uhud Gündoğdu,UCB2rHOWjJ70Ob8wcdEa1NwQ,,
🏊‍♂️  Snoop Dogg s&#39;essaye en natation ! #paris2024 #olympics2024 #olympics,tC1IPizN-NY,Eurosport France,UCozt5iXNqmhU1I7tcjJ0UFQ,"Eurosport, Jeux Olympiques, JO 2024, JO Paris, Jeux Olympiques Paris, JO paris 2024, Olympic games, Olympic Games 2024, Paris 2024, Olympic Games Paris, cérémonie ouverture paris 2024, jeux olympiques programme, jeux olympiques calendrier, calendrier JO, programme JO, JO diffusion TV, JO Max, JO France TV, JO direct, tableau médailles JO, paris 2024 programme",Abonnez-vous à notre chaîne https://bit.ly/3OetlmT Suivez les meilleurs événements sur Eurosport via la plateforme de ...
🏅 How Much Do Olympic Athletics Get Paid For Winning Medals? #olympics #olympics2024 #paris2024,BPN5a0ZlE2U,TheSportsGeek,UCwWMUwhdWenvX9BucPMVWow,"the sports geek, sports geek, tsg, olympics, olympics 2024, paris 2024, paris olympics 2024, olympics paris 2024, how much do olympics athletes make, how much do olympic athletes get paid, how much do olympians get paid, how much do olympic athletes make for winning, olympic medals, how much for winning olympic medal",With the Olympics in full swing you might be wondering how much Olympic Athletes make for wining medals. Well...it depends on ...
Pourquoi les joueurs touchent la table avant chaque point ? #paris2024 #olympics #olympics2024,xZvMa51axw8,L'ÉQUIPE,UCyIV8rkza5Uk_sJIhqilBvQ,"Sport, actualités, actualités sport, L’équipe, La chaîne l’équipe, l ‘équipe en direct, l’équipe du soir, l’équipe 21, l'équipe du soir replay, rmc sport, Eurosport, foot mercato, actu foot, canal+sport",Ne ratez rien de l'actualité sportive http://ow.ly/5etn30qnKgp Abonnez-vous à l'offre numérique http://ow.ly/wjz230qqgaU ...
🤣 Riner &quot;𝑽𝒐𝒖𝒔 𝒑𝒐𝒖𝒗𝒆𝒛 𝒗𝒐𝒖𝒔 𝒇𝒐𝒖𝒕𝒓𝒆 𝒅𝒆 𝒎𝒐𝒊 !&quot; #paris2024 #olympics #olympics2024  #riner,k4OhE_vZGl4,Eurosport France,UCozt5iXNqmhU1I7tcjJ0UFQ,"Eurosport, Jeux Olympiques, JO 2024, JO Paris, Jeux Olympiques Paris, JO paris 2024, Olympic games, Olympic Games 2024, Paris 2024, Olympic Games Paris, cérémonie ouverture paris 2024, jeux olympiques programme, jeux olympiques calendrier, calendrier JO, programme JO, JO diffusion TV, JO Max, JO France TV, JO direct, tableau médailles JO, paris 2024 programme",Abonnez-vous à notre chaîne https://bit.ly/3OetlmT Suivez les meilleurs événements sur Eurosport via la plateforme de ...
Olympic Opening Ceremonies - A journey through time,jjt-c282q3A,Olympics,UCTl3QQTvqHFjurroKxexy2Q,"Olympic Games, Olympics, IOC, Rio 2016, Rio 2016 Olympics, 2016 Olympics, Rio Olympics, Olímpicos, Juegos Olímpicos, Opening Ceremony, Rio 2016 Opening Ceremony, Summer Games, Summer Olympics, London 2012, Beijing 2008, Athens 2004, Sydney 2000, Atlanta 1996, Barcelona 1992, Seoul 1988, Los Angeles 1984, Montreal 1976, Mexico City 1968, Tokyo 1964, Rome 1960, Melbourne 1956, London 1948, Berlin 1936, Paris 1924, Antwerp 1920",Re-live ALL the incredible #Paris2024 action ➡️ https://go.olympics.com/watch As Rio de Janiero prepares to host the Games of ...
She won a Gold medal in a different style 🗿 #motivation #olympics #paris2024 #ukraine #goldmedal,XOuopotHx7Y,Sfailure Editz,UC1Yny3o49-_IEFgYXAXXq0w,,
😍 QUEL PUBLIIIC !!! #paris2024 #olympics #olympics2024,Lr136ICF118,Eurosport France,UCozt5iXNqmhU1I7tcjJ0UFQ,"Eurosport, Jeux Olympiques, JO 2024, JO Paris, Jeux Olympiques Paris, JO paris 2024, Olympic games, Olympic Games 2024, Paris 2024, Olympic Games Paris, cérémonie ouverture paris 2024, jeux olympiques programme, jeux olympiques calendrier, calendrier JO, programme JO, JO diffusion TV, JO Max, JO France TV, JO direct, tableau médailles JO, paris 2024 programme",Abonnez-vous à notre chaîne https://bit.ly/3OetlmT Suivez les meilleurs événements sur Eurosport via la plateforme de ...
What&#39;s Inside a Diving Board? #olympics #paris2024,Trd8r79MAU0,Science Channel,UCvJiYiBUbw4tmpRSZT2r1Hw,,
Indian #wrestler #vineshphogat returns to #india #shorts #olympics #paris2024,avWwpANnSnk,Bollywood Hungama,UCzR7770PbrKcG9OYGzBep9w,,
les pires JO de l&#39;histoire 😨 (15/18) #paris2024 #olympics #letsmove,Hx5Vye6QZRA,Drop of Curiosity,UC4_XZnXg3t8eoI6lmmSxvYQ,paris2024,Episode JO 15/18 : les JO racistes de 1904 aux Etats-Unis Pour participer au jeu concours et gagner 2 places pour le Delta ...
PARIS MAKES ME 100% HAPPY ☺️#running #paris #paris2024 #olympics #summer #marathonpourtous #track,EEIT9IklKZY,Marsha Dunkel,UCxJWJh_mVKWbriGeUX4-9AA,,
🏹 Record-Breaking Archery by South Korean at Paris Olympics 2024! #Paris2024 #Archery,NW2d0ijbI_o,House of Inshorts,UCsXlORHRgcyj50q1P_4b-eg,,South Korea's Lim Si-hyeon shatters the world record in women's archery qualifiers at the Paris Olympics 2024! Discover ...
Reactions Raygun’s Olympic breakdancing #olympics #paris2024 #la2028 #raygun #breakdancing,QW--VGPsEas,Ash Williams,UCqvdvWooaxDqVoJLDAZiYsA,,
Spice Girls Reunion at London 2012 Olympics | Music Monday,PArTdhNda7k,Olympics,UCTl3QQTvqHFjurroKxexy2Q,"IOC, Olympics, Olympic, London 2012, Games, Sport, 2012, Rio, 2016, Brazil, Team GB, USA, China, Russia, France, Ceremony, Spice Girls, Sing, Music, Performance, Closing, Spectacle, Incredible, Nostalgia, Beckham, Cool, Black, Cab, Taxi, opening, wannabe, songs, Beijing, victoria beckham, mel b, mel c, geri halliwell, emma bunton, highlights, 2 become 1, say you'll be there, who do you think you are, spice up your life, stop, too much, viva forever, lyrics, spice girls live, spice girls london 2012","Re-live ALL the incredible #Paris2024 action ➡️ https://go.olympics.com/watch Spice Girls (Mel B, Mel C, Emma Bunton, Geri ..."
Messi is in DISBELIEF! Morocco vs Argentina Paris 2024 Olympics OFFSIDE!?,zMl7LpFk2H4,KeepThinkin,UCJM_ESRw0FRtvop2_T5uW8Q,,morocco #argentina #messi #football #paris2024 #olympics #paris2024olympics #ronaldo #offside #mascherano #soccer.
Women’s 100m Finals Paris Olympic Trails 2024/ #shacarririchardson #sprinter #paris2024 #running,01y_l8iHG8A,Naz Açelya Çavga,UC6ocMCTDcMKpmlIf9CPLoGQ,,
OLYMPICS MVP LADDER 🪜 IS BS! #nba #lebronjames #nikolajokic #basketball #paris2024 #olympics,vM0CcGByY3s,JONATHAN STORY LLC,UCcgDh_RLPV-48tAv1Pusm7w,,
Paris 2024 Olympics: Parisian landmarks will serve as competition venues | USA TODAY,jLwzalijIAo,USA TODAY,UCP6HGa63sBC7-KHtkme-p-g,"usa today, usa today news, usa today sports, sports, olympics, tokyo olympics, paris olympics, paris 2024","The city last hosted in 1924, and it received these Olympics in 2017 as part of a double award with Los Angeles, which will host in ..."
Weird Things at Paris Olympics 🤐🫡 #olympics #olympics2024 #paris2024 #shorts #short,4lVZEk1Xqoc,Zeus The Youtuber,UCR_qkh9WiqSkvaK31OKAKGA,"short, shorts, Olympic, olympics, can not believe, paris, paris 2024, paris olympics, trending, viral, usa, europe, gold medal",Weird Things at Paris Olympics #olympics #olympics2024 #paris2024 #shorts #short.
TOP 10 des athlètes les + médaillés en France ! #jo2024 #paris2024 #olympics #leonmarchand,PFA9R5yAlq4,Ayther,UCxjGy5etZvz_NWo8K4Cnq1A,,
Meanwhile wait for Turkey legend 🗿 | #paris2024 #olympics #turkey #motivation #silvermedal #yusuf,t3Kakih1Gro,@UR.CR7_EDITSIUUU!,UCV8K3AJ_mPOxoRLobOqo7gA,,Meanwhile wait for Turkey legend | #paris2024 #olympics #turkey #motivation #silvermedal #yusuf #paris2024 #olympics ...
PT 1 #Olympic #TeamNigeria is unmatched 😭 #parisolympics2024 #paris2024 #olympics #comedy #shorts,dbKbCNHBObU,VISIONARY MEDIA,UCDJtKeDY6qwS94Ey8H32Jfw,"2024 olympics, 2024 paris olympics, paris olympics 2024, olympics 2024, olympics, olympics 2024 highlights, olympic highlights, team nigeria olympics 2024, team nigeria, team nigeria basketball 2024, team nigeria 4x100 relay, simone biles, simone biles olympics 2024, michael phelps, michael phelps swimming, not like us, naija, naija tiktok, nigeria, nigeria news, nigerian, nigerian music, comedy, jokes, reels, viral, viral video, funny videos, nigerian comedy, fyp, for you, shorts",Team Nigeria versus Team Canada in this head-to-head face off as they battle it out for Gold in the Men's Swimming Relay.
Paris Olympics Gold Medals: A Scratchy Situation,DkR-0pvNKDo,Insight Xiangshan,UC5vA6xRstJeUx20Z8sLZgPA,,"Did you know? At the Paris Olympics, gold medals come without protective packaging, so stacking them can cause scratches!"
Kishane Thompson Paris 2024 - The New Jamaican Arrow #Sprinter #trackandfield #animesports #Olympics,MbZiYfJMf5g,Olympic Shorts Stories,UCdqDYvghDRVXPkktf6IoLQw,"World Championships, 100 meters sprint, 60 meters world record, Wanda Diamond League, Sprint, Speed, USA, Tokyo 2020, Indoor Athletics, Paris 2024, World Athletics, Eurosport, BBC Sport, Olympic Channel, gold, Athletics news, Letsile Tebogo, Ferdinand Omanyala, Marcell Jacobs, Fred Kerley, olympicathlete, summerolympics, #olympicrecord, erryion knighton, noah lyles, #FredKerley, #Tokyo2020, sports anime, sports, kishane thompson, thompson, athletics jamaica, athletics, anime sports",Olympic Shorts Stories Channel links: https://www.youtube.com/channel/UCdqDYvghDRVXPkktf6IoLQw Impressive what Kishane ...
Italy Anthem - Paris 2024 Olympics (Unofficial Music) #italy #anthem #2024 #olympics #paris2024,X3J-zXWh--M,LoryMusic,UCp84MIXIUM5VburxubNaGkQ,,
sia mai che le chiamiamo per nome! #paris2024 #olympics,p5kgsSk0Jxg,Edoardo Zaggia,UCvNZ-2gS6ehvyycs5TwSDRg,,
Searching for the Olympic Muffin #olympics #paris2024,kbwnLGT70ms,Ramon Daniel,UCDYGh_GdWabyyoj16NNwO4w,,YouTubeChamps.
🇺🇸 USA vs 🇸🇮 SLO - Paris 2024 Olympic Qualification Tournament | Full Match - Volleyball,oxycOd6tudQ,Volleyball World,UCNMg6XDhRZI2QzL4pWOvP_w,"FIVB, FIVB International Volleyball FederationVolleyball Match, volleyball, indoor volleyball, Volleyball World, Live Volleyball, Volleyball full match, men’s volleyball, women’s volleyball, كرة الطائرة, 排球, Volleyball, Volley, バレーボール, 배구, Voleibol, Волейбол",Sync your calendar to the Olympic Games match schedule to not miss a single game of your favorite team: https://ql.
🤩 What volunteers can do in Volunteer Center? | Paris 2024 🇫🇷,MpiTRWK1tc4,Fencing4You,UCR39z8FKa3e8RIbxesHczCQ,,"Reading books, playing basketball and so many other things!"
Djokovic wins the Paris Olympics 2024 🔥,Nv4XwrauWmo,emulation,UCZjcfJR3qBcsLt0hVRCHJEg,,"After painful loses at Rio de Janeiro in 2016 and Tokyo in 2021, Djokovic comes back to win its only missing title of his amazing ..."
🤭 Comment on dit remontada en japonais ? #Olympics #Paris2024 #Olympics2024 #riner #judo,F10WSpwAGjg,Eurosport France,UCozt5iXNqmhU1I7tcjJ0UFQ,"Eurosport, Jeux Olympiques, JO 2024, JO Paris, Jeux Olympiques Paris, JO paris 2024, Olympic games, Olympic Games 2024, Paris 2024, Olympic Games Paris, cérémonie ouverture paris 2024, jeux olympiques programme, jeux olympiques calendrier, calendrier JO, programme JO, JO diffusion TV, JO Max, JO France TV, JO direct, tableau médailles JO, paris 2024 programme",Abonnez-vous à notre chaîne https://bit.ly/3OetlmT Suivez les meilleurs événements sur Eurosport via la plateforme de ...
PT 4 #Olympic #TeamNigeria is unmatched 😭 #parisolympics2024 #paris2024 #olympics #comedy #shorts,qbMR5l-6QrY,VISIONARY MEDIA,UCDJtKeDY6qwS94Ey8H32Jfw,"2024 olympics, 2024 paris olympics, paris olympics 2024, olympics 2024, olympics, olympics 2024 highlights, team nigeria, team nigeria basketball 2024, team nigeria 4x100 relay, simone biles olympics 2024, not like us, naija, naija tiktok, nigeria, nigeria news, nigerian, nigerian music, comedy, jokes, reels, viral, viral video, funny videos, nigerian comedy, fyp, for you, shorts, usa, dominican republic, brazil, south africa, 400m olympics 2024, 400m, track and field 2024 olympics",Team Nigeria vs. USA vs. The Dominican Republic vs. Brazil vs. South Africa in this face off as they battle it out for Gold in the ...
.It’s magic when the world comes together at the Olympic Games.#CocaColaParis2024 #Paris2024,XbpQ3CIrXg8,Olympics,UCTl3QQTvqHFjurroKxexy2Q,"Olympic Games, Olympic Medal, Olympics, Olympic Sports, Gold, Silver, Beijing2022, Beijing 2022, Olympic Games 2022, Olympics 2022, Winter Olympics, Tokyo 2020, Tokyo 2021, olympic games, olympic games 2022, olympic games 2020, beijing 2022, olympic channel, olympics 2020, Paris 2024, Paris Olympics, Juegos Olimpicos, Jogos Olimpicos, Olympic, Olympic Games 2024, Olympics 2024, Neeraj Chopra, Simone Biles, Sha'Carri Richardson, Noah Lyles, Hanyu, Paris, Mondo Duplantis",Re-live ALL the incredible #Paris2024 action: ➡️ https://oly.ch/P24Replays. #Paris2024 replays: ...
KOREAANSE BOOGSCHUTTER pakt GOUD? 🏹🥇 #korea #paris2024 #shorts #olympics #baileyfreestyle #archery,An29JHAEmTQ,Bailey de Regt,UCsm0-07ZjdQS7IhPZvBTerQ,,
"Hidilyn Diaz, the first Filipino to ever win an Olympic gold medal 🥇",sy73ClvStH0,Olympics,UCTl3QQTvqHFjurroKxexy2Q,"Olympic Games, Olympic Medal, Olympics, Olympic Sports, Sport, Gold, Silver, Beijing2022, Beijing 2022, Olympic Games 2022, Olympics 2022, токио 2020, Beijing, Beijing Olympics, Winter Olympics, Tokyo 2020, Tokyo 2021, Hanyu, Bolt, Neeraj, Chopra, simone biles, carrillo, olympic games, olympic games 2022, olympic games live, olympic spirit, tokyo 2021, olympic games 2020, tokio 2020, beijing 2022, pyeongchang 2018, rio 2016, olympic channel, olympics 2020, Пекин 2022, shorts",Subscribe to @olympics: http://oly.ch/Subscribe #Shorts. #Beijing2022 replays: https://oly.ch/B22Replays #Tokyo2020 ...
and he won 💀#olympics #paris2024 #run,iIFjh7TzCe0,Cxattanature,UCwgnG430UQD7QUD_SKZiWqA,,
Can Fred Kerley ‘22 100m World Champ (9.76) win the #Paris2024 #Olympics? #athletics #trackandfield,nurKlFwWvS8,Alex Andrei,UCaP3t7xb_b9Ofp8tXBKqIFw,,
Why the olympics pool is so slow🧐 #parisolympics2024 #olympics #sports,xefaqhpfeIo,Aditya Niranjan Mishra,UCbrUsdtf937h1AjvRt4ouaA,"olympics, paris olympics 2024, olympics 2024, paris olympics, olympic facts, paris 2024, olympic games, olympic highlights, olympic swimming, nbc olympics","In this YouTube Shorts, we uncover a shocking issue at the Paris Olympics 2024 - the swimming pool construction is flawed, and ..."
Li Wenwen 🇨🇳 170kg / 375lbs C&amp;J Slowmo! #paris2024 #olympics #weightlifting,XdUrRi4YZmg,All Things Gym,UCvErLpBQc912GUtm6WKfMng,,
Breaking News | Shericka Jackson&#39;s Shocking Injury Ahead of Paris Games #paris2024 #olympics #runner,OBbqZHMDeHM,Jamaica By Design,UCS03hD7T8lgSYHuebUq-DAQ,,
What Olympic sport would you medal in?? #Paris2024 #olympics #trending #fyp #usa,_H0RPqkonFc,Tim O'Shea Live,UCn26mBMwBnOLHItZNTfDm0w,,
The Paris 2024 Olympic ceremony #paris2024 #sports #olympics #shortvideo #shortvideo #youtubeshort,THzigSH8gfA,Clippy,UC7oGMcHAIYBN42JZD9udCsQ,,
Welcome to the Merlympics! 🏅 #Paris2024 #Olympics #shorts | Mermaid Magic,pLPiTO-Sr20,Mermaid Magic,UCTil5w82CDH6HRmkjcPbsZw,"Merlinda, Mermaid Magic, Mermaid Magic Official, Mertropia, Nerissa, Netflix, Rainbow, Sasha, Winx Club, amazing people, amazing video, beach, dolphins, fairy tails, fin fun, for girls, mermaid love, mermaid story, mermaid tail, under the sea, underwater","Hi Merfriends, welcome to the Merlympics. It's like the Olympics, but on Mertropia. We assure you it will be fun! Get ready for a ..."
Sha’ Carri Richardson | Speed Queen #olympics2024 #olympics #shacarri  #amapiano #sports #shorts,IhhLq8bUlOo,Travel Life with Scenic Scenes,UCo_TvWtlwekGwfpWZs_buTg,,Sha' Carri Richardson | Speed Queen #amapiano #paris2024 #olympics2024 #olympics #shacarri #shorts #trendingshorts ...
#gymnast #usagymnastics #paris2024 #olympics,VgjwhXBGQfA,Drew Gymnast,UCHrBr_g5CZM0zxMIGDYZ2zQ,,
Kishane Thompson Paris 2024 - The New Jamaican Arrow #Sprinter #trackandfield #animesports #Olympics,MbZiYfJMf5g,Olympic Shorts Stories,UCdqDYvghDRVXPkktf6IoLQw,"World Championships, 100 meters sprint, 60 meters world record, Wanda Diamond League, Sprint, Speed, USA, Tokyo 2020, Indoor Athletics, Paris 2024, World Athletics, Eurosport, BBC Sport, Olympic Channel, gold, Athletics news, Letsile Tebogo, Ferdinand Omanyala, Marcell Jacobs, Fred Kerley, olympicathlete, summerolympics, #olympicrecord, erryion knighton, noah lyles, #FredKerley, #Tokyo2020, sports anime, sports, kishane thompson, thompson, athletics jamaica, athletics, anime sports",Olympic Shorts Stories Channel links: https://www.youtube.com/channel/UCdqDYvghDRVXPkktf6IoLQw Impressive what Kishane ...
Rating PARIS OLYMPIC opening ceremony uniforms 🤩 #ratingoutfits #parisolympics2024 #parisolympics,sOk0PIA7c6s,Kalitaku,UCm1ZTUqOcExrVRHvmZBVwuw,,
How did champion Diyora Keldiyorova prepare for the Paris Olympics? #3 #judo #paris2024 #olympics #1,O5T7N9rZqCE,Jas's games,UCtbos7UA1AxWsZzof0SpG0g,,
"Russian, Belarussian athletes could compete at Paris 2024 Olympics",c5pWCjRzA3s,CBC News: The National,UCKjU3KzdbJE1EFcHVqXC3_g,"News, CBC News, The National, CBC The National, Canada News, russian athletes olympics, belarussian athletes olympics, russia invades ukraine, russia ukraine invasion, russia ukraine war, russia athletes, belarus athletes, russia athletes olympics, belarus athletes olympics, russia belarus olympics, russia belarus athletes olympics, paris 2024, paris 2024 olympics, paris summer olympics, paris 2024 summer olympics, Briar Stewart, CBC",The International Olympic Community has announced that Russian and Belarussian athletes could be allowed to compete at the ...
PT 1 #Olympic #TeamNigeria is unmatched 😭 #parisolympics2024 #paris2024 #olympics #comedy #shorts,dbKbCNHBObU,VISIONARY MEDIA,UCDJtKeDY6qwS94Ey8H32Jfw,"2024 olympics, 2024 paris olympics, paris olympics 2024, olympics 2024, olympics, olympics 2024 highlights, olympic highlights, team nigeria olympics 2024, team nigeria, team nigeria basketball 2024, team nigeria 4x100 relay, simone biles, simone biles olympics 2024, michael phelps, michael phelps swimming, not like us, naija, naija tiktok, nigeria, nigeria news, nigerian, nigerian music, comedy, jokes, reels, viral, viral video, funny videos, nigerian comedy, fyp, for you, shorts",Team Nigeria versus Team Canada in this head-to-head face off as they battle it out for Gold in the Men's Swimming Relay.
Paris Games end as Tom Cruise accepts Olympic mission for LA | REUTERS,Yfq9PjwSt64,Reuters,UChqUTb7kYRX8-EiaN3XFrSQ,"reuters, news, world news today, breaking news, news today, reuters youtube, markets today, streaming, live news, latest news, headlines today, world news, news today usa, reuters news, headlines, world, regional, sports, entertainment","Tom Cruise rappelled from the roof of the Stade de France and received the Olympic flag, bringing a dose of Hollywood to the ..."
sia mai che le chiamiamo per nome! #paris2024 #olympics,p5kgsSk0Jxg,Edoardo Zaggia,UCvNZ-2gS6ehvyycs5TwSDRg,,
TOP 10 des athlètes les + médaillés en France ! #jo2024 #paris2024 #olympics #leonmarchand,PFA9R5yAlq4,Ayther,UCxjGy5etZvz_NWo8K4Cnq1A,,
Stay Strong Vinesh Phogat 🥺🥇 Olympics India-வுக்கு வரமா சாபமா?? 👍or👎 #shorts,Hn57SQ8YyL8,Razeen Rants,UCahQ1O9lOkT5kMM8hycZUFg,"vinesh phogat, vinesh phogat news, vinesh phogat disqualified, vinesh phogat wrestling, vinesh phogat match, vinesh phogat gold, vinesh phogat latest match, vinesh phogat olympics 2024, vinesh phogat latest news, vinesh phogat olympics, wrestler vinesh phogat, vinesh phogat disqualified from olympics, vinesh phogat retirement, vinesh phogat paris olympics, vinesh phogat disqualified in paris olympics, vinesh phogat retires, vinesh phogat wrestling in paris olympics 2024",Stay Strong Vinesh Phogat Olympics இந்தியாவுக்கு வரமா சாபமா?? or   #paris #paris2024 ...
🤩 What volunteers can do in Volunteer Center? | Paris 2024 🇫🇷,MpiTRWK1tc4,Fencing4You,UCR39z8FKa3e8RIbxesHczCQ,,"Reading books, playing basketball and so many other things!"
All LOVE for Katie Ledecky this morning 😍👏 #Paris2024 #Olympics,DXIaF8NB4SA,Eurosport,UClhp9g6TPiqCTOlcw0ROfNg,"Eurosport, Discovery, Snooker, Tennis, Olympics, Cycling, La Vuelta, Sport, Moto GP, World Super Bikes, Mountain Biking, Roger Federer, Novak Djokovic, Rafael Nadal, Carlos Alcarez, Serena Williams, Sepp Kuss, Remco Evenepoel, Jonas Vingegaard, Ronnie O'Sullivan, Warner Bros., Live Sport, Football, Youtube, Soccer, Álvaro Bautista, Valentino Rossi, Mark Cavendish, UAE, Emirates, Primož Roglič, Filippo Ganna, Ineos Grenadiers, UAE Team Emirates, Jumbo-Visma, Soudal-QuickStep, Nike, Adidas",Stream every moment of the Paris 2024 Olympics only on discovery+ in the UK News and coverage from the #1 sports ...
Alcaraz is in the Olympic Final! #Paris2024,IH5d496vek0,Eurosport Tennis,UCxyDulPLBU9WiiN43xTs5FQ,"Tennis, Olympics, Eurosport, Sport, Roger Federer, Novak Djokovic, Carlos Alcarez, Rafael Nadal, Andy Murray, Serena Williams, Venus Williams, Adidas, Nike, Australian Open, Roland Garros, French Open, Wimbledon, US Open, New Balance, Head, WTA, LTA, Davis Cup, Rod Laver, Billie Jean King, Andre Agassi, Pete Sampras, Ivan Lendl, Coco Gauff, Emma Raducanu, Maria Sharapova, Simona Halep, Casper Ruud, Cameron Norrie, Daniil Medvedev, Taylor Fritz, Dan Evans, Dominic Thiem",Stream every moment of the Paris 2024 Olympics only on discovery+ in the UK News and coverage from the #1 sports ...
Why Olympic Athletes Sleep On Cardboard Bed ? Paris 2024 Olympics #olympic,BAew9RJMxZ4,Let's Make Education Simple,UCNwcxhfBVDgwx9Lv3CBpu6A,"lmes, lems, lets make education simple, lets make engineering simple, olympics 2024, olympics, olympics 2024 india, science, cardboard beds olympics, sleep, science of the summer olympics, Paris 2024 Olympics, paris olympics 2024 live, sports science, sleeping arrangement, olympicstadium, olympic games paris 2024, sarabjot singh, sarabjot singh and manu bhaker, sarabjot singh shooter",Curious why Olympic athletes are sleeping on cardboard beds at the Paris 2024 Olympics? Find out the surprising reason behind ...
Italy Anthem - Paris 2024 Olympics (Unofficial Music) #italy #anthem #2024 #olympics #paris2024,X3J-zXWh--M,LoryMusic,UCp84MIXIUM5VburxubNaGkQ,,
How Clubs Stop Their Players Going To The Olympics | #premierleague #olympics,KPi55_ADWPA,The Athletic FC,UC6ZMmQaL9wZYo4iLw8n8xiA,"Tifo, tifo football, tifo irl, tifo in real life, football, soccer, football tactics, premier league, the athletic, the athletic fc, the athletic football podcast, football transfers, football news, soccer transfers, soccer news, manchester city, manchester united, arsenal, chelsea, tottenham, liverpool, sensible transfers, tifo sensible transfers, olympic football, olympic soccer, michael olise, kylian mbappe, argentina, canada, spain, egypt, thierry henry, euro 2024, copa america","Welcome to The Athletic FC's YouTube channel, where best-in-class journalism meets video. How do the Olympic Games differ ..."
PT 4 #Olympic #TeamNigeria is unmatched 😭 #parisolympics2024 #paris2024 #olympics #comedy #shorts,qbMR5l-6QrY,VISIONARY MEDIA,UCDJtKeDY6qwS94Ey8H32Jfw,"2024 olympics, 2024 paris olympics, paris olympics 2024, olympics 2024, olympics, olympics 2024 highlights, team nigeria, team nigeria basketball 2024, team nigeria 4x100 relay, simone biles olympics 2024, not like us, naija, naija tiktok, nigeria, nigeria news, nigerian, nigerian music, comedy, jokes, reels, viral, viral video, funny videos, nigerian comedy, fyp, for you, shorts, usa, dominican republic, brazil, south africa, 400m olympics 2024, 400m, track and field 2024 olympics",Team Nigeria vs. USA vs. The Dominican Republic vs. Brazil vs. South Africa in this face off as they battle it out for Gold in the ...
Paris Paralympics: All set for opening ceremony #paris2024 #olympics #paralympics #sumitantil,Lm-UeH4Glic,N1 Media Consultancy Private Limited,UCK4gVx5S4F-pm2MlLbEC22g,,
Water nightmare in the men’s hockey final 💦 #paris2024 #olympics,NO_jLEXGzlM,Eurosport,UClhp9g6TPiqCTOlcw0ROfNg,"Eurosport, Discovery, Snooker, Tennis, Olympics, Cycling, La Vuelta, Sport, Moto GP, World Super Bikes, Mountain Biking, Roger Federer, Novak Djokovic, Rafael Nadal, Carlos Alcarez, Serena Williams, Sepp Kuss, Remco Evenepoel, Jonas Vingegaard, Ronnie O'Sullivan, Warner Bros., Live Sport, Football, Youtube, Soccer, Álvaro Bautista, Valentino Rossi, Mark Cavendish, UAE, Emirates, Primož Roglič, Filippo Ganna, Ineos Grenadiers, UAE Team Emirates, Jumbo-Visma, Soudal-QuickStep, Nike, Adidas",Stream every moment of the Paris 2024 Olympics only on Max News and coverage from the #1 sports destination and the ...
🤭 Comment on dit remontada en japonais ? #Olympics #Paris2024 #Olympics2024 #riner #judo,F10WSpwAGjg,Eurosport France,UCozt5iXNqmhU1I7tcjJ0UFQ,"Eurosport, Jeux Olympiques, JO 2024, JO Paris, Jeux Olympiques Paris, JO paris 2024, Olympic games, Olympic Games 2024, Paris 2024, Olympic Games Paris, cérémonie ouverture paris 2024, jeux olympiques programme, jeux olympiques calendrier, calendrier JO, programme JO, JO diffusion TV, JO Max, JO France TV, JO direct, tableau médailles JO, paris 2024 programme",Abonnez-vous à notre chaîne https://bit.ly/3OetlmT Suivez les meilleurs événements sur Eurosport via la plateforme de ...
KOREAANSE BOOGSCHUTTER pakt GOUD? 🏹🥇 #korea #paris2024 #shorts #olympics #baileyfreestyle #archery,An29JHAEmTQ,Bailey de Regt,UCsm0-07ZjdQS7IhPZvBTerQ,,
Paris 2024 Olympic and Paralympic Games First Anthem,NE-JR95XzKc,Alejandro Sandoval,UC8cmaciCbqrOWG19ue9X6og,"Paris 2024, Paris 2024 Olympic Games, Paris 2024 Paralympic Games, 2024 Summer Olympics, 2024 Summer Paralympics, Paris 2024 Official Theme, Paris 2024 Official Theme Song, Paris 2024 Official Anthem, Woodkid, Prologue, Woodkid Prologue, Paris 2024 Olympics Theme, Paris 2024 Paralympics Theme, París 2024 Theme, Paris 2024 Song, Paris 2024 Theme Song, Paris 2024 Anthem","The first anthem for the Paris 2024 Olympic and Paralympic Games, as featured during the Tokyo 2020 Closing Ceremonies."
Welcome to the Merlympics! 🏅 #Paris2024 #Olympics #shorts | Mermaid Magic,pLPiTO-Sr20,Mermaid Magic,UCTil5w82CDH6HRmkjcPbsZw,"Merlinda, Mermaid Magic, Mermaid Magic Official, Mertropia, Nerissa, Netflix, Rainbow, Sasha, Winx Club, amazing people, amazing video, beach, dolphins, fairy tails, fin fun, for girls, mermaid love, mermaid story, mermaid tail, under the sea, underwater","Hi Merfriends, welcome to the Merlympics. It's like the Olympics, but on Mertropia. We assure you it will be fun! Get ready for a ..."
Can Fred Kerley ‘22 100m World Champ (9.76) win the #Paris2024 #Olympics? #athletics #trackandfield,nurKlFwWvS8,Alex Andrei,UCaP3t7xb_b9Ofp8tXBKqIFw,,
and he won 💀#olympics #paris2024 #run,iIFjh7TzCe0,Cxattanature,UCwgnG430UQD7QUD_SKZiWqA,,
Road to Paris Olympics - Harmilan Bains,mHGXrtlAvUg,Sportskeeda India,UCHNbnZ5LE36rYv1sy6teodA,"India Cricket, Sportskeeda, Cricket, Indian Sports, Indian Premier League, Sports content, Match Preview, Fantasy Sports, Fantasy Cricket",Sportskeeda is proud to support India's Women's 1500m National Record Holder Harmilan Bains for her road to the Paris 2024 ...
🔥 PARIS 2024: Olympic Flame Lighting Ceremony • FRANCE 24 English • FRANCE 24 English,dekTghzJoEM,FRANCE 24 English,UCQfwfsi5VrQ8yKZ-UWmAEFg,"Direct, Estanguet, F24, FRANCE 24, Flame, Flame Lighting Ceremony, France, France 24, France 24 english, Greece, Hidalgo, IOC, JO, JO Paris 2024, Latest, Live, Manaudou, Marseille, News, Olympia, Olympia Greece, Olympic Flame, Olympic Flame Ceremony, Olympic Games, Olympics, PARIS 2024 OLYMPIC FLAME LIGHTING CEREMONY, Paris, Paris 2024, Replay, Sport, Sport Live, Sports, The lighting of the Olympic flame, france 24, international, top stories, tv, world","Paris 2024 Olympic Games: Join us for LIVE coverage on @FRANCE24 of the Flame Lighting Ceremony from Olympia, Greece ..."
4th at the Olympics 💔 #Paris2024 #Olympics,DCNo-7EOpOE,Eurosport,UClhp9g6TPiqCTOlcw0ROfNg,"Eurosport, Discovery, Snooker, Tennis, Olympics, Cycling, La Vuelta, Sport, Moto GP, World Super Bikes, Mountain Biking, Roger Federer, Novak Djokovic, Rafael Nadal, Carlos Alcarez, Serena Williams, Sepp Kuss, Remco Evenepoel, Jonas Vingegaard, Ronnie O'Sullivan, Warner Bros., Live Sport, Football, Youtube, Soccer, Álvaro Bautista, Valentino Rossi, Mark Cavendish, UAE, Emirates, Primož Roglič, Filippo Ganna, Ineos Grenadiers, UAE Team Emirates, Jumbo-Visma, Soudal-QuickStep, Nike, Adidas",Stream every moment of the Paris 2024 Olympics only on discovery+ in the UK News and coverage from the #1 sports ...
The Olympic Journey of Pearly-Thinaah,mRKiMvqcGug,aaronjustrandom,UCI8u0O81LJ2wHW2Vv4RooHw,"PearlyTan, MThinaah, Paris2024, Olympics, Inspiration, SportsJourney, BronzeMedal, Determination, Resilience, OlympicHeroes",Witness the inspiring journey of Pearly Tan and M. Thinaah at the 2024 Paris Olympics! This video chronicles their historic run to ...
Indian athletes received AC units from the Indian sports ministry. #Olympics #Paris2024,fqEK6yKtG7c,Brut India,UCCgQaXjsJ6EdFPZeTFQoSyw,"News videos India, Indian news, Young Indians, Indian youtuber, India content, Interesting videos India, Latest India, Viral india, brut videos","Brut India is the fastest-growing digital video publisher in the country. We're a young, independent platform producing compelling ..."
Jack Laugher and Anthony Harding  Paris 2024 Olympics medal winners diver,ccUb_pFiW7M,Régis Alexandre,UCxmoHzSJL67-BGIHdaeRYKg,atletas olímpicos,Sport Jack Laugher es un clavadista británico que ha destacado en competencias como los Juegos Olímpicos y el Campeonato ...
Paris Paralympics: All set for opening ceremony #paris2024 #olympics #paralympics #sumitantil,Lm-UeH4Glic,N1 Media Consultancy Private Limited,UCK4gVx5S4F-pm2MlLbEC22g,,
51-Year-Old Yusuf Dikec Goes Viral At Olympics Games For How He Won A Silver Medal 🥈,1IuWfr9gq0Q,Metro Sport,UCs2EQK8YesrLxoMZh6Tw15w,"yusuf dikec, dikec, air shooting, olympics, olympians, paris olympics, paris 2024, sports news, olympic spirit, olympics news, kim yeji, main character, 1000 aura, sports aura, aura, aura trend, turkey, metro sport, metro",Not all heroes wear capes 51-year-old Yusuf Dikec has taken the world by storm after nonchalantly winning a silver medal in ...
"Russian, Belarussian athletes could compete at Paris 2024 Olympics",c5pWCjRzA3s,CBC News: The National,UCKjU3KzdbJE1EFcHVqXC3_g,"News, CBC News, The National, CBC The National, Canada News, russian athletes olympics, belarussian athletes olympics, russia invades ukraine, russia ukraine invasion, russia ukraine war, russia athletes, belarus athletes, russia athletes olympics, belarus athletes olympics, russia belarus olympics, russia belarus athletes olympics, paris 2024, paris 2024 olympics, paris summer olympics, paris 2024 summer olympics, Briar Stewart, CBC",The International Olympic Community has announced that Russian and Belarussian athletes could be allowed to compete at the ...
Olympic Gymnastic Uniforms Review #fashion #olympics #gymnastics,AhXrsFGnsKM,HauteLeMode,UCoEj4uRzynPXEEegNqMnJVw,,
😂😂😂#paris2024 #olympics #memes #gymnastics #betterlucknexttime #therock #teamusa #summerolympics,qeaGhwLvrhg,Radiantly Rhea,UCdHvz6y3B7wSMRqLNbrW9zg,,
🤺 Déjà l&#39;une des images fortes avec Auriane Mallo-Breton #Olympics #Paris2024 #Olympics2024,fiBW-UnMN3M,Eurosport France,UCozt5iXNqmhU1I7tcjJ0UFQ,"Eurosport, Jeux Olympiques, JO 2024, JO Paris, Jeux Olympiques Paris, JO paris 2024, Olympic games, Olympic Games 2024, Paris 2024, Olympic Games Paris, cérémonie ouverture paris 2024, jeux olympiques programme, jeux olympiques calendrier, calendrier JO, programme JO, JO diffusion TV, JO Max, JO France TV, JO direct, tableau médailles JO, paris 2024 programme",Abonnez-vous à notre chaîne https://bit.ly/3OetlmT Suivez les meilleurs événements sur Eurosport via la plateforme de ...
OLYMPICS PARIS 2024 #olympics #paris2024 #shots #shotsvideo,U-8D1ig2nkc,primo nero,UCksVdmlGtNo1U963RfEGQrQ,,
"@paris2024, sarà FORMIDABILE! 🔥#Taekwondo #Olympics #ItaliaTeam #paris2024 #itatkd",rXQd2OR-k_g,Fita Taekwondo,UC3DgSSQNJTd-M6nmo2H9PUw,,
Snoopdogg trying to dance before Olympics Paris 2024/ subscribe #shorts #rap #hiphop #music #virals,r3_eDHVzaUE,STAR WORLD TV,UCK8BebM9i1rjifBcZROCHoA,,
Top Controversies of Paris Olympics 2024!!! #informative #olympics,u0hUxBormps,Prabhjot Speaks,UCHvKJ6u9t9weize9wSSwbBQ,"Olympics, Paris olympics, Paris olympics 2024, Olympics 2024, Paris","Despite spending 8 billion dollars, the Paris Olympics have been filled with controversies. The first controversy involves wrestler ..."
All LOVE for Katie Ledecky this morning 😍👏 #Paris2024 #Olympics,DXIaF8NB4SA,Eurosport,UClhp9g6TPiqCTOlcw0ROfNg,"Eurosport, Discovery, Snooker, Tennis, Olympics, Cycling, La Vuelta, Sport, Moto GP, World Super Bikes, Mountain Biking, Roger Federer, Novak Djokovic, Rafael Nadal, Carlos Alcarez, Serena Williams, Sepp Kuss, Remco Evenepoel, Jonas Vingegaard, Ronnie O'Sullivan, Warner Bros., Live Sport, Football, Youtube, Soccer, Álvaro Bautista, Valentino Rossi, Mark Cavendish, UAE, Emirates, Primož Roglič, Filippo Ganna, Ineos Grenadiers, UAE Team Emirates, Jumbo-Visma, Soudal-QuickStep, Nike, Adidas",Stream every moment of the Paris 2024 Olympics only on discovery+ in the UK News and coverage from the #1 sports ...
Why Olympic Athletes Sleep On Cardboard Bed ? Paris 2024 Olympics #olympic,BAew9RJMxZ4,Let's Make Education Simple,UCNwcxhfBVDgwx9Lv3CBpu6A,"lmes, lems, lets make education simple, lets make engineering simple, olympics 2024, olympics, olympics 2024 india, science, cardboard beds olympics, sleep, science of the summer olympics, Paris 2024 Olympics, paris olympics 2024 live, sports science, sleeping arrangement, olympicstadium, olympic games paris 2024, sarabjot singh, sarabjot singh and manu bhaker, sarabjot singh shooter",Curious why Olympic athletes are sleeping on cardboard beds at the Paris 2024 Olympics? Find out the surprising reason behind ...
Snoop Dogg Lights Up #Paris2024 with the Olympic Torch! 🔥,kILKa3EBQMk,Nihon News Blitz,UCHfnOGaOcJVU2vJg12mursw,"snopp dog to light the olympics torch, olympics games, olympics, olympics opening, snoopy dogg, american musicians, hollywood, sensual seduction snoop dogg, old school hip hop, dr dre, snoop dogg i'm gonna take my time, snoop dogg, sensual sensual snoop dogg, snoop, snoop dogg olympic, tokyo olympics, nbc olympics, snoop dogg olympics, kendrick lamar not like us, kevin hart snoop dogg olympics full, kevin hart snoop dogg olympics, paris olympics 2024, paris, venues, stadiums","Snoop Dogg Lights Up #Paris2024 with the Olympic Torch! The stars are out for #Paris2024, and Snoop Dogg is stealing the ..."
Paris Olympics 2024  Hidden Messages and Controversies Unveiled #olympics #paris2024 #LGBT #france,6I4Ic0HzvEw,Mysteries of the world,UC_O6FswEZX4SRU2bKjaUK8g,,SUBSCRIBE THE CHANNEL.
Paris Games end as Tom Cruise accepts Olympic mission for LA | REUTERS,Yfq9PjwSt64,Reuters,UChqUTb7kYRX8-EiaN3XFrSQ,"reuters, news, world news today, breaking news, news today, reuters youtube, markets today, streaming, live news, latest news, headlines today, world news, news today usa, reuters news, headlines, world, regional, sports, entertainment","Tom Cruise rappelled from the roof of the Stade de France and received the Olympic flag, bringing a dose of Hollywood to the ..."
PT 4 #Olympic #TeamNigeria is unmatched 😭 #parisolympics2024 #paris2024 #olympics #comedy #shorts,qbMR5l-6QrY,VISIONARY MEDIA,UCDJtKeDY6qwS94Ey8H32Jfw,"2024 olympics, 2024 paris olympics, paris olympics 2024, olympics 2024, olympics, olympics 2024 highlights, team nigeria, team nigeria basketball 2024, team nigeria 4x100 relay, simone biles olympics 2024, not like us, naija, naija tiktok, nigeria, nigeria news, nigerian, nigerian music, comedy, jokes, reels, viral, viral video, funny videos, nigerian comedy, fyp, for you, shorts, usa, dominican republic, brazil, south africa, 400m olympics 2024, 400m, track and field 2024 olympics",Team Nigeria vs. USA vs. The Dominican Republic vs. Brazil vs. South Africa in this face off as they battle it out for Gold in the ...
sia mai che le chiamiamo per nome! #paris2024 #olympics,p5kgsSk0Jxg,Edoardo Zaggia,UCvNZ-2gS6ehvyycs5TwSDRg,,
and he won 💀#olympics #paris2024 #run,iIFjh7TzCe0,Cxattanature,UCwgnG430UQD7QUD_SKZiWqA,,
KOREAANSE BOOGSCHUTTER pakt GOUD? 🏹🥇 #korea #paris2024 #shorts #olympics #baileyfreestyle #archery,An29JHAEmTQ,Bailey de Regt,UCsm0-07ZjdQS7IhPZvBTerQ,,
Water nightmare in the men’s hockey final 💦 #paris2024 #olympics,NO_jLEXGzlM,Eurosport,UClhp9g6TPiqCTOlcw0ROfNg,"Eurosport, Discovery, Snooker, Tennis, Olympics, Cycling, La Vuelta, Sport, Moto GP, World Super Bikes, Mountain Biking, Roger Federer, Novak Djokovic, Rafael Nadal, Carlos Alcarez, Serena Williams, Sepp Kuss, Remco Evenepoel, Jonas Vingegaard, Ronnie O'Sullivan, Warner Bros., Live Sport, Football, Youtube, Soccer, Álvaro Bautista, Valentino Rossi, Mark Cavendish, UAE, Emirates, Primož Roglič, Filippo Ganna, Ineos Grenadiers, UAE Team Emirates, Jumbo-Visma, Soudal-QuickStep, Nike, Adidas",Stream every moment of the Paris 2024 Olympics only on Max News and coverage from the #1 sports destination and the ...
Kishane Thompson Paris 2024 - The New Jamaican Arrow #Sprinter #trackandfield #animesports #Olympics,MbZiYfJMf5g,Olympic Shorts Stories,UCdqDYvghDRVXPkktf6IoLQw,"World Championships, 100 meters sprint, 60 meters world record, Wanda Diamond League, Sprint, Speed, USA, Tokyo 2020, Indoor Athletics, Paris 2024, World Athletics, Eurosport, BBC Sport, Olympic Channel, gold, Athletics news, Letsile Tebogo, Ferdinand Omanyala, Marcell Jacobs, Fred Kerley, olympicathlete, summerolympics, #olympicrecord, erryion knighton, noah lyles, #FredKerley, #Tokyo2020, sports anime, sports, kishane thompson, thompson, athletics jamaica, athletics, anime sports",Olympic Shorts Stories Channel links: https://www.youtube.com/channel/UCdqDYvghDRVXPkktf6IoLQw Impressive what Kishane ...
Paris 2024 Assassin&#39;s Creed is real! Olympics Opening ceremony #olympics #paris2024 #assassinscreed,ofxfGdLooeM,Lorenza Vellucci,UCFflP9Z17bbRCDYaa7kfE-Q,,
Paris 2024 Olympic and Paralympic Games First Anthem,NE-JR95XzKc,Alejandro Sandoval,UC8cmaciCbqrOWG19ue9X6og,"Paris 2024, Paris 2024 Olympic Games, Paris 2024 Paralympic Games, 2024 Summer Olympics, 2024 Summer Paralympics, Paris 2024 Official Theme, Paris 2024 Official Theme Song, Paris 2024 Official Anthem, Woodkid, Prologue, Woodkid Prologue, Paris 2024 Olympics Theme, Paris 2024 Paralympics Theme, París 2024 Theme, Paris 2024 Song, Paris 2024 Theme Song, Paris 2024 Anthem","The first anthem for the Paris 2024 Olympic and Paralympic Games, as featured during the Tokyo 2020 Closing Ceremonies."
4th at the Olympics 💔 #Paris2024 #Olympics,DCNo-7EOpOE,Eurosport,UClhp9g6TPiqCTOlcw0ROfNg,"Eurosport, Discovery, Snooker, Tennis, Olympics, Cycling, La Vuelta, Sport, Moto GP, World Super Bikes, Mountain Biking, Roger Federer, Novak Djokovic, Rafael Nadal, Carlos Alcarez, Serena Williams, Sepp Kuss, Remco Evenepoel, Jonas Vingegaard, Ronnie O'Sullivan, Warner Bros., Live Sport, Football, Youtube, Soccer, Álvaro Bautista, Valentino Rossi, Mark Cavendish, UAE, Emirates, Primož Roglič, Filippo Ganna, Ineos Grenadiers, UAE Team Emirates, Jumbo-Visma, Soudal-QuickStep, Nike, Adidas",Stream every moment of the Paris 2024 Olympics only on discovery+ in the UK News and coverage from the #1 sports ...
Rating OLYMPIC opening ceremony uniforms 😨 #olympics #outfit,N8LGY0pNoUo,Kalitaku,UCm1ZTUqOcExrVRHvmZBVwuw,,
Paris 2024 Olympics Games: Organizers criticized following first ticket sale round • FRANCE 24,WUwCplimmpg,FRANCE 24 English,UCQfwfsi5VrQ8yKZ-UWmAEFg,"2024, France, Olympics, PAris, Tickets, games, olympics, sports",Fans have taken to social media to vent their anger over the cost of seats. #Olympics #Paris #France Subscribe to France 24 ...
Algerian Boxer Imane Khelif at the centre of an Olympics controversy,5yArVCGoCr8,SBS News,UCuuTCooIMbBFHNbPcSS70uw,,"Algerian boxer Imane Khelif's recent victory has been engulfed by questions over her eligibility to compete at the Paris Olympics, ..."
How many medals does your country have? #olympics #paris2024 #flags,-E2dgKEJri4,mappergraph,UC5YTHAjhxUAVD-YNVdFk_5Q,,
Yuzuru Hanyu Breaks Olympic Record - Full Short Program | #Sochi365,Bk6qrBrqAqo,Olympics,UCTl3QQTvqHFjurroKxexy2Q,"Olympic games, olympics, IOC, London 2012, Rio 2016, Sochi 2014, Sport, Gold, Champion, Yuzuru Hanyu, Hanyu, yuzuru hanyu sochi 2014 short program, yuzuru hanyu 2014, Sochi Olympics, Figure Skating, Olympic Figure Skating, Figure Skating 2014, Patrick Chan, Denis Ten, Japan, Short Program, Olympic Record, New Record, 101.45, yuzuru hanyu gold, figure skating olympics 2014, performance, Parisian Walkways, Gary Moore, Triple Axel, hanyu yuzuru, Japan Figure Skating, World record",Re-live ALL the incredible #Paris2024 action ➡️ https://go.olympics.com/watch 13th February 2014 Japan's Yuzuru Hanyu set a ...
2024 Olympic contestants 💀,40y16Ej8ziI,HRB,UCdfAHRRzY9eLNb_FLsP0sag,,Experience the thrill of the world's greatest athletes competing for gold! From breathtaking gymnastics routines to nail-biting ...
FRANCE 24 English – LIVE – International Breaking News &amp; Top stories - 24/7 stream,Ap-UM1O9RBU,FRANCE 24 English,UCQfwfsi5VrQ8yKZ-UWmAEFg,"France 24, France 24 live, F24, news, Latest, France24, Paris, France, breaking, LiveF24, F24Live, english, anglais, direct, headlines, top stories, international, world, business, report, interviews, politics, live, CNN, euronews, euro news, abc news, abcnews, cbsn, fox news, cna, channel news asia, MSNBC, NBCNews, NBC News, BBC, BBC News, Al Jazeera, Al Arabiya, AJE, AJ Plus, i24news, i24 news, inews24, DW news, DW english, Africa, Europe, USA, RT, Russia Today, US, EU, Brexit, Sky News, tv, live tv, streaming","Watch FRANCE 24 live in English on YouTube for free: all the latest International News broadcasted from Paris, France."
"Başarı, elleriniz cebinizdeyken gelmez... #yusufdikec #olympics #paris2024 #olympics2024 #airsoft",QNOubZJ2cps,harb.airsoft,UCnF8fdFHJeA3Mcma9kQzISA,,
CELEBRIAMO LE MEDAGLIE DEI NOSTRI NUOTATORI A PARIGI 2024! #Olympics #Paris2024 #Sports #primevideo,3HNcsTFSqvw,Film for Family,UCTdQk6zGy7Y9QAYZAb58lmQ,,"""Un giovane nuotatore, un delfino smarrito e una vacanza che cambia tutto. Guarda la trasformazione di Luke e la magia di ..."
The Olympic champion avoids a slip on the steps before spending time with fans 🤝 #paris2024,eB6tBIBZNr8,Eurosport,UClhp9g6TPiqCTOlcw0ROfNg,"Eurosport, Discovery, Snooker, Tennis, Olympics, Cycling, La Vuelta, Sport, Moto GP, World Super Bikes, Mountain Biking, Roger Federer, Novak Djokovic, Rafael Nadal, Carlos Alcarez, Serena Williams, Sepp Kuss, Remco Evenepoel, Jonas Vingegaard, Ronnie O'Sullivan, Warner Bros., Live Sport, Football, Youtube, Soccer, Álvaro Bautista, Valentino Rossi, Mark Cavendish, UAE, Emirates, Primož Roglič, Filippo Ganna, Ineos Grenadiers, UAE Team Emirates, Jumbo-Visma, Soudal-QuickStep, Nike, Adidas",Stream every moment of the Paris 2024 Olympics only on discovery+ in the UK News and coverage from the #1 sports ...
Paralympics Starts Now! Paris Olympics to Paralympics. #Paralympics #tamilnews #paris2024 #olympics,6ElaTckZ_pk,Amiable Antony ,UCdCrOxwzwiMfG6IV9IvMWeA,,
turky west #cricket #ipl #cricketlover #rcb #silvermedal #paris2024 #olympics #turkey #motivation,dyjixKUKb5U,☠️Benny32☠️,UCtm6owUdKNENv7qKG2N4AIA,,
Tthe floating Olympic Village for surfing offers spacious cabins and stunning views.,GAshVyJHTRM,HKeye,UCWNP8jybJQ0132hEHTdJfRQ,,Luxury #Comfort #cruise #fancy #Paris2024 #olympics.
"Lazy Olympics, Wearing Makeup, Hair Issues | #shorts",30MdjTGp83w,Zarna Garg,UC5Gb9pWYSfcpEdTb6vf9Dbg,,They can run and jump but do they know PEMDAS #paris2024 #olympics.
#zehragunes #volleyball #tall #beautiful #paris2024 #olympics #model #viral #fyp,LcsKSWP7qYQ,Uliya Gerasymova 💎,UCdVy6yrMqOZx-Ow_zfrbCig,,
Weightlifting  - Minecraft Olympics  #weightlifting #minecraftolympics  #paris2024,2acrUeH9uBE,Mine-R,UC-8PihacGQL4w7I8lHmAbaA,"minecraft, minecraft shorts, minecraft mod, minecraft memes, minecraft tiktok, minecraft funny, minecraft facts, minecraft manhunt, minecraft speedrun, minecraft challenge, minecraft meme shorts, minecraft speedrunner, minecraft but challenge, shorts minecraft, beating minecraft, camman18 minecraft, funny minecraft shorts, minecraft 1.19, minecraft seed, minecraft but you, minecraft rarest, types of minecraft, minecraft inspired images, mine-r, minecraft olympics, olympics",olympics2024 #olympicgames #olympics #weightlifting #minecraftshorts #minecraftmemes #miner.
Neeraj Chopra won  Silverl Paris Olympics|2024|#parisolympics2024 #olympics #india #javelinthrow,WZ12iWB1yts,RAHUL’S TERRITORY,UCbsvew4ahyWdes4c9GwiuMQ,,parisolympics2024 #paris #paris2024 #olympics #india #javelinthrow #silver #silvermedalist #indian #javelinthrow ...
Menebang pohon pisang sekali tebas #shorts #pohonpisang #trending #paris2024 #olympics #malaysia,vxa_4Qs2xYE,Hari partner YouTube ,UCv9CRqmhs7RdQqmHIpDOY6g,,
GERMANY NT-PIN DOWN INTO CHIN  #basketball #olympics #germany #fiba #paris2024,JawcsmpJkkg,Ciro Abete,UCWmbIS0anZqrtj9HHvbmC6w,,Letture ed esecuzioni dell'attacco della Germania in situazioni di Chin.
#fypシ゚viral #reels #olympics #paris2024 #edit #by  azzurrxedit,Qrrb-c9lFWE,Sas Lol,UC6dQg10tiKUm9BMgH0N8xfQ,,
La torre olimpica❤️‍🔥#paris2024 #olympics #toureiffel #eiffeltower #seineriver #jeuxolympiques2024,znN63jf837Y,DiLadyStyle,UCCd1h779U2PItafffEPS13g,"Olimpiadi di Parigi 2024, Олимпийские игры, The 2024 summer Olympics paris, Jeux Olympiques de Paris 2024, tour eiffel paris 2024, Olympics rings",
Olympic Cauldron is lit for London 2012,Ei54TO1VBlM,Olympics,UCTl3QQTvqHFjurroKxexy2Q,"IOC, Olympics, London 2012, Games, Sport, Athletics, Track, Field, 2012, Rio, 2016, Brazil, Team GB, USA, China, Russia, France, Olympic, Olympic Stadium, History, Beijing, Athens, Sydney, Jamaica, cauldron, torch, light, lighting, lit, flame, thomas heatherwick, danny boyle, design, petals, fire, Olympic Flame, sir steve redgrave, 30th olympiad, bell, daley thompson, copper, fireworks, opening ceremony, spectacular, music, for, Burn",Re-live ALL the incredible #Paris2024 action ➡️ https://go.olympics.com/watch Subscribe to @olympics: ...
#Céline #Dion | L’Hymne à l’amour (Himno al amor) | #Inauguración #Juegos #Olímpicos de #París 2024,_ja_NcvVULI,Hugo Ortuño Photography,UCDhmbRI6Ks-qcsBL5NhfI1A,,Un momento épico para la historia de la música y el deporte! La cantante canadiense Céline Dion llegó con un elegante ...
😆Découvrez le sosie nigérian de Lacazette #olympics #olympicgames #paris2024,KmCqgcEtEO0,Eurosport France,UCozt5iXNqmhU1I7tcjJ0UFQ,"Eurosport, Jeux Olympiques, JO 2024, JO Paris, Jeux Olympiques Paris, JO paris 2024, Olympic games, Olympic Games 2024, Paris 2024, Olympic Games Paris, cérémonie ouverture paris 2024, jeux olympiques programme, jeux olympiques calendrier, calendrier JO, programme JO, JO diffusion TV, JO Max, JO France TV, JO direct, tableau médailles JO, paris 2024 programme",Abonnez-vous à notre chaîne https://bit.ly/3OetlmT Suivez les meilleurs événements sur Eurosport via la plateforme de ...
Parigi 2024 Rugby 7s #rugby #youtuberugby #paris2024 #holaburdel #olympics,d06XyjgWNNs,Rugby Zed10 🏉,UCFYR8CmhwGAMZvnj9aJigOQ,,
Olympic Torches From 1996 to 2020!,S8N_jsAeJss,FPJ jr,UCuuKHqfmS8DmTjxum-NMy4w,"Atlanta, 1996, Sydney 2000, Athens 2004, Beijing 2008, London 2012, Rio 2016, Tokyo 2020, Olympics, Paris 2024, Manual To Japan, Inazawa, Aichi, Japan",How cool is Inazawa City Hall? They have the olympic toarches from the past Summer Olympics! Visit my blog ...
&#39;Windstorm 2 - Contro Ogni Regola&#39;.#windstorm #PrimeVideo#Olympics#Paris2024 #Sports,mRUe7uH_LG0,Film for Family,UCTdQk6zGy7Y9QAYZAb58lmQ,,"Mika è di nuovo in sella al suo fidato Windstorm in 'Windstorm 2 - Contro Ogni Regola'. L'estate, un torneo per salvare la tenuta ..."
Paris Olympics:Manu Bhakar Scripts Multiple Records By Winning Bronze In Mixed 10M Air Pistol.#paris,ca0ohPsuTEw,Madhushri Reflection 🫀,UCCR3R_HXXWCkU4yiZZUKPEA,"paris, Paris Olympic, manu bhakar, sarbjot singh, #paris, #Paris Olympic 2024, #paris2024, #Olympic",Paris Olympics:Manu Bhakar Scripts Multiple Records By Winning Bronze In Mixed 10M Air Pistol.#paris I Feel Really Proud': ...
This Is What Happened After Simone Biles Left The Olympics... 😢 #olympics,aP2OeMM1Ywk,Life Stories Shorts,UCS_cU6T13rpqMipV5ucIq4w,"Shorts By Goalcast, Goalcast, shorts, motivational, motivational video, motivational speech, best motivational speech, powerful motivational video, celebrity, celebrity stories, life stories by goalcast, Simone Biles, Simone Biles Olympics, Simone Biles Rio Olympics, Simone Biles Tokyo Olympics, Simone Biles Paris Olympics, Gymnastics, Olympic Gymnastics","In today's video, we're exploring the deeply emotional moment when Simone Biles made the difficult decision to leave the Tokyo ..."
Hope In Paris Olympics PV Sindhu win Gold medal 🏅 for India 🇮🇳 #pvsindhu #olympicmedal #paris2024,i6kG_XDYuGc,SPORTS APNA ,UC7tZ0jb_PZhH0-W1DMFaTLA,,
🚨🤩INDIA to host 2036 Olympics భారత్ లో Olympics నిర్వహించడం కరెక్ట్ అంటార? #shorts #viral #trending,u4PeJU7vtuM,LiyaFacts Telugu,UChp_H4FJqzb0AyLbVCiw4Ww,"telugu, తెలుగు, liya facts telugu, liya facts, telugu facts, telugu vlogs, anjithasworld, vr raja fact, food video, facts in telugu, osm dhruva, olympics, 2036 olympics in india, paris olympics 2024, paris olympics 2024 highlights, india at 2024 olympics, neeraj chopra olympics, Manu Bhaker, manu bhaker and neeraj chopra, why india failed in olympics 2024, shorts, short videos, aha subscription, telugu new song, telugu hit songs, india in olympics, olympics in india, liya, facts",https://www.instagram.com/__liyafacts__?igsh=MWFsNGZ1MmI5azJraQ== Disclaimer I am not owner of any content which I used ...
France v USA | Men&#39;s Olympic Basketball Tournament Paris 2024 | Watch Along ⚡🏀,rk6zNSp7CWg,FIBA - The Basketball Channel,UCtInrnU3QbWqFGsdKT1GZtg,"10.08.2024, 10/08/2024, FIBA, FRA, FRA v USA 10.08.2024, France, France (FRA), Paris 2024 Men's Olympic Basketball Tournament, Paris 2024 Men's Olympic Basketball Tournament 2024, USA, USA (USA), basketball live stream, live, livestream, Watch Party",Welcome to another FIBA Watch Along! Join us throughout the Olympics as our team of hosts will be by your side to watch every ...
MOROCCAN AURA 🥉 #football #edit #morocco #paris2024 #Olympics,CttmGOk20dA,SohaibQuelloVero,UCxKmYu1R_Efqs3B7OxCQtIg,,
Olympics 2024 Top Footballers | Football at Paris Olympics 2024 | Premier League Stars #olympics#epl,pHBUi_OaSms,Football Love,UCe1s2ixHZu0VYMgowaCsuGA,"Olympics, Olympics 2024, Olympics 2024 football, Olympics 2024 Football Schedule, Olympics 2024 Football Fixtures, Olympics 2024 Football Match Schedule, Football at Olympics 2024, Paris Olympics 2024 Football, Olympics Paris 2024 Football, France vs USA, Argentina vs Morocco Olympics 2024, Spain vs Uzbekistan Fixtures Olympics 2024, Uzbekistan vs spain 2024 Olympics, Paris Olympics football schedule, Japan vs Paraguay Olympics 2024, Olympics 2024 Football Star Players, Henry, Paris",OLYMPICS FIXTURES TODAY - Olympics 2024 Top Footballers | Top Footballers at Paris Olympics 2024 | Olympics 2024 ...
World Athletics Relays Bahamas 24: Mondo is Official Supplier #athletics #trackandfield #olympics,hYrl_1JWY5w,Mondo SportFlooring,UC7NfHxsN1-zUen6HOaOwEBA,,"""Chase the sun"": not only the slogan of the World Athletics Relays Bahamas 24 but also an invitation to achieve excellence in view ..."
FIGHT GIRL - Il riscatto di Bo #Olympics#Paris2024 #Sports #MoreThanSport#boxe#PrimeVideo,YpDSqlB1Ia8,Film for Family,UCTdQk6zGy7Y9QAYZAb58lmQ,,"""Dalla periferia al ring, Bo trova la sua forza interiore attraverso la kickboxing. Un film che unisce cuore e muscoli, proprio come ..."
ALBANO &amp; SNOOP pronti..! 🥇❤️ #olympicsgames #paris2024 #olympics #snoopdogg #albanocarrisi #viral,g28mYT_nT-U,ZONNO CACUDI SHOW,UCmayvetmbMkLbdEiyOgrQbg,,
Cleaning The DIRTIEST Olympic Silver Medal Ever!,wZ3yWbv-qVE,Cleaning The Dirtiest,UClNwztERQAfHAb9zKWuelAg,"Cleaning, cleaning motivation, asmr cleaning, cleaning video, asmr deep cleaning, asmr cleaning video, deep cleaning, asmr cleaning no talking, cleaning the dirtiest, satisfying cleaning video, satisfying cleaning, cleaning asmr, Dirty Olympic medal, Olympics 2024, Olympic games, Olympic 2024, olympic games 2024, olympic games, paris olympics, olympic medal ceremony, olympic medal, olympic medal cleaning, silver medal, cleaning the dirtiest silver medal, olympics",Watch me find and clean one of the world's most precious possessions: a real Olympic Silver Medal! Can I bring it back to its ...
Saina Nehwal | Badminton | Paris Olympic 2024 | #podcast #shorts. @shubhankarmishraofficial,dPdY2RabuJo,Podcast Shorts,UCErqHTbMF4DTeGzMWcldHTA,"podcast, podcasts, indian podcast, ranveer allahbadia podcast, ranveer allahbadia, raj shamani, raj shamani podcast, trs clips hindi, realtalk clips, bharti tv, realhit, realhit podcast, shubhankar sharma, shubhankar sharma podcast, indian best podcast, khan sir podcast, best podcast channel, king kohli podcast, hitman podcast, dhoni podcast, virat kohli podcast, rohit sharma podcast, sainanehwal, parisolympics2024, jaspritbumrah, Cheer4Bharat, Silver, PrSrijesh, NeerajChopra, Hockey",sainanehwal #parisolympics2024 #jaspritbumrah #Cheer4Bharat #Silver #HockeyIndia #PrSrijesh #ArshadNadeem ...
